   Compiling proc-macro2 v1.0.107
   Compiling unicode-ident v1.0.26
   Compiling quote v1.0.47
   Compiling libc v0.2.190
   Compiling find-msvc-tools v0.1.14
   Compiling shlex v2.0.1
   Compiling pkg-config v0.3.34
   Compiling stable_deref_trait v1.2.1
   Compiling itoa v1.0.18
   Compiling dunce v1.0.5
   Compiling pin-project-lite v0.2.17
   Compiling fs_extra v1.3.0
   Compiling bytes v1.12.1
   Compiling futures-core v0.3.34
   Compiling bitflags v2.13.2
   Compiling serde_core v1.0.229
   Compiling memchr v2.8.3
   Compiling typenum v1.20.1
   Compiling serde v1.0.229
   Compiling once_cell v1.21.4
   Compiling smallvec v1.16.2
   Compiling writeable v0.6.4
   Compiling aws-lc-rs v1.18.1
   Compiling cfg-if v1.0.5
   Compiling litemap v0.8.3
   Compiling zmij v1.0.23
   Compiling syn v3.0.6
   Compiling syn v2.0.119
   Compiling jobserver v0.1.35
   Compiling socket2 v0.6.5
   Compiling mio v1.2.4
   Compiling fnv v1.0.7
   Compiling icu_normalizer_data v2.3.0
   Compiling cc v1.6.0
   Compiling ident_case v1.0.1
   Compiling strsim v0.11.1
   Compiling icu_properties_data v2.3.0
   Compiling cmake v0.1.58
   Compiling zeroize v1.9.0
   Compiling utf8_iter v1.0.4
   Compiling aws-lc-sys v0.45.0
   Compiling darling_core v0.20.11
   Compiling synstructure v0.14.0
   Compiling http v1.5.0
   Compiling serde_json v1.0.151
   Compiling rustix v1.1.5
   Compiling core-foundation-sys v0.8.7
   Compiling percent-encoding v2.3.2
   Compiling http-body v1.1.0
   Compiling rustls-pki-types v1.15.1
   Compiling errno v0.3.14
   Compiling untrusted v0.9.0
   Compiling futures-task v0.3.34
   Compiling version_check v0.9.5
   Compiling rustls v0.23.45
   Compiling slab v0.4.12
   Compiling zerofrom-derive v0.1.8
   Compiling yoke-derive v0.8.4
   Compiling zerovec-derive v0.11.6
   Compiling displaydoc v0.2.7
   Compiling tokio-macros v2.7.2
   Compiling serde_derive v1.0.229
   Compiling tokio v1.53.2
   Compiling darling_macro v0.20.11
   Compiling futures-macro v0.3.34
   Compiling httparse v1.10.1
   Compiling generic-array v0.14.7
   Compiling darling v0.20.11
   Compiling zerofrom v0.1.8
   Compiling futures-util v0.3.34
   Compiling yoke v0.8.3
   Compiling ipnet v2.12.2
   Compiling try-lock v0.2.5
   Compiling heck v0.5.0
   Compiling tower-service v0.3.3
   Compiling thiserror v2.0.21
   Compiling zerovec v0.11.8
   Compiling zerotrie v0.2.5
   Compiling tinystr v0.8.4
   Compiling icu_locale_core v2.3.0
   Compiling potential_utf v0.1.6
   Compiling icu_collections v2.3.0
   Compiling subtle v2.6.1
   Compiling icu_provider v2.3.1
   Compiling icu_properties v2.3.0
   Compiling icu_normalizer v2.3.0
   Compiling log v0.4.34
   Compiling idna_adapter v1.2.2
   Compiling want v0.3.1
   Compiling derive_builder_core v0.20.2
   Compiling thiserror-impl v2.0.21
   Compiling tracing-attributes v0.1.31
   Compiling form_urlencoded v1.2.2
   Compiling zstd-sys v2.1.0+zstd.1.5.7
   Compiling hybrid-array v0.4.15
   Compiling tracing-core v0.1.36
   Compiling aho-corasick v1.1.5
   Compiling futures-channel v0.3.34
   Compiling atomic-waker v1.1.2
   Compiling io-lifetimes v3.0.1
   Compiling konst_macro_rules v0.2.19
   Compiling regex-syntax v0.8.11
   Compiling unicode-xid v0.2.6
   Compiling io-lifetimes v2.0.4
   Compiling autocfg v1.5.1
   Compiling const_format_proc_macros v0.2.34
   Compiling num-traits v0.2.19
   Compiling konst v0.2.20
   Compiling tracing v0.1.44
   Compiling hyper v1.11.1
   Compiling regex-automata v0.4.18
   Compiling derive_builder_macro v0.20.2
   Compiling idna v1.1.0
   Compiling core-foundation v0.10.1
   Compiling security-framework-sys v2.17.0
   Compiling sync_wrapper v1.0.2
   Compiling tower-layer v0.3.3
   Compiling getrandom v0.4.3
   Compiling utf8parse v0.2.2
   Compiling io-extras v0.19.0
   Compiling base64 v0.23.1
   Compiling hyper-util v0.1.21
   Compiling anstyle-parse v1.0.0
   Compiling tower v0.5.3
   Compiling security-framework v3.7.0
   Compiling regex v1.13.1
   Compiling url v2.5.8
   Compiling derive_builder v0.20.2
   Compiling const_format v0.2.36
   Compiling crypto-common v0.2.2
   Compiling block-buffer v0.12.1
   Compiling strum_macros v0.27.2
   Compiling getset v0.1.7
   Compiling zstd-safe v7.3.0
   Compiling anstyle v1.0.14
   Compiling strum v0.27.2
   Compiling cap-primitives v4.0.3
   Compiling is_terminal_polyfill v1.70.2
   Compiling futures-sink v0.3.34
   Compiling ryu v1.0.23
   Compiling crc32fast v1.5.2
   Compiling const-oid v0.10.2
   Compiling colorchoice v1.0.5
   Compiling anstyle-query v1.1.5
   Compiling tinyvec v1.13.3
   Compiling digest v0.11.3
   Compiling anstream v1.0.0
   Compiling unicode-normalization v0.1.25
   Compiling serde_urlencoded v0.7.1
   Compiling tokio-util v0.7.19
   Compiling fs-set-times v0.20.3
   Compiling tower-http v0.6.11
   Compiling block-buffer v0.10.4
   Compiling crypto-common v0.1.7
   Compiling http-body-util v0.1.5
   Compiling iana-time-zone v0.1.65
   Compiling cpufeatures v0.3.1
   Compiling redb v4.3.0
   Compiling simd-adler32 v0.3.10
   Compiling adler2 v2.0.1
   Compiling maybe-owned v0.3.4
   Compiling clap_lex v1.1.1
   Compiling cap-std v4.0.3
   Compiling anyhow v1.0.104
   Compiling ambient-authority v0.0.2
   Compiling clap_builder v4.6.7
   Compiling miniz_oxide v0.9.1
   Compiling sha2 v0.11.0
   Compiling chrono v0.4.45
   Compiling digest v0.10.7
   Compiling olpc-cjson v0.1.4
   Compiling oci-spec v0.10.0
   Compiling xattr v1.6.1
   Compiling clap_derive v4.6.7
   Compiling libfuzzer-sys v0.4.13
   Compiling cpufeatures v0.2.17
   Compiling filetime v0.2.29
   Compiling http-auth v0.1.10
   Compiling hex v0.4.3
   Compiling unicase v2.9.0
   Compiling base64 v0.22.1
   Compiling clap v4.6.7
   Compiling tar v0.4.46 (/Users/tihan-nico/Developer/Apollo-Deploy/Open-Source/apollo-artifactd/vendor/tar)
   Compiling sha2 v0.10.9
   Compiling flate2 v1.1.10
   Compiling zstd v0.13.3
   Compiling uuid v1.27.0
   Compiling oci-spec v0.9.0
   Compiling artifactd-protocol v0.1.0 (/Users/tihan-nico/Developer/Apollo-Deploy/Open-Source/apollo-artifactd/crates/artifactd-protocol)
   Compiling arbitrary v1.4.2
   Compiling fastrand v2.5.0
   Compiling tempfile v3.27.0
   Compiling rustls-webpki v0.103.15
   Compiling tokio-rustls v0.26.6
   Compiling rustls-platform-verifier v0.7.1
   Compiling hyper-rustls v0.27.10
   Compiling reqwest v0.13.5
   Compiling oci-client v0.18.0 (/Users/tihan-nico/Developer/Apollo-Deploy/Open-Source/apollo-artifactd/vendor/oci-client)
   Compiling apollo-artifactd v0.1.0 (/Users/tihan-nico/Developer/Apollo-Deploy/Open-Source/apollo-artifactd)
   Compiling artifactd-fuzz v0.0.0 (/Users/tihan-nico/Developer/Apollo-Deploy/Open-Source/apollo-artifactd/fuzz)
    Finished `release` profile [optimized + debuginfo] target(s) in 1m 46s
   Compiling apollo-artifactd v0.1.0 (/Users/tihan-nico/Developer/Apollo-Deploy/Open-Source/apollo-artifactd)
   Compiling artifactd-fuzz v0.0.0 (/Users/tihan-nico/Developer/Apollo-Deploy/Open-Source/apollo-artifactd/fuzz)
    Finished `release` profile [optimized + debuginfo] target(s) in 41.74s
     Running `/Users/tihan-nico/Library/Caches/dev-build/rust-target/aarch64-apple-darwin/release/registry_responses -artifact_prefix=/Users/tihan-nico/Developer/Apollo-Deploy/Open-Source/apollo-artifactd/fuzz/artifacts/registry_responses/ -max_total_time=30 -max_len=65536 -rss_limit_mb=1024 /Users/tihan-nico/Developer/Apollo-Deploy/Open-Source/apollo-artifactd/fuzz/corpus/registry_responses`
INFO: Running with entropic power schedule (0xFF, 100).
INFO: Seed: 524470000
INFO: Loaded 1 modules   (1000114 inline 8-bit counters): 1000114 [0x1083c33b0, 0x1084b7662), 
INFO: Loaded 1 PC tables (1000114 PCs): 1000114 [0x1084b7668,0x1093fa188), 
INFO:        5 files found in /Users/tihan-nico/Developer/Apollo-Deploy/Open-Source/apollo-artifactd/fuzz/corpus/registry_responses
INFO: seed corpus: files: 5 min: 45b max: 246b total: 542b rss: 75Mb
#6	INITED cov: 1260 ft: 2016 corp: 5/542b exec/s: 0 rss: 76Mb
	NEW_FUNC[1/4]: 0x00010422dc04 in _RINvNtCsiRtIPFIIYTg_4core3ptr13drop_in_placeINtNtCskz1kcnNEWqq_5alloc3vec3VecTNtNtNtCsgkcQzOkLUyr_10serde_core7private7content7ContentB1e_EEECs7uDUvble1e5_18registry_responses mod.rs:805
	NEW_FUNC[2/4]: 0x0001075bb0dc in _RNvMs3_NtCsf4gegaz8yYg_10serde_json2deINtB5_12DeserializerNtNtB7_4read9SliceReadE10peek_errorCs7uDUvble1e5_18registry_responses de.rs:248
#7	NEW    cov: 1285 ft: 2140 corp: 6/630b lim: 246 exec/s: 0 rss: 79Mb L: 88/246 MS: 1 ChangeBit-
	NEW_FUNC[1/1]: 0x00010763550c in <deduplicated_symbol>+0x0 (registry_responses:arm64+0x10341d50c)
#8	NEW    cov: 1323 ft: 2315 corp: 7/704b lim: 246 exec/s: 0 rss: 79Mb L: 74/246 MS: 1 CrossOver-
#9	NEW    cov: 1330 ft: 2362 corp: 8/782b lim: 246 exec/s: 0 rss: 79Mb L: 78/246 MS: 1 CMP- DE: "\001\000\000\000"-
#10	NEW    cov: 1330 ft: 2365 corp: 9/871b lim: 246 exec/s: 0 rss: 79Mb L: 89/246 MS: 1 InsertByte-
#12	NEW    cov: 1336 ft: 2407 corp: 10/1066b lim: 246 exec/s: 0 rss: 79Mb L: 195/246 MS: 2 ShuffleBytes-InsertRepeatedBytes-
#13	NEW    cov: 1340 ft: 2427 corp: 11/1101b lim: 246 exec/s: 0 rss: 79Mb L: 35/246 MS: 1 EraseBytes-
#15	NEW    cov: 1341 ft: 2435 corp: 12/1189b lim: 246 exec/s: 0 rss: 79Mb L: 88/246 MS: 2 ChangeBit-CopyPart-
#17	NEW    cov: 1343 ft: 2508 corp: 13/1257b lim: 246 exec/s: 0 rss: 79Mb L: 68/246 MS: 2 CopyPart-EraseBytes-
#18	NEW    cov: 1343 ft: 2520 corp: 14/1503b lim: 246 exec/s: 0 rss: 79Mb L: 246/246 MS: 1 ChangeBinInt-
#20	NEW    cov: 1344 ft: 2522 corp: 15/1702b lim: 246 exec/s: 0 rss: 79Mb L: 199/246 MS: 2 ChangeBinInt-PersAutoDict- DE: "\001\000\000\000"-
#21	NEW    cov: 1344 ft: 2525 corp: 16/1794b lim: 246 exec/s: 0 rss: 79Mb L: 92/246 MS: 1 PersAutoDict- DE: "\001\000\000\000"-
#23	NEW    cov: 1344 ft: 2527 corp: 17/1856b lim: 246 exec/s: 0 rss: 79Mb L: 62/246 MS: 2 ChangeBinInt-EraseBytes-
#24	NEW    cov: 1349 ft: 2532 corp: 18/1927b lim: 246 exec/s: 0 rss: 79Mb L: 71/246 MS: 1 ChangeASCIIInt-
#36	NEW    cov: 1353 ft: 2537 corp: 19/2128b lim: 246 exec/s: 0 rss: 79Mb L: 201/246 MS: 2 ChangeBit-CrossOver-
#45	NEW    cov: 1356 ft: 2541 corp: 20/2329b lim: 246 exec/s: 0 rss: 79Mb L: 201/246 MS: 4 ChangeByte-ChangeBinInt-ChangeBit-CopyPart-
#46	REDUCE cov: 1356 ft: 2541 corp: 20/2239b lim: 246 exec/s: 0 rss: 79Mb L: 111/246 MS: 1 EraseBytes-
#47	NEW    cov: 1360 ft: 2578 corp: 21/2372b lim: 246 exec/s: 0 rss: 79Mb L: 133/246 MS: 1 CopyPart-
#53	NEW    cov: 1361 ft: 2579 corp: 22/2567b lim: 246 exec/s: 0 rss: 79Mb L: 195/246 MS: 1 ShuffleBytes-
#64	NEW    cov: 1370 ft: 2610 corp: 23/2629b lim: 246 exec/s: 0 rss: 79Mb L: 62/246 MS: 1 CrossOver-
#70	NEW    cov: 1372 ft: 2612 corp: 24/2721b lim: 246 exec/s: 0 rss: 79Mb L: 92/246 MS: 1 ShuffleBytes-
#72	NEW    cov: 1373 ft: 2615 corp: 25/2813b lim: 246 exec/s: 0 rss: 79Mb L: 92/246 MS: 2 ChangeASCIIInt-ShuffleBytes-
#73	NEW    cov: 1381 ft: 2633 corp: 26/2905b lim: 246 exec/s: 0 rss: 79Mb L: 92/246 MS: 1 CopyPart-
	NEW_FUNC[1/1]: 0x0001075bb190 in _RNvMs3_NtCsf4gegaz8yYg_10serde_json2deINtB5_12DeserializerNtNtB7_4read9SliceReadE17peek_invalid_typeCs7uDUvble1e5_18registry_responses de.rs:269
#76	NEW    cov: 1389 ft: 2642 corp: 27/3046b lim: 246 exec/s: 0 rss: 79Mb L: 141/246 MS: 3 ChangeASCIIInt-CMP-ChangeByte- DE: "X\001\000\000\000\000\000\000"-
#78	NEW    cov: 1390 ft: 2658 corp: 28/3292b lim: 246 exec/s: 0 rss: 79Mb L: 246/246 MS: 2 ShuffleBytes-CMP- DE: "\001\000\000\000\000\000\000\366"-
#79	REDUCE cov: 1390 ft: 2658 corp: 28/3249b lim: 246 exec/s: 0 rss: 79Mb L: 68/246 MS: 1 EraseBytes-
#82	NEW    cov: 1393 ft: 2735 corp: 29/3437b lim: 246 exec/s: 0 rss: 79Mb L: 188/246 MS: 3 ChangeByte-ChangeByte-CrossOver-
#85	NEW    cov: 1396 ft: 2739 corp: 30/3439b lim: 246 exec/s: 0 rss: 79Mb L: 2/246 MS: 3 CrossOver-CrossOver-CrossOver-
#87	REDUCE cov: 1396 ft: 2739 corp: 30/3431b lim: 246 exec/s: 0 rss: 79Mb L: 70/246 MS: 2 ChangeBit-EraseBytes-
#96	NEW    cov: 1396 ft: 2740 corp: 31/3630b lim: 246 exec/s: 0 rss: 79Mb L: 199/246 MS: 4 CMP-ShuffleBytes-ShuffleBytes-CrossOver- DE: "\002\000\000\000\000\000\000\000"-
#97	NEW    cov: 1397 ft: 2753 corp: 32/3747b lim: 246 exec/s: 0 rss: 79Mb L: 117/246 MS: 1 CrossOver-
	NEW_FUNC[1/1]: 0x000107635b34 in _RINvNtCsf4gegaz8yYg_10serde_json4read5errorNtB2_9SliceReaduEB4_+0x0 (registry_responses:arm64+0x10341db34)
#102	NEW    cov: 1404 ft: 2763 corp: 33/3968b lim: 246 exec/s: 0 rss: 79Mb L: 221/246 MS: 5 ShuffleBytes-ChangeBit-PersAutoDict-ChangeBinInt-InsertRepeatedBytes- DE: "\001\000\000\000"-
#105	NEW    cov: 1406 ft: 2765 corp: 34/4080b lim: 246 exec/s: 0 rss: 79Mb L: 112/246 MS: 3 InsertByte-InsertRepeatedBytes-ChangeByte-
#106	NEW    cov: 1408 ft: 2771 corp: 35/4082b lim: 246 exec/s: 0 rss: 79Mb L: 2/246 MS: 1 ChangeBinInt-
#120	NEW    cov: 1412 ft: 2781 corp: 36/4153b lim: 246 exec/s: 0 rss: 80Mb L: 71/246 MS: 4 InsertByte-CopyPart-InsertRepeatedBytes-EraseBytes-
#121	REDUCE cov: 1412 ft: 2781 corp: 36/4144b lim: 246 exec/s: 0 rss: 80Mb L: 124/246 MS: 1 EraseBytes-
#123	NEW    cov: 1413 ft: 2783 corp: 37/4207b lim: 246 exec/s: 0 rss: 80Mb L: 63/246 MS: 2 InsertByte-ChangeBit-
#139	NEW    cov: 1413 ft: 2793 corp: 38/4349b lim: 246 exec/s: 0 rss: 80Mb L: 142/246 MS: 1 InsertRepeatedBytes-
#146	NEW    cov: 1413 ft: 2798 corp: 39/4420b lim: 246 exec/s: 0 rss: 80Mb L: 71/246 MS: 2 ShuffleBytes-ShuffleBytes-
#151	REDUCE cov: 1413 ft: 2798 corp: 39/4419b lim: 246 exec/s: 0 rss: 80Mb L: 1/246 MS: 5 ChangeBinInt-CopyPart-ShuffleBytes-ShuffleBytes-EraseBytes-
#155	REDUCE cov: 1413 ft: 2798 corp: 39/4395b lim: 246 exec/s: 0 rss: 80Mb L: 222/246 MS: 4 ChangeBinInt-ChangeByte-ShuffleBytes-EraseBytes-
#161	NEW    cov: 1413 ft: 2799 corp: 40/4483b lim: 246 exec/s: 0 rss: 80Mb L: 88/246 MS: 1 ChangeBinInt-
#172	NEW    cov: 1413 ft: 2800 corp: 41/4546b lim: 246 exec/s: 0 rss: 80Mb L: 63/246 MS: 1 InsertByte-
#183	NEW    cov: 1413 ft: 2805 corp: 42/4688b lim: 246 exec/s: 0 rss: 80Mb L: 142/246 MS: 1 ChangeBinInt-
#184	NEW    cov: 1415 ft: 2807 corp: 43/4791b lim: 246 exec/s: 0 rss: 80Mb L: 103/246 MS: 1 InsertRepeatedBytes-
#190	NEW    cov: 1415 ft: 2809 corp: 44/4855b lim: 246 exec/s: 0 rss: 80Mb L: 64/246 MS: 1 CrossOver-
#194	NEW    cov: 1415 ft: 2811 corp: 45/4942b lim: 246 exec/s: 0 rss: 80Mb L: 87/246 MS: 4 ChangeByte-CrossOver-CopyPart-ChangeBit-
#195	NEW    cov: 1415 ft: 2812 corp: 46/5012b lim: 246 exec/s: 0 rss: 80Mb L: 70/246 MS: 1 CrossOver-
#203	NEW    cov: 1415 ft: 2813 corp: 47/5016b lim: 246 exec/s: 0 rss: 80Mb L: 4/246 MS: 3 ChangeByte-InsertRepeatedBytes-CrossOver-
#209	REDUCE cov: 1415 ft: 2813 corp: 47/5005b lim: 246 exec/s: 0 rss: 80Mb L: 76/246 MS: 1 EraseBytes-
#210	NEW    cov: 1416 ft: 2815 corp: 48/5008b lim: 246 exec/s: 0 rss: 80Mb L: 3/246 MS: 1 EraseBytes-
#214	NEW    cov: 1416 ft: 2816 corp: 49/5251b lim: 246 exec/s: 0 rss: 80Mb L: 243/246 MS: 4 ChangeBit-InsertByte-CrossOver-ChangeByte-
#215	NEW    cov: 1417 ft: 2818 corp: 50/5256b lim: 246 exec/s: 0 rss: 80Mb L: 5/246 MS: 1 InsertByte-
#221	REDUCE cov: 1417 ft: 2819 corp: 51/5349b lim: 246 exec/s: 0 rss: 80Mb L: 93/246 MS: 1 CrossOver-
#223	NEW    cov: 1417 ft: 2823 corp: 52/5570b lim: 246 exec/s: 0 rss: 80Mb L: 221/246 MS: 2 ChangeBinInt-ChangeByte-
#224	NEW    cov: 1417 ft: 2824 corp: 53/5813b lim: 246 exec/s: 0 rss: 80Mb L: 243/246 MS: 1 InsertRepeatedBytes-
#225	NEW    cov: 1419 ft: 2826 corp: 54/5957b lim: 246 exec/s: 0 rss: 80Mb L: 144/246 MS: 1 EraseBytes-
#232	NEW    cov: 1420 ft: 2828 corp: 55/6098b lim: 246 exec/s: 0 rss: 80Mb L: 141/246 MS: 2 CrossOver-CMP- DE: "error0"-
#237	REDUCE cov: 1420 ft: 2828 corp: 55/6012b lim: 246 exec/s: 0 rss: 80Mb L: 157/246 MS: 5 ChangeBit-InsertByte-ChangeBinInt-ChangeBit-EraseBytes-
#241	REDUCE cov: 1420 ft: 2828 corp: 55/5994b lim: 246 exec/s: 0 rss: 80Mb L: 74/246 MS: 4 CMP-ChangeBinInt-ChangeBit-CrossOver- DE: "\000\000`\336\224A\344m"-
#263	REDUCE cov: 1420 ft: 2828 corp: 55/5916b lim: 246 exec/s: 0 rss: 80Mb L: 63/246 MS: 2 CMP-CrossOver- DE: "\377\377\377\377\377\377\377\016"-
#279	NEW    cov: 1421 ft: 2829 corp: 56/6087b lim: 246 exec/s: 0 rss: 80Mb L: 171/246 MS: 1 InsertRepeatedBytes-
#281	REDUCE cov: 1421 ft: 2829 corp: 56/6082b lim: 246 exec/s: 0 rss: 80Mb L: 71/246 MS: 2 ChangeByte-EraseBytes-
#282	REDUCE cov: 1421 ft: 2829 corp: 56/6061b lim: 246 exec/s: 0 rss: 80Mb L: 50/246 MS: 1 EraseBytes-
#303	NEW    cov: 1425 ft: 2899 corp: 57/6132b lim: 246 exec/s: 0 rss: 80Mb L: 71/246 MS: 1 ChangeBinInt-
#311	NEW    cov: 1425 ft: 2905 corp: 58/6208b lim: 246 exec/s: 0 rss: 80Mb L: 76/246 MS: 3 CrossOver-InsertRepeatedBytes-EraseBytes-
#312	NEW    cov: 1426 ft: 2907 corp: 59/6216b lim: 246 exec/s: 0 rss: 80Mb L: 8/246 MS: 1 PersAutoDict- DE: "\001\000\000\000"-
#323	NEW    cov: 1426 ft: 2909 corp: 60/6231b lim: 246 exec/s: 0 rss: 80Mb L: 15/246 MS: 1 CMP- DE: "SIZE_INVALID"-
#324	NEW    cov: 1427 ft: 2910 corp: 61/6295b lim: 246 exec/s: 0 rss: 80Mb L: 64/246 MS: 1 CMP- DE: "\000\000\000\000\000\000\000\000"-
#335	NEW    cov: 1427 ft: 2913 corp: 62/6396b lim: 246 exec/s: 0 rss: 80Mb L: 101/246 MS: 1 InsertRepeatedBytes-
#336	NEW    cov: 1432 ft: 2919 corp: 63/6499b lim: 246 exec/s: 0 rss: 80Mb L: 103/246 MS: 1 ShuffleBytes-
#343	REDUCE cov: 1432 ft: 2919 corp: 63/6415b lim: 246 exec/s: 0 rss: 80Mb L: 111/246 MS: 2 InsertByte-EraseBytes-
#375	REDUCE cov: 1432 ft: 2919 corp: 63/6386b lim: 246 exec/s: 0 rss: 80Mb L: 83/246 MS: 2 CopyPart-EraseBytes-
#396	REDUCE cov: 1432 ft: 2919 corp: 63/6280b lim: 246 exec/s: 0 rss: 80Mb L: 116/246 MS: 1 EraseBytes-
#398	NEW    cov: 1433 ft: 2921 corp: 64/6372b lim: 246 exec/s: 0 rss: 80Mb L: 92/246 MS: 2 ShuffleBytes-ShuffleBytes-
#409	REDUCE cov: 1433 ft: 2921 corp: 64/6368b lim: 246 exec/s: 0 rss: 80Mb L: 217/246 MS: 1 EraseBytes-
#411	NEW    cov: 1435 ft: 2924 corp: 65/6511b lim: 246 exec/s: 0 rss: 81Mb L: 143/246 MS: 2 ChangeASCIIInt-InsertRepeatedBytes-
#432	NEW    cov: 1436 ft: 2925 corp: 66/6579b lim: 246 exec/s: 0 rss: 81Mb L: 68/246 MS: 1 PersAutoDict- DE: "\001\000\000\000"-
#438	NEW    cov: 1441 ft: 2930 corp: 67/6582b lim: 246 exec/s: 0 rss: 81Mb L: 3/246 MS: 1 CrossOver-
#459	NEW    cov: 1441 ft: 2931 corp: 68/6685b lim: 246 exec/s: 0 rss: 81Mb L: 103/246 MS: 1 ChangeBit-
	NEW_FUNC[1/9]: 0x000104314c4c in _RNvXs_NtCsgkcQzOkLUyr_10serde_core2deNtNvXNvNtCs7djQdq5rSoW_10oci_client6errors1__NtBG_8OciErrorNtB4_11Deserialize11deserialize9___VisitorNtB4_8Expected3fmtCs7uDUvble1e5_18registry_responses mod.rs:494
	NEW_FUNC[2/9]: 0x00010466dc60 in _RNvXs0_NvXNvNtCs7djQdq5rSoW_10oci_client6errors1__NtBa_8OciErrorNtNtCsgkcQzOkLUyr_10serde_core2de11Deserialize11deserializeNtB5_9___VisitorNtB12_7Visitor9expecting+0x0 (registry_responses:arm64+0x100455c60)
#460	NEW    cov: 1473 ft: 2973 corp: 69/6774b lim: 246 exec/s: 0 rss: 81Mb L: 89/246 MS: 1 CopyPart-
#477	NEW    cov: 1473 ft: 3000 corp: 70/6824b lim: 246 exec/s: 0 rss: 81Mb L: 50/246 MS: 2 CMP-EraseBytes- DE: "\377\377\377\377\377\377\377\004"-
#483	NEW    cov: 1474 ft: 3001 corp: 71/6895b lim: 246 exec/s: 0 rss: 81Mb L: 71/246 MS: 1 ChangeBit-
	NEW_FUNC[1/8]: 0x0001075bd204 in _RNvMs9_NtNtNtCs6QB8hc33qgK_5serde7private2de7contentINtB5_22ContentRefDeserializerNtNtCsf4gegaz8yYg_10serde_json5error5ErrorE12invalid_typeCs7uDUvble1e5_18registry_responses de.rs:2002
	NEW_FUNC[2/8]: 0x0001075bd3f8 in _RNvNtNtNtCs6QB8hc33qgK_5serde7private2de7content18content_unexpectedCs7uDUvble1e5_18registry_responses de.rs:264
#496	REDUCE cov: 1492 ft: 3048 corp: 72/6946b lim: 246 exec/s: 0 rss: 81Mb L: 51/246 MS: 3 ShuffleBytes-ChangeByte-EraseBytes-
#497	NEW    cov: 1497 ft: 3109 corp: 73/7047b lim: 246 exec/s: 0 rss: 81Mb L: 101/246 MS: 1 CMP- DE: "layers"-
#508	REDUCE cov: 1497 ft: 3109 corp: 73/7040b lim: 246 exec/s: 0 rss: 81Mb L: 61/246 MS: 1 EraseBytes-
#510	REDUCE cov: 1497 ft: 3109 corp: 73/7031b lim: 246 exec/s: 0 rss: 81Mb L: 107/246 MS: 2 ChangeBit-EraseBytes-
#520	REDUCE cov: 1497 ft: 3109 corp: 73/7026b lim: 246 exec/s: 0 rss: 81Mb L: 88/246 MS: 5 ShuffleBytes-ChangeBit-ChangeBinInt-ChangeBinInt-EraseBytes-
#537	NEW    cov: 1500 ft: 3119 corp: 74/7066b lim: 246 exec/s: 0 rss: 81Mb L: 40/246 MS: 2 ShuffleBytes-EraseBytes-
#555	NEW    cov: 1506 ft: 3125 corp: 75/7256b lim: 246 exec/s: 0 rss: 81Mb L: 190/246 MS: 3 ShuffleBytes-CMP-PersAutoDict- DE: "e "-"layers"-
#568	REDUCE cov: 1509 ft: 3132 corp: 76/7298b lim: 246 exec/s: 0 rss: 81Mb L: 42/246 MS: 3 ChangeBit-ChangeByte-EraseBytes-
	NEW_FUNC[1/1]: 0x0001073b49b0 in _RNvMs2_NtCsf4gegaz8yYg_10serde_json2deNtB5_12ParserNumber12invalid_type+0x0 (registry_responses:arm64+0x10319c9b0)
#569	NEW    cov: 1518 ft: 3143 corp: 77/7302b lim: 246 exec/s: 0 rss: 81Mb L: 4/246 MS: 1 InsertByte-
	NEW_FUNC[1/1]: 0x00010422d124 in _RINvNtCsiRtIPFIIYTg_4core3ptr13drop_in_placeINtNtCskz1kcnNEWqq_5alloc3vec3VecNtNtCsf4gegaz8yYg_10serde_json5value5ValueEECs7uDUvble1e5_18registry_responses mod.rs:805
#586	NEW    cov: 1526 ft: 3186 corp: 78/7491b lim: 246 exec/s: 0 rss: 81Mb L: 189/246 MS: 2 ChangeByte-InsertRepeatedBytes-
#602	REDUCE cov: 1526 ft: 3186 corp: 78/7482b lim: 246 exec/s: 0 rss: 81Mb L: 162/246 MS: 1 EraseBytes-
#603	NEW    cov: 1526 ft: 3187 corp: 79/7488b lim: 246 exec/s: 0 rss: 81Mb L: 6/246 MS: 1 InsertByte-
#604	NEW    cov: 1530 ft: 3200 corp: 80/7516b lim: 246 exec/s: 0 rss: 81Mb L: 28/246 MS: 1 EraseBytes-
#615	NEW    cov: 1530 ft: 3201 corp: 81/7540b lim: 246 exec/s: 0 rss: 81Mb L: 24/246 MS: 1 InsertRepeatedBytes-
#641	REDUCE cov: 1530 ft: 3201 corp: 81/7491b lim: 246 exec/s: 0 rss: 81Mb L: 58/246 MS: 1 EraseBytes-
#642	NEW    cov: 1530 ft: 3202 corp: 82/7570b lim: 246 exec/s: 0 rss: 81Mb L: 79/246 MS: 1 PersAutoDict- DE: "X\001\000\000\000\000\000\000"-
	NEW_FUNC[1/1]: 0x00010422a780 in _RINvNtCsiRtIPFIIYTg_4core3ptr13drop_in_placeINtNtB4_6option6OptionNtNtCskz1kcnNEWqq_5alloc6string6StringEECs7uDUvble1e5_18registry_responses mod.rs:805
#658	NEW    cov: 1550 ft: 3260 corp: 83/7816b lim: 246 exec/s: 0 rss: 82Mb L: 246/246 MS: 1 ChangeBinInt-
#668	NEW    cov: 1552 ft: 3262 corp: 84/7817b lim: 246 exec/s: 0 rss: 82Mb L: 1/246 MS: 5 CopyPart-ChangeBit-ChangeBit-CopyPart-CrossOver-
#694	REDUCE cov: 1552 ft: 3262 corp: 84/7785b lim: 246 exec/s: 0 rss: 82Mb L: 56/246 MS: 1 EraseBytes-
#721	NEW    cov: 1552 ft: 3263 corp: 85/7881b lim: 246 exec/s: 0 rss: 82Mb L: 96/246 MS: 2 CMP-InsertByte- DE: "subject"-
#737	REDUCE cov: 1552 ft: 3263 corp: 85/7880b lim: 246 exec/s: 0 rss: 82Mb L: 3/246 MS: 1 CrossOver-
#754	NEW    cov: 1554 ft: 3295 corp: 86/7952b lim: 246 exec/s: 0 rss: 82Mb L: 72/246 MS: 2 ChangeASCIIInt-CrossOver-
#771	REDUCE cov: 1556 ft: 3297 corp: 87/8063b lim: 246 exec/s: 0 rss: 82Mb L: 111/246 MS: 2 ChangeByte-ChangeByte-
#778	NEW    cov: 1557 ft: 3298 corp: 88/8154b lim: 246 exec/s: 0 rss: 82Mb L: 91/246 MS: 2 ShuffleBytes-EraseBytes-
#785	NEW    cov: 1557 ft: 3299 corp: 89/8218b lim: 246 exec/s: 0 rss: 82Mb L: 64/246 MS: 2 ShuffleBytes-ChangeByte-
#786	NEW    cov: 1559 ft: 3312 corp: 90/8289b lim: 246 exec/s: 0 rss: 82Mb L: 71/246 MS: 1 ChangeBit-
#803	NEW    cov: 1559 ft: 3315 corp: 91/8436b lim: 246 exec/s: 0 rss: 82Mb L: 147/246 MS: 2 ChangeBinInt-CrossOver-
#810	NEW    cov: 1559 ft: 3316 corp: 92/8444b lim: 246 exec/s: 0 rss: 82Mb L: 8/246 MS: 2 ChangeByte-CrossOver-
#818	REDUCE cov: 1559 ft: 3316 corp: 92/8441b lim: 246 exec/s: 0 rss: 82Mb L: 58/246 MS: 3 ChangeASCIIInt-ShuffleBytes-EraseBytes-
#840	REDUCE cov: 1559 ft: 3316 corp: 92/8421b lim: 246 exec/s: 0 rss: 82Mb L: 56/246 MS: 2 ChangeBit-EraseBytes-
#843	NEW    cov: 1560 ft: 3317 corp: 93/8619b lim: 246 exec/s: 0 rss: 82Mb L: 198/246 MS: 3 ChangeBinInt-PersAutoDict-CopyPart- DE: "\001\000\000\000"-
#849	REDUCE cov: 1560 ft: 3317 corp: 93/8544b lim: 246 exec/s: 0 rss: 82Mb L: 124/246 MS: 1 EraseBytes-
#855	REDUCE cov: 1560 ft: 3317 corp: 93/8486b lim: 246 exec/s: 0 rss: 82Mb L: 104/246 MS: 1 EraseBytes-
#877	REDUCE cov: 1560 ft: 3317 corp: 93/8470b lim: 246 exec/s: 0 rss: 82Mb L: 55/246 MS: 2 ShuffleBytes-EraseBytes-
#893	REDUCE cov: 1560 ft: 3317 corp: 93/8455b lim: 246 exec/s: 0 rss: 82Mb L: 186/246 MS: 1 EraseBytes-
#949	NEW    cov: 1560 ft: 3318 corp: 94/8701b lim: 246 exec/s: 0 rss: 82Mb L: 246/246 MS: 1 ShuffleBytes-
#987	NEW    cov: 1560 ft: 3320 corp: 95/8706b lim: 246 exec/s: 0 rss: 82Mb L: 5/246 MS: 3 ShuffleBytes-ShuffleBytes-CopyPart-
#988	REDUCE cov: 1560 ft: 3320 corp: 95/8680b lim: 246 exec/s: 0 rss: 82Mb L: 62/246 MS: 1 EraseBytes-
#1009	NEW    cov: 1564 ft: 3331 corp: 96/8751b lim: 246 exec/s: 0 rss: 82Mb L: 71/246 MS: 1 CrossOver-
#1037	NEW    cov: 1564 ft: 3332 corp: 97/8997b lim: 246 exec/s: 0 rss: 82Mb L: 246/246 MS: 3 ChangeASCIIInt-ShuffleBytes-CrossOver-
#1125	REDUCE cov: 1564 ft: 3332 corp: 97/8983b lim: 246 exec/s: 1125 rss: 84Mb L: 69/246 MS: 3 ChangeByte-CopyPart-EraseBytes-
	NEW_FUNC[1/1]: 0x000104314bec  (/Users/tihan-nico/Library/Caches/dev-build/rust-target/aarch64-apple-darwin/release/registry_responses:arm64+0x1000fcbec)
#1135	NEW    cov: 1574 ft: 3345 corp: 98/9049b lim: 246 exec/s: 1135 rss: 84Mb L: 66/246 MS: 5 InsertRepeatedBytes-CopyPart-EraseBytes-CMP-ChangeByte- DE: "deta"-
#1141	REDUCE cov: 1574 ft: 3345 corp: 98/9048b lim: 246 exec/s: 1141 rss: 84Mb L: 146/246 MS: 1 EraseBytes-
#1155	REDUCE cov: 1574 ft: 3363 corp: 99/9219b lim: 246 exec/s: 1155 rss: 84Mb L: 171/246 MS: 4 PersAutoDict-ChangeByte-PersAutoDict-CrossOver- DE: "deta"-"\377\377\377\377\377\377\377\016"-
	NEW_FUNC[1/1]: 0x0001045ee494 in _RNvMNtCskz1kcnNEWqq_5alloc5allocNtB2_6Global17grow_impl_runtimeCs7djQdq5rSoW_10oci_client+0x0 (registry_responses:arm64+0x1003d6494)
#1163	NEW    cov: 1578 ft: 3374 corp: 100/9465b lim: 246 exec/s: 1163 rss: 84Mb L: 246/246 MS: 3 CrossOver-ChangeByte-CopyPart-
#1178	REDUCE cov: 1578 ft: 3374 corp: 100/9354b lim: 246 exec/s: 1178 rss: 84Mb L: 31/246 MS: 5 PersAutoDict-CopyPart-ChangeByte-ChangeByte-CrossOver- DE: "layers"-
#1180	NEW    cov: 1580 ft: 3376 corp: 101/9429b lim: 246 exec/s: 1180 rss: 84Mb L: 75/246 MS: 2 ChangeBit-CrossOver-
#1188	REDUCE cov: 1580 ft: 3376 corp: 101/9353b lim: 246 exec/s: 1188 rss: 84Mb L: 141/246 MS: 3 ShuffleBytes-CMP-EraseBytes- DE: "SIZE_INVALID"-
#1224	NEW    cov: 1581 ft: 3378 corp: 102/9355b lim: 246 exec/s: 1224 rss: 84Mb L: 2/246 MS: 1 ChangeBit-
#1225	NEW    cov: 1581 ft: 3379 corp: 103/9444b lim: 246 exec/s: 1225 rss: 84Mb L: 89/246 MS: 1 ChangeByte-
#1246	REDUCE cov: 1581 ft: 3379 corp: 103/9425b lim: 246 exec/s: 1246 rss: 84Mb L: 37/246 MS: 1 EraseBytes-
#1272	REDUCE cov: 1581 ft: 3379 corp: 103/9424b lim: 246 exec/s: 1272 rss: 84Mb L: 2/246 MS: 1 EraseBytes-
#1280	NEW    cov: 1583 ft: 3401 corp: 104/9670b lim: 246 exec/s: 1280 rss: 84Mb L: 246/246 MS: 3 ChangeASCIIInt-ChangeASCIIInt-ChangeBinInt-
#1290	NEW    cov: 1585 ft: 3403 corp: 105/9671b lim: 246 exec/s: 1290 rss: 84Mb L: 1/246 MS: 5 EraseBytes-ChangeBinInt-EraseBytes-EraseBytes-EraseBytes-
#1342	NEW    cov: 1586 ft: 3408 corp: 106/9742b lim: 246 exec/s: 1342 rss: 84Mb L: 71/246 MS: 2 InsertByte-CopyPart-
#1357	REDUCE cov: 1586 ft: 3408 corp: 106/9741b lim: 246 exec/s: 1357 rss: 84Mb L: 54/246 MS: 5 InsertByte-PersAutoDict-PersAutoDict-ChangeByte-EraseBytes- DE: "\000\000`\336\224A\344m"-"\001\000\000\000"-
#1388	NEW    cov: 1586 ft: 3409 corp: 107/9987b lim: 246 exec/s: 1388 rss: 84Mb L: 246/246 MS: 1 CopyPart-
#1407	REDUCE cov: 1594 ft: 3417 corp: 108/10021b lim: 246 exec/s: 1407 rss: 84Mb L: 34/246 MS: 4 ChangeByte-CMP-EraseBytes-CMP- DE: "\000\000\000\000\000\000\000\012"-"\012\000"-
#1413	NEW    cov: 1594 ft: 3418 corp: 109/10082b lim: 246 exec/s: 1413 rss: 84Mb L: 61/246 MS: 1 EraseBytes-
#1414	NEW    cov: 1594 ft: 3419 corp: 110/10127b lim: 246 exec/s: 1414 rss: 84Mb L: 45/246 MS: 1 InsertRepeatedBytes-
#1425	NEW    cov: 1597 ft: 3424 corp: 111/10172b lim: 246 exec/s: 1425 rss: 84Mb L: 45/246 MS: 1 ChangeBit-
#1477	NEW    cov: 1601 ft: 3431 corp: 112/10244b lim: 246 exec/s: 1477 rss: 85Mb L: 72/246 MS: 2 PersAutoDict-CopyPart- DE: "\000\000\000\000\000\000\000\012"-
#1518	NEW    cov: 1607 ft: 3437 corp: 113/10289b lim: 246 exec/s: 1518 rss: 85Mb L: 45/246 MS: 1 CopyPart-
#1562	NEW    cov: 1607 ft: 3443 corp: 114/10391b lim: 246 exec/s: 1562 rss: 85Mb L: 102/246 MS: 4 ChangeBit-ChangeByte-PersAutoDict-InsertByte- DE: "SIZE_INVALID"-
#1605	NEW    cov: 1607 ft: 3444 corp: 115/10493b lim: 246 exec/s: 1605 rss: 85Mb L: 102/246 MS: 3 ChangeBit-ShuffleBytes-ChangeByte-
#1606	REDUCE cov: 1607 ft: 3444 corp: 115/10491b lim: 246 exec/s: 1606 rss: 85Mb L: 66/246 MS: 1 CrossOver-
#1623	NEW    cov: 1609 ft: 3446 corp: 116/10518b lim: 246 exec/s: 1623 rss: 85Mb L: 27/246 MS: 2 CopyPart-CrossOver-
#1635	NEW    cov: 1611 ft: 3448 corp: 117/10595b lim: 246 exec/s: 1635 rss: 85Mb L: 77/246 MS: 2 ChangeByte-EraseBytes-
#1681	NEW    cov: 1611 ft: 3449 corp: 118/10788b lim: 246 exec/s: 1681 rss: 85Mb L: 193/246 MS: 1 CMP- DE: "co)e"-
#1682	NEW    cov: 1614 ft: 3452 corp: 119/10789b lim: 246 exec/s: 1682 rss: 85Mb L: 1/246 MS: 1 EraseBytes-
#1700	REDUCE cov: 1614 ft: 3452 corp: 119/10787b lim: 246 exec/s: 1700 rss: 85Mb L: 169/246 MS: 3 InsertRepeatedBytes-InsertByte-EraseBytes-
#1751	REDUCE cov: 1616 ft: 3454 corp: 120/10788b lim: 246 exec/s: 1751 rss: 85Mb L: 1/246 MS: 1 EraseBytes-
#1824	NEW    cov: 1618 ft: 3456 corp: 121/10905b lim: 246 exec/s: 1824 rss: 85Mb L: 117/246 MS: 3 CopyPart-CopyPart-InsertRepeatedBytes-
	NEW_FUNC[1/1]: 0x0001073acc0c in _RNvMNtNtNtNtCs9lOjhlgNItS_6memchr4arch7aarch644neon6memchrNtB2_3One14count_raw_implCsf4gegaz8yYg_10serde_json+0x0 (registry_responses:arm64+0x103194c0c)
#1861	NEW    cov: 1639 ft: 3477 corp: 122/10972b lim: 246 exec/s: 1861 rss: 85Mb L: 67/246 MS: 2 InsertByte-PersAutoDict- DE: "\012\000"-
#1868	REDUCE cov: 1639 ft: 3477 corp: 122/10971b lim: 246 exec/s: 1868 rss: 85Mb L: 44/246 MS: 2 CopyPart-EraseBytes-
#1871	REDUCE cov: 1639 ft: 3477 corp: 122/10970b lim: 246 exec/s: 1871 rss: 85Mb L: 70/246 MS: 3 CopyPart-EraseBytes-CopyPart-
#1904	REDUCE cov: 1639 ft: 3477 corp: 122/10966b lim: 246 exec/s: 1904 rss: 85Mb L: 59/246 MS: 3 ChangeByte-CrossOver-EraseBytes-
#1917	NEW    cov: 1639 ft: 3478 corp: 123/11115b lim: 246 exec/s: 1917 rss: 85Mb L: 149/246 MS: 3 ChangeBit-ChangeASCIIInt-EraseBytes-
#1923	NEW    cov: 1641 ft: 3480 corp: 124/11254b lim: 246 exec/s: 1923 rss: 85Mb L: 139/246 MS: 1 EraseBytes-
#1930	NEW    cov: 1641 ft: 3482 corp: 125/11350b lim: 246 exec/s: 1930 rss: 85Mb L: 96/246 MS: 2 ChangeByte-CrossOver-
#1932	NEW    cov: 1641 ft: 3487 corp: 126/11358b lim: 246 exec/s: 1932 rss: 85Mb L: 8/246 MS: 2 PersAutoDict-ShuffleBytes- DE: "error0"-
#1934	NEW    cov: 1643 ft: 3489 corp: 127/11362b lim: 246 exec/s: 1934 rss: 85Mb L: 4/246 MS: 2 ChangeByte-EraseBytes-
#1951	NEW    cov: 1643 ft: 3499 corp: 128/11519b lim: 246 exec/s: 1951 rss: 85Mb L: 157/246 MS: 2 ChangeBinInt-CopyPart-
#1976	NEW    cov: 1645 ft: 3501 corp: 129/11530b lim: 246 exec/s: 1976 rss: 86Mb L: 11/246 MS: 5 CrossOver-InsertRepeatedBytes-CrossOver-CopyPart-CrossOver-
#1983	REDUCE cov: 1645 ft: 3501 corp: 129/11516b lim: 246 exec/s: 1983 rss: 86Mb L: 155/246 MS: 2 ChangeBinInt-EraseBytes-
#2010	REDUCE cov: 1646 ft: 3503 corp: 130/11518b lim: 246 exec/s: 2010 rss: 86Mb L: 2/246 MS: 2 ChangeByte-CopyPart-
#2016	NEW    cov: 1646 ft: 3515 corp: 131/11744b lim: 246 exec/s: 2016 rss: 86Mb L: 226/246 MS: 1 CrossOver-
#2022	NEW    cov: 1647 ft: 3516 corp: 132/11789b lim: 246 exec/s: 2022 rss: 86Mb L: 45/246 MS: 1 ShuffleBytes-
#2028	NEW    cov: 1647 ft: 3527 corp: 133/11860b lim: 246 exec/s: 2028 rss: 86Mb L: 71/246 MS: 1 ChangeBinInt-
#2131	REDUCE cov: 1647 ft: 3527 corp: 133/11831b lim: 246 exec/s: 2131 rss: 86Mb L: 112/246 MS: 3 EraseBytes-ChangeByte-CopyPart-
#2137	NEW    cov: 1647 ft: 3543 corp: 134/11877b lim: 246 exec/s: 2137 rss: 86Mb L: 46/246 MS: 1 InsertByte-
#2144	NEW    cov: 1647 ft: 3544 corp: 135/11948b lim: 246 exec/s: 2144 rss: 86Mb L: 71/246 MS: 2 ChangeBinInt-ChangeBit-
#2150	NEW    cov: 1647 ft: 3549 corp: 136/11965b lim: 246 exec/s: 2150 rss: 86Mb L: 17/246 MS: 1 PersAutoDict- DE: "\012\000"-
#2166	NEW    cov: 1650 ft: 3553 corp: 137/12122b lim: 246 exec/s: 2166 rss: 86Mb L: 157/246 MS: 1 CopyPart-
#2253	NEW    cov: 1650 ft: 3563 corp: 138/12189b lim: 246 exec/s: 2253 rss: 86Mb L: 67/246 MS: 2 InsertRepeatedBytes-CrossOver-
#2254	REDUCE cov: 1650 ft: 3564 corp: 139/12431b lim: 246 exec/s: 2254 rss: 86Mb L: 242/246 MS: 1 InsertRepeatedBytes-
#2265	REDUCE cov: 1650 ft: 3564 corp: 139/12416b lim: 246 exec/s: 2265 rss: 86Mb L: 89/246 MS: 1 EraseBytes-
#2306	REDUCE cov: 1650 ft: 3564 corp: 139/12391b lim: 246 exec/s: 2306 rss: 86Mb L: 67/246 MS: 1 CrossOver-
#2310	NEW    cov: 1651 ft: 3565 corp: 140/12553b lim: 246 exec/s: 2310 rss: 86Mb L: 162/246 MS: 4 PersAutoDict-CopyPart-EraseBytes-ShuffleBytes- DE: "deta"-
#2320	NEW    cov: 1654 ft: 3568 corp: 141/12615b lim: 246 exec/s: 2320 rss: 86Mb L: 62/246 MS: 5 ChangeBit-CrossOver-ChangeBinInt-InsertByte-ChangeByte-
#2327	NEW    cov: 1654 ft: 3571 corp: 142/12686b lim: 246 exec/s: 2327 rss: 86Mb L: 71/246 MS: 2 ChangeASCIIInt-ChangeBit-
#2399	NEW    cov: 1656 ft: 3573 corp: 143/12802b lim: 246 exec/s: 2399 rss: 86Mb L: 116/246 MS: 2 CrossOver-ChangeBinInt-
#2446	REDUCE cov: 1658 ft: 3575 corp: 144/12833b lim: 246 exec/s: 2446 rss: 86Mb L: 31/246 MS: 2 CrossOver-ShuffleBytes-
#2463	REDUCE cov: 1658 ft: 3575 corp: 144/12831b lim: 246 exec/s: 2463 rss: 86Mb L: 33/246 MS: 2 ChangeBinInt-EraseBytes-
#2469	REDUCE cov: 1658 ft: 3576 corp: 145/12986b lim: 246 exec/s: 2469 rss: 86Mb L: 155/246 MS: 1 ChangeBit-
#2475	REDUCE cov: 1658 ft: 3576 corp: 145/12985b lim: 246 exec/s: 2475 rss: 86Mb L: 49/246 MS: 1 EraseBytes-
#2493	NEW    cov: 1658 ft: 3577 corp: 146/13053b lim: 246 exec/s: 2493 rss: 86Mb L: 68/246 MS: 3 ChangeASCIIInt-ChangeBinInt-ChangeBit-
#2526	REDUCE cov: 1658 ft: 3577 corp: 146/13044b lim: 246 exec/s: 2526 rss: 87Mb L: 50/246 MS: 3 PersAutoDict-PersAutoDict-EraseBytes- DE: "\001\000\000\000"-"e "-
#2560	REDUCE cov: 1658 ft: 3577 corp: 146/13040b lim: 246 exec/s: 2560 rss: 87Mb L: 75/246 MS: 4 ChangeBinInt-InsertByte-CrossOver-EraseBytes-
#2562	REDUCE cov: 1658 ft: 3577 corp: 146/12993b lim: 246 exec/s: 2562 rss: 87Mb L: 65/246 MS: 2 ShuffleBytes-EraseBytes-
#2593	NEW    cov: 1659 ft: 3579 corp: 147/13190b lim: 246 exec/s: 2593 rss: 87Mb L: 197/246 MS: 1 CMP- DE: "\000\011"-
#2594	NEW    cov: 1660 ft: 3581 corp: 148/13424b lim: 246 exec/s: 2594 rss: 87Mb L: 234/246 MS: 1 EraseBytes-
#2605	NEW    cov: 1660 ft: 3591 corp: 149/13495b lim: 246 exec/s: 2605 rss: 87Mb L: 71/246 MS: 1 ChangeByte-
#2631	NEW    cov: 1660 ft: 3594 corp: 150/13741b lim: 246 exec/s: 2631 rss: 87Mb L: 246/246 MS: 1 CrossOver-
#2683	REDUCE cov: 1660 ft: 3594 corp: 150/13685b lim: 246 exec/s: 2683 rss: 87Mb L: 99/246 MS: 2 ShuffleBytes-EraseBytes-
#2705	REDUCE cov: 1660 ft: 3594 corp: 150/13644b lim: 246 exec/s: 2705 rss: 87Mb L: 105/246 MS: 2 ChangeASCIIInt-EraseBytes-
#2711	REDUCE cov: 1660 ft: 3594 corp: 150/13603b lim: 246 exec/s: 2711 rss: 87Mb L: 60/246 MS: 1 EraseBytes-
#2717	NEW    cov: 1660 ft: 3596 corp: 151/13675b lim: 246 exec/s: 2717 rss: 87Mb L: 72/246 MS: 1 InsertByte-
#2725	NEW    cov: 1664 ft: 3605 corp: 152/13907b lim: 246 exec/s: 2725 rss: 87Mb L: 232/246 MS: 3 CMP-ShuffleBytes-InsertRepeatedBytes- DE: "\377\377\377\377"-
#2761	NEW    cov: 1665 ft: 3611 corp: 153/14038b lim: 246 exec/s: 2761 rss: 87Mb L: 131/246 MS: 1 InsertRepeatedBytes-
#2771	NEW    cov: 1665 ft: 3626 corp: 154/14114b lim: 246 exec/s: 2771 rss: 87Mb L: 76/246 MS: 5 ChangeBit-InsertByte-ChangeBinInt-ChangeByte-PersAutoDict- DE: "\377\377\377\377\377\377\377\004"-
#2809	REDUCE cov: 1665 ft: 3626 corp: 154/14098b lim: 246 exec/s: 2809 rss: 87Mb L: 76/246 MS: 3 CrossOver-CopyPart-EraseBytes-
#2838	NEW    cov: 1669 ft: 3631 corp: 155/14344b lim: 246 exec/s: 2838 rss: 87Mb L: 246/246 MS: 4 ChangeBit-PersAutoDict-ChangeBinInt-CopyPart- DE: "co)e"-
#2839	NEW    cov: 1670 ft: 3633 corp: 156/14437b lim: 246 exec/s: 2839 rss: 87Mb L: 93/246 MS: 1 InsertByte-
#2842	NEW    cov: 1670 ft: 3644 corp: 157/14440b lim: 246 exec/s: 2842 rss: 87Mb L: 3/246 MS: 3 ChangeByte-ShuffleBytes-CrossOver-
#2860	NEW    cov: 1670 ft: 3659 corp: 158/14510b lim: 246 exec/s: 2860 rss: 87Mb L: 70/246 MS: 3 CopyPart-ChangeBit-PersAutoDict- DE: "\012\000"-
#2886	NEW    cov: 1671 ft: 3661 corp: 159/14513b lim: 246 exec/s: 2886 rss: 87Mb L: 3/246 MS: 1 ChangeBit-
#2896	REDUCE cov: 1671 ft: 3662 corp: 160/14554b lim: 246 exec/s: 2896 rss: 87Mb L: 41/246 MS: 5 ChangeBit-EraseBytes-InsertByte-ChangeBit-ChangeBinInt-
#2897	REDUCE cov: 1671 ft: 3662 corp: 160/14552b lim: 246 exec/s: 2897 rss: 87Mb L: 70/246 MS: 1 EraseBytes-
#2899	REDUCE cov: 1671 ft: 3662 corp: 160/14516b lim: 246 exec/s: 2899 rss: 87Mb L: 150/246 MS: 2 ChangeASCIIInt-EraseBytes-
#2922	NEW    cov: 1671 ft: 3663 corp: 161/14707b lim: 246 exec/s: 2922 rss: 87Mb L: 191/246 MS: 3 InsertByte-ShuffleBytes-ChangeByte-
#2938	NEW    cov: 1674 ft: 3666 corp: 162/14761b lim: 246 exec/s: 2938 rss: 87Mb L: 54/246 MS: 1 EraseBytes-
#2947	NEW    cov: 1674 ft: 3667 corp: 163/14989b lim: 246 exec/s: 2947 rss: 87Mb L: 228/246 MS: 4 ShuffleBytes-ShuffleBytes-ChangeBit-CrossOver-
#2948	REDUCE cov: 1677 ft: 3673 corp: 164/15049b lim: 246 exec/s: 2948 rss: 87Mb L: 60/246 MS: 1 ChangeBinInt-
#2954	NEW    cov: 1677 ft: 3681 corp: 165/15206b lim: 246 exec/s: 2954 rss: 88Mb L: 157/246 MS: 1 ChangeBinInt-
#2990	NEW    cov: 1679 ft: 3683 corp: 166/15394b lim: 246 exec/s: 2990 rss: 88Mb L: 188/246 MS: 1 CopyPart-
#2991	NEW    cov: 1679 ft: 3684 corp: 167/15511b lim: 246 exec/s: 2991 rss: 88Mb L: 117/246 MS: 1 ChangeByte-
#2992	REDUCE cov: 1679 ft: 3684 corp: 167/15505b lim: 246 exec/s: 2992 rss: 88Mb L: 151/246 MS: 1 EraseBytes-
#3031	NEW    cov: 1679 ft: 3715 corp: 168/15634b lim: 246 exec/s: 3031 rss: 88Mb L: 129/246 MS: 4 CrossOver-CMP-ChangeByte-CopyPart- DE: "\001\000\000\000\000\000\000="-
#3098	REDUCE cov: 1679 ft: 3715 corp: 168/15624b lim: 246 exec/s: 3098 rss: 88Mb L: 54/246 MS: 2 CMP-EraseBytes- DE: "\377\377\377\006"-
#3134	NEW    cov: 1679 ft: 3716 corp: 169/15627b lim: 246 exec/s: 3134 rss: 88Mb L: 3/246 MS: 1 ChangeByte-
#3150	REDUCE cov: 1679 ft: 3716 corp: 169/15602b lim: 246 exec/s: 3150 rss: 88Mb L: 42/246 MS: 1 EraseBytes-
#3151	NEW    cov: 1681 ft: 3718 corp: 170/15673b lim: 246 exec/s: 3151 rss: 88Mb L: 71/246 MS: 1 ChangeBit-
#3197	REDUCE cov: 1681 ft: 3718 corp: 170/15657b lim: 246 exec/s: 3197 rss: 88Mb L: 40/246 MS: 1 EraseBytes-
	NEW_FUNC[1/2]: 0x00010736a75c in _RINvNtCsf4gegaz8yYg_10serde_json4read12parse_escapeNtB2_9SliceReadEB4_+0x0 (registry_responses:arm64+0x10315275c)
	NEW_FUNC[2/2]: 0x000107635c1c in _RINvNvMs2_NtCskz1kcnNEWqq_5alloc7raw_vecINtB8_11RawVecInnerpE7reserve21do_reserve_and_handleNtNtBa_5alloc6GlobalECsf4gegaz8yYg_10serde_json+0x0 (registry_responses:arm64+0x10341dc1c)
#3234	NEW    cov: 1695 ft: 3734 corp: 171/15728b lim: 246 exec/s: 3234 rss: 88Mb L: 71/246 MS: 2 ChangeASCIIInt-ChangeBinInt-
#3251	NEW    cov: 1695 ft: 3737 corp: 172/15823b lim: 246 exec/s: 3251 rss: 88Mb L: 95/246 MS: 2 ChangeASCIIInt-CrossOver-
#3277	REDUCE cov: 1695 ft: 3737 corp: 172/15798b lim: 246 exec/s: 3277 rss: 88Mb L: 43/246 MS: 1 EraseBytes-
#3318	NEW    cov: 1698 ft: 3742 corp: 173/15996b lim: 246 exec/s: 3318 rss: 88Mb L: 198/246 MS: 1 CopyPart-
#3348	NEW    cov: 1699 ft: 3743 corp: 174/16005b lim: 246 exec/s: 3348 rss: 88Mb L: 9/246 MS: 5 ChangeBinInt-CopyPart-CrossOver-ShuffleBytes-ChangeBinInt-
#3352	REDUCE cov: 1699 ft: 3743 corp: 174/15950b lim: 246 exec/s: 3352 rss: 88Mb L: 143/246 MS: 4 ChangeByte-InsertByte-ChangeASCIIInt-EraseBytes-
#3367	REDUCE cov: 1699 ft: 3743 corp: 174/15938b lim: 246 exec/s: 3367 rss: 88Mb L: 176/246 MS: 5 ChangeBit-ChangeASCIIInt-ChangeBinInt-ChangeASCIIInt-EraseBytes-
#3368	REDUCE cov: 1699 ft: 3743 corp: 174/15936b lim: 246 exec/s: 3368 rss: 88Mb L: 7/246 MS: 1 EraseBytes-
#3389	NEW    cov: 1701 ft: 3746 corp: 175/15982b lim: 246 exec/s: 3389 rss: 88Mb L: 46/246 MS: 1 InsertByte-
	NEW_FUNC[1/1]: 0x00010426ed44 in _RINvXs0_NvXNvNtCs7djQdq5rSoW_10oci_client6errors1__NtBb_8OciErrorNtNtCsgkcQzOkLUyr_10serde_core2de11Deserialize11deserializeNtB6_9___VisitorNtB13_7Visitor9visit_seqINtNtCsf4gegaz8yYg_10serde_json2de9SeqAccessNtNtB2H_4read9SliceReadEECs7uDUvble1e5_18registry_responses errors.rs:116
#3395	NEW    cov: 1712 ft: 3759 corp: 176/15986b lim: 246 exec/s: 3395 rss: 88Mb L: 4/246 MS: 1 CopyPart-
#3398	REDUCE cov: 1712 ft: 3759 corp: 176/15985b lim: 246 exec/s: 3398 rss: 88Mb L: 188/246 MS: 3 InsertByte-ChangeASCIIInt-EraseBytes-
	NEW_FUNC[1/1]: 0x0001042bf900 in _RINvXsh_NtCsf4gegaz8yYg_10serde_json2deINtB6_6MapKeyNtNtB8_4read9SliceReadENtNtCsgkcQzOkLUyr_10serde_core2de12Deserializer15deserialize_anyNtNtB1d_5impls13StringVisitorECs7uDUvble1e5_18registry_responses de.rs:2215
#3434	NEW    cov: 1718 ft: 3806 corp: 177/16090b lim: 246 exec/s: 3434 rss: 88Mb L: 105/246 MS: 1 CrossOver-
#3460	REDUCE cov: 1718 ft: 3806 corp: 177/16004b lim: 246 exec/s: 3460 rss: 88Mb L: 160/246 MS: 1 EraseBytes-
#3490	REDUCE cov: 1725 ft: 3813 corp: 178/16008b lim: 246 exec/s: 3490 rss: 89Mb L: 4/246 MS: 5 ChangeByte-InsertByte-ShuffleBytes-ChangeASCIIInt-ShuffleBytes-
#3509	REDUCE cov: 1725 ft: 3813 corp: 178/15998b lim: 246 exec/s: 3509 rss: 89Mb L: 34/246 MS: 4 ChangeBit-CMP-CopyPart-EraseBytes- DE: ":\000\000\000\000\000\000\000"-
	NEW_FUNC[1/1]: 0x00010736ba40 in _RINvNtCsf4gegaz8yYg_10serde_json4read13ignore_escapeNtB2_9SliceReadEB4_+0x0 (registry_responses:arm64+0x103153a40)
#3515	NEW    cov: 1733 ft: 3833 corp: 179/16066b lim: 246 exec/s: 3515 rss: 89Mb L: 68/246 MS: 1 CrossOver-
#3516	REDUCE cov: 1736 ft: 3836 corp: 180/16186b lim: 246 exec/s: 3516 rss: 89Mb L: 120/246 MS: 1 EraseBytes-
#3621	NEW    cov: 1738 ft: 3838 corp: 181/16194b lim: 246 exec/s: 3621 rss: 89Mb L: 8/246 MS: 5 PersAutoDict-ChangeBit-ChangeBit-InsertByte-EraseBytes- DE: "\001\000\000\000\000\000\000="-
#3633	REDUCE cov: 1738 ft: 3838 corp: 181/16191b lim: 246 exec/s: 3633 rss: 89Mb L: 140/246 MS: 2 CMP-EraseBytes- DE: "\011\000\000\000\000\000\000\000"-
#3638	REDUCE cov: 1738 ft: 3838 corp: 181/16094b lim: 246 exec/s: 3638 rss: 89Mb L: 20/246 MS: 5 ChangeBit-ChangeByte-InsertRepeatedBytes-EraseBytes-CrossOver-
#3644	REDUCE cov: 1738 ft: 3838 corp: 181/16093b lim: 246 exec/s: 3644 rss: 89Mb L: 2/246 MS: 1 EraseBytes-
#3732	NEW    cov: 1739 ft: 3839 corp: 182/16166b lim: 246 exec/s: 3732 rss: 89Mb L: 73/246 MS: 3 ChangeASCIIInt-ChangeBit-InsertByte-
#3733	REDUCE cov: 1739 ft: 3839 corp: 182/16149b lim: 246 exec/s: 3733 rss: 89Mb L: 25/246 MS: 1 EraseBytes-
#3754	NEW    cov: 1739 ft: 3840 corp: 183/16346b lim: 246 exec/s: 3754 rss: 89Mb L: 197/246 MS: 1 ShuffleBytes-
#3775	REDUCE cov: 1739 ft: 3840 corp: 183/16339b lim: 246 exec/s: 3775 rss: 89Mb L: 150/246 MS: 1 EraseBytes-
#3806	NEW    cov: 1740 ft: 3841 corp: 184/16Kb lim: 246 exec/s: 3806 rss: 89Mb L: 235/246 MS: 1 InsertByte-
#3822	REDUCE cov: 1740 ft: 3841 corp: 184/16Kb lim: 246 exec/s: 3822 rss: 89Mb L: 74/246 MS: 1 EraseBytes-
#3869	NEW    cov: 1740 ft: 3842 corp: 185/16Kb lim: 246 exec/s: 3869 rss: 89Mb L: 156/246 MS: 2 InsertRepeatedBytes-EraseBytes-
#3870	NEW    cov: 1740 ft: 3844 corp: 186/16Kb lim: 246 exec/s: 3870 rss: 89Mb L: 21/246 MS: 1 CrossOver-
#3918	REDUCE cov: 1740 ft: 3844 corp: 186/16Kb lim: 246 exec/s: 3918 rss: 89Mb L: 26/246 MS: 3 CMP-ChangeByte-EraseBytes- DE: "\000\000\000\271"-
#3928	REDUCE cov: 1745 ft: 3849 corp: 187/16Kb lim: 246 exec/s: 3928 rss: 89Mb L: 1/246 MS: 5 ChangeByte-CopyPart-ShuffleBytes-CrossOver-ChangeBit-
#3934	NEW    cov: 1745 ft: 3850 corp: 188/16Kb lim: 246 exec/s: 3934 rss: 89Mb L: 71/246 MS: 1 ChangeBinInt-
#3940	NEW    cov: 1745 ft: 3851 corp: 189/16Kb lim: 246 exec/s: 3940 rss: 89Mb L: 71/246 MS: 1 CopyPart-
#3951	NEW    cov: 1750 ft: 3856 corp: 190/16Kb lim: 246 exec/s: 3951 rss: 90Mb L: 246/246 MS: 1 ShuffleBytes-
#3954	REDUCE cov: 1750 ft: 3856 corp: 190/16Kb lim: 246 exec/s: 3954 rss: 90Mb L: 35/246 MS: 3 InsertByte-CrossOver-CrossOver-
#3984	NEW    cov: 1750 ft: 3859 corp: 191/16Kb lim: 246 exec/s: 3984 rss: 90Mb L: 51/246 MS: 5 CopyPart-ChangeByte-InsertByte-EraseBytes-PersAutoDict- DE: "\012\000"-
#4006	REDUCE cov: 1750 ft: 3859 corp: 191/16Kb lim: 246 exec/s: 4006 rss: 90Mb L: 101/246 MS: 2 CMP-EraseBytes- DE: "\377\377\377\377\377\377\377\000"-
#4032	REDUCE cov: 1750 ft: 3859 corp: 191/16Kb lim: 246 exec/s: 4032 rss: 90Mb L: 55/246 MS: 1 CrossOver-
#4053	NEW    cov: 1754 ft: 3863 corp: 192/16Kb lim: 246 exec/s: 4053 rss: 90Mb L: 187/246 MS: 1 EraseBytes-
#4096	pulse  cov: 1754 ft: 3863 corp: 192/16Kb lim: 246 exec/s: 2048 rss: 90Mb
#4108	NEW    cov: 1754 ft: 3873 corp: 193/17Kb lim: 246 exec/s: 2054 rss: 90Mb L: 246/246 MS: 5 ShuffleBytes-ChangeBinInt-ChangeASCIIInt-ChangeBit-CrossOver-
#4278	REDUCE cov: 1754 ft: 3873 corp: 193/17Kb lim: 246 exec/s: 2139 rss: 92Mb L: 141/246 MS: 5 InsertRepeatedBytes-CMP-ChangeBit-CopyPart-CrossOver- DE: "\001\000\000\000\000\000\000\000"-
#4286	NEW    cov: 1756 ft: 3875 corp: 194/17Kb lim: 246 exec/s: 2143 rss: 92Mb L: 189/246 MS: 3 EraseBytes-PersAutoDict-CrossOver- DE: "\002\000\000\000\000\000\000\000"-
#4332	NEW    cov: 1756 ft: 3879 corp: 195/17Kb lim: 246 exec/s: 2166 rss: 93Mb L: 158/246 MS: 1 InsertByte-
#4333	NEW    cov: 1756 ft: 3880 corp: 196/17Kb lim: 246 exec/s: 2166 rss: 93Mb L: 47/246 MS: 1 InsertByte-
#4344	NEW    cov: 1759 ft: 3883 corp: 197/17Kb lim: 246 exec/s: 2172 rss: 93Mb L: 106/246 MS: 1 CrossOver-
#4355	NEW    cov: 1761 ft: 3885 corp: 198/17Kb lim: 246 exec/s: 2177 rss: 93Mb L: 21/246 MS: 1 ChangeBit-
#4357	NEW    cov: 1764 ft: 3888 corp: 199/17Kb lim: 246 exec/s: 2178 rss: 93Mb L: 173/246 MS: 2 InsertByte-InsertRepeatedBytes-
#4373	NEW    cov: 1765 ft: 3889 corp: 200/17Kb lim: 246 exec/s: 2186 rss: 93Mb L: 237/246 MS: 1 EraseBytes-
#4384	REDUCE cov: 1765 ft: 3889 corp: 200/17Kb lim: 246 exec/s: 2192 rss: 93Mb L: 61/246 MS: 1 EraseBytes-
#4385	NEW    cov: 1766 ft: 3913 corp: 201/18Kb lim: 246 exec/s: 2192 rss: 93Mb L: 246/246 MS: 1 ChangeByte-
#4412	REDUCE cov: 1767 ft: 3914 corp: 202/18Kb lim: 246 exec/s: 2206 rss: 93Mb L: 188/246 MS: 2 ChangeBit-ShuffleBytes-
#4423	NEW    cov: 1767 ft: 3916 corp: 203/18Kb lim: 246 exec/s: 2211 rss: 93Mb L: 246/246 MS: 1 CopyPart-
#4434	NEW    cov: 1770 ft: 3923 corp: 204/18Kb lim: 246 exec/s: 2217 rss: 93Mb L: 117/246 MS: 1 CrossOver-
#4466	REDUCE cov: 1770 ft: 3923 corp: 204/18Kb lim: 246 exec/s: 2233 rss: 93Mb L: 134/246 MS: 2 InsertRepeatedBytes-EraseBytes-
#4469	REDUCE cov: 1770 ft: 3923 corp: 204/18Kb lim: 246 exec/s: 2234 rss: 93Mb L: 43/246 MS: 3 ShuffleBytes-PersAutoDict-EraseBytes- DE: ":\000\000\000\000\000\000\000"-
#4482	REDUCE cov: 1770 ft: 3923 corp: 204/18Kb lim: 246 exec/s: 2241 rss: 93Mb L: 66/246 MS: 3 ChangeBit-ChangeBinInt-EraseBytes-
#4503	REDUCE cov: 1770 ft: 3923 corp: 204/18Kb lim: 246 exec/s: 2251 rss: 93Mb L: 131/246 MS: 1 EraseBytes-
#4504	NEW    cov: 1770 ft: 3929 corp: 205/18Kb lim: 246 exec/s: 2252 rss: 93Mb L: 185/246 MS: 1 EraseBytes-
#4520	REDUCE cov: 1770 ft: 3929 corp: 205/18Kb lim: 246 exec/s: 2260 rss: 93Mb L: 28/246 MS: 1 EraseBytes-
#4549	REDUCE cov: 1770 ft: 3929 corp: 205/18Kb lim: 246 exec/s: 2274 rss: 93Mb L: 147/246 MS: 4 ShuffleBytes-ChangeBinInt-ChangeBinInt-EraseBytes-
#4560	NEW    cov: 1771 ft: 3930 corp: 206/18Kb lim: 246 exec/s: 2280 rss: 93Mb L: 156/246 MS: 1 ChangeBit-
#4591	NEW    cov: 1771 ft: 3933 corp: 207/18Kb lim: 246 exec/s: 2295 rss: 93Mb L: 77/246 MS: 1 CrossOver-
#4612	REDUCE cov: 1771 ft: 3933 corp: 207/18Kb lim: 246 exec/s: 2306 rss: 93Mb L: 46/246 MS: 1 EraseBytes-
#4638	REDUCE cov: 1772 ft: 3934 corp: 208/18Kb lim: 246 exec/s: 2319 rss: 93Mb L: 2/246 MS: 1 CrossOver-
#4683	REDUCE cov: 1772 ft: 3934 corp: 208/18Kb lim: 246 exec/s: 2341 rss: 93Mb L: 25/246 MS: 5 InsertByte-InsertByte-ChangeBit-PersAutoDict-EraseBytes- DE: "\000\011"-
#4694	REDUCE cov: 1772 ft: 3934 corp: 208/18Kb lim: 246 exec/s: 2347 rss: 93Mb L: 139/246 MS: 1 EraseBytes-
#4700	REDUCE cov: 1772 ft: 3934 corp: 208/18Kb lim: 246 exec/s: 2350 rss: 93Mb L: 53/246 MS: 1 EraseBytes-
#4816	REDUCE cov: 1772 ft: 3934 corp: 208/18Kb lim: 246 exec/s: 2408 rss: 94Mb L: 31/246 MS: 1 EraseBytes-
#4817	NEW    cov: 1772 ft: 3937 corp: 209/18Kb lim: 246 exec/s: 2408 rss: 94Mb L: 95/246 MS: 1 ChangeByte-
#4824	REDUCE cov: 1772 ft: 3937 corp: 209/18Kb lim: 246 exec/s: 2412 rss: 94Mb L: 41/246 MS: 2 ChangeASCIIInt-EraseBytes-
#4827	NEW    cov: 1774 ft: 3939 corp: 210/19Kb lim: 246 exec/s: 2413 rss: 94Mb L: 75/246 MS: 3 ChangeBit-ShuffleBytes-CrossOver-
#4888	REDUCE cov: 1774 ft: 3939 corp: 210/19Kb lim: 246 exec/s: 2444 rss: 94Mb L: 222/246 MS: 1 EraseBytes-
#4931	REDUCE cov: 1774 ft: 3944 corp: 211/19Kb lim: 246 exec/s: 2465 rss: 94Mb L: 50/246 MS: 3 ChangeASCIIInt-CrossOver-CrossOver-
#4934	REDUCE cov: 1774 ft: 3944 corp: 211/19Kb lim: 246 exec/s: 2467 rss: 94Mb L: 169/246 MS: 3 ChangeASCIIInt-ChangeByte-EraseBytes-
#4954	REDUCE cov: 1774 ft: 3944 corp: 211/19Kb lim: 246 exec/s: 2477 rss: 94Mb L: 84/246 MS: 5 ChangeBit-CrossOver-ChangeBit-ChangeBinInt-EraseBytes-
#4987	REDUCE cov: 1774 ft: 3944 corp: 211/19Kb lim: 246 exec/s: 2493 rss: 94Mb L: 1/246 MS: 3 ChangeASCIIInt-ShuffleBytes-EraseBytes-
#5038	NEW    cov: 1774 ft: 3945 corp: 212/19Kb lim: 246 exec/s: 2519 rss: 94Mb L: 243/246 MS: 1 CopyPart-
#5054	NEW    cov: 1774 ft: 3946 corp: 213/19Kb lim: 246 exec/s: 2527 rss: 94Mb L: 193/246 MS: 1 CMP- DE: "layers"-
#5071	NEW    cov: 1779 ft: 3952 corp: 214/19Kb lim: 246 exec/s: 2535 rss: 94Mb L: 3/246 MS: 2 ShuffleBytes-PersAutoDict- DE: "\012\000"-
#5113	REDUCE cov: 1779 ft: 3952 corp: 214/19Kb lim: 246 exec/s: 2556 rss: 94Mb L: 35/246 MS: 2 PersAutoDict-EraseBytes- DE: "\000\000\000\271"-
#5114	REDUCE cov: 1779 ft: 3952 corp: 214/19Kb lim: 246 exec/s: 2557 rss: 94Mb L: 41/246 MS: 1 EraseBytes-
	NEW_FUNC[1/1]: 0x0001042f54c4 in _RNvMs3_NtCsf4gegaz8yYg_10serde_json2deINtB5_12DeserializerNtNtB7_4read9SliceReadE14parse_exponentCs7uDUvble1e5_18registry_responses de.rs:567
#5125	NEW    cov: 1791 ft: 3967 corp: 215/19Kb lim: 246 exec/s: 2562 rss: 94Mb L: 72/246 MS: 1 InsertByte-
#5168	NEW    cov: 1791 ft: 3969 corp: 216/19Kb lim: 246 exec/s: 2584 rss: 94Mb L: 95/246 MS: 3 ShuffleBytes-ChangeBinInt-ChangeByte-
#5169	REDUCE cov: 1791 ft: 3969 corp: 216/19Kb lim: 246 exec/s: 2584 rss: 94Mb L: 94/246 MS: 1 EraseBytes-
#5315	NEW    cov: 1791 ft: 3970 corp: 217/19Kb lim: 246 exec/s: 2657 rss: 94Mb L: 228/246 MS: 1 ChangeBinInt-
#5386	REDUCE cov: 1797 ft: 3976 corp: 218/19Kb lim: 246 exec/s: 2693 rss: 95Mb L: 60/246 MS: 1 ChangeByte-
#5412	NEW    cov: 1799 ft: 3978 corp: 219/19Kb lim: 246 exec/s: 2706 rss: 95Mb L: 16/246 MS: 1 PersAutoDict- DE: "\011\000\000\000\000\000\000\000"-
#5439	REDUCE cov: 1799 ft: 3978 corp: 219/19Kb lim: 246 exec/s: 2719 rss: 95Mb L: 98/246 MS: 2 CopyPart-EraseBytes-
#5450	REDUCE cov: 1799 ft: 3978 corp: 219/19Kb lim: 246 exec/s: 2725 rss: 95Mb L: 21/246 MS: 1 CrossOver-
#5487	REDUCE cov: 1799 ft: 3978 corp: 219/19Kb lim: 246 exec/s: 2743 rss: 95Mb L: 161/246 MS: 2 CMP-EraseBytes- DE: "\000\000\000\362"-
#5518	REDUCE cov: 1799 ft: 3978 corp: 219/19Kb lim: 246 exec/s: 2759 rss: 95Mb L: 231/246 MS: 1 EraseBytes-
#5519	REDUCE cov: 1799 ft: 3978 corp: 219/19Kb lim: 246 exec/s: 2759 rss: 95Mb L: 69/246 MS: 1 EraseBytes-
#5600	REDUCE cov: 1799 ft: 3978 corp: 219/19Kb lim: 246 exec/s: 2800 rss: 95Mb L: 64/246 MS: 1 EraseBytes-
#5626	NEW    cov: 1802 ft: 3981 corp: 220/19Kb lim: 246 exec/s: 2813 rss: 95Mb L: 246/246 MS: 1 ChangeByte-
#5643	NEW    cov: 1802 ft: 3982 corp: 221/20Kb lim: 246 exec/s: 2821 rss: 95Mb L: 246/246 MS: 2 ShuffleBytes-CopyPart-
#5724	REDUCE cov: 1802 ft: 3982 corp: 221/20Kb lim: 246 exec/s: 2862 rss: 95Mb L: 63/246 MS: 1 EraseBytes-
#5731	NEW    cov: 1802 ft: 3984 corp: 222/20Kb lim: 246 exec/s: 2865 rss: 95Mb L: 246/246 MS: 2 ChangeByte-CopyPart-
#5757	REDUCE cov: 1802 ft: 3984 corp: 222/20Kb lim: 246 exec/s: 2878 rss: 95Mb L: 85/246 MS: 1 EraseBytes-
#5763	NEW    cov: 1803 ft: 3985 corp: 223/20Kb lim: 246 exec/s: 2881 rss: 95Mb L: 17/246 MS: 1 ChangeBit-
#5777	NEW    cov: 1803 ft: 3987 corp: 224/20Kb lim: 246 exec/s: 2888 rss: 95Mb L: 211/246 MS: 4 InsertRepeatedBytes-ChangeASCIIInt-InsertByte-CrossOver-
#5798	NEW    cov: 1805 ft: 3989 corp: 225/20Kb lim: 246 exec/s: 2899 rss: 95Mb L: 45/246 MS: 1 ChangeBinInt-
#5803	REDUCE cov: 1805 ft: 3989 corp: 225/20Kb lim: 246 exec/s: 2901 rss: 95Mb L: 100/246 MS: 5 ChangeBinInt-PersAutoDict-CrossOver-ChangeASCIIInt-EraseBytes- DE: "deta"-
#5810	REDUCE cov: 1805 ft: 3989 corp: 225/20Kb lim: 246 exec/s: 2905 rss: 95Mb L: 46/246 MS: 2 ChangeBit-EraseBytes-
#5841	NEW    cov: 1812 ft: 4007 corp: 226/20Kb lim: 246 exec/s: 2920 rss: 95Mb L: 185/246 MS: 1 CrossOver-
#5882	REDUCE cov: 1812 ft: 4007 corp: 226/20Kb lim: 246 exec/s: 2941 rss: 95Mb L: 216/246 MS: 1 EraseBytes-
#5927	REDUCE cov: 1812 ft: 4007 corp: 226/20Kb lim: 246 exec/s: 2963 rss: 96Mb L: 87/246 MS: 5 ChangeBinInt-InsertByte-ChangeByte-InsertRepeatedBytes-EraseBytes-
#5950	NEW    cov: 1812 ft: 4008 corp: 227/20Kb lim: 246 exec/s: 2975 rss: 96Mb L: 95/246 MS: 3 ChangeByte-ChangeBinInt-ChangeByte-
#5962	REDUCE cov: 1812 ft: 4008 corp: 227/20Kb lim: 246 exec/s: 2981 rss: 96Mb L: 86/246 MS: 2 InsertByte-EraseBytes-
#6005	REDUCE cov: 1812 ft: 4008 corp: 227/20Kb lim: 246 exec/s: 3002 rss: 96Mb L: 52/246 MS: 3 InsertByte-ChangeBit-EraseBytes-
#6006	NEW    cov: 1814 ft: 4011 corp: 228/21Kb lim: 246 exec/s: 3003 rss: 96Mb L: 246/246 MS: 1 CopyPart-
#6018	REDUCE cov: 1816 ft: 4021 corp: 229/21Kb lim: 246 exec/s: 3009 rss: 96Mb L: 69/246 MS: 2 ChangeByte-CopyPart-
#6085	NEW    cov: 1818 ft: 4023 corp: 230/21Kb lim: 246 exec/s: 3042 rss: 96Mb L: 19/246 MS: 2 CrossOver-CrossOver-
#6107	REDUCE cov: 1818 ft: 4023 corp: 230/21Kb lim: 246 exec/s: 3053 rss: 96Mb L: 21/246 MS: 2 ShuffleBytes-EraseBytes-
#6137	NEW    cov: 1818 ft: 4024 corp: 231/21Kb lim: 246 exec/s: 3068 rss: 96Mb L: 61/246 MS: 5 PersAutoDict-ShuffleBytes-EraseBytes-CMP-PersAutoDict- DE: "error0"-"\001\000`^\224F\3574"-"\012\000"-
#6168	NEW    cov: 1818 ft: 4025 corp: 232/21Kb lim: 246 exec/s: 3084 rss: 96Mb L: 170/246 MS: 1 CMP- DE: "AUUNTHORIZED"-
#6197	NEW    cov: 1820 ft: 4029 corp: 233/21Kb lim: 246 exec/s: 3098 rss: 96Mb L: 80/246 MS: 4 ChangeBinInt-CMP-InsertByte-CopyPart- DE: "\000\000\000\000\000\000\000\000"-
#6215	NEW    cov: 1822 ft: 4031 corp: 234/21Kb lim: 246 exec/s: 3107 rss: 96Mb L: 57/246 MS: 3 CMP-EraseBytes-CMP- DE: "\007\000"-"\015\000\000\000\000\000\000\000"-
#6298	REDUCE cov: 1822 ft: 4031 corp: 234/21Kb lim: 246 exec/s: 3149 rss: 96Mb L: 56/246 MS: 3 InsertByte-ChangeBit-CrossOver-
#6339	REDUCE cov: 1822 ft: 4031 corp: 234/21Kb lim: 246 exec/s: 3169 rss: 96Mb L: 158/246 MS: 1 EraseBytes-
#6440	NEW    cov: 1824 ft: 4033 corp: 235/21Kb lim: 246 exec/s: 3220 rss: 96Mb L: 51/246 MS: 1 CopyPart-
#6531	REDUCE cov: 1824 ft: 4033 corp: 235/21Kb lim: 246 exec/s: 3265 rss: 96Mb L: 11/246 MS: 1 EraseBytes-
#6557	NEW    cov: 1826 ft: 4035 corp: 236/21Kb lim: 246 exec/s: 3278 rss: 96Mb L: 61/246 MS: 1 InsertByte-
#6622	NEW    cov: 1826 ft: 4037 corp: 237/21Kb lim: 246 exec/s: 3311 rss: 97Mb L: 102/246 MS: 5 CopyPart-InsertByte-InsertByte-CrossOver-PersAutoDict- DE: "\012\000"-
#6626	NEW    cov: 1828 ft: 4040 corp: 238/21Kb lim: 246 exec/s: 3313 rss: 97Mb L: 64/246 MS: 4 ChangeBit-ChangeASCIIInt-ChangeBinInt-EraseBytes-
#6627	REDUCE cov: 1828 ft: 4040 corp: 238/21Kb lim: 246 exec/s: 3313 rss: 97Mb L: 210/246 MS: 1 EraseBytes-
#6644	REDUCE cov: 1828 ft: 4040 corp: 238/21Kb lim: 246 exec/s: 3322 rss: 97Mb L: 50/246 MS: 2 InsertRepeatedBytes-EraseBytes-
#6655	NEW    cov: 1828 ft: 4041 corp: 239/21Kb lim: 246 exec/s: 3327 rss: 97Mb L: 71/246 MS: 1 ChangeByte-
#6751	REDUCE cov: 1828 ft: 4041 corp: 239/21Kb lim: 246 exec/s: 3375 rss: 97Mb L: 19/246 MS: 1 EraseBytes-
#6761	NEW    cov: 1828 ft: 4044 corp: 240/21Kb lim: 246 exec/s: 3380 rss: 97Mb L: 163/246 MS: 5 InsertByte-ChangeBit-CopyPart-CopyPart-CrossOver-
#6781	REDUCE cov: 1828 ft: 4044 corp: 240/21Kb lim: 246 exec/s: 3390 rss: 97Mb L: 63/246 MS: 5 InsertByte-PersAutoDict-CopyPart-EraseBytes-EraseBytes- DE: "\000\000\000\000\000\000\000\000"-
#6827	NEW    cov: 1832 ft: 4050 corp: 241/21Kb lim: 246 exec/s: 3413 rss: 97Mb L: 28/246 MS: 1 ChangeByte-
#6828	NEW    cov: 1832 ft: 4053 corp: 242/21Kb lim: 246 exec/s: 3414 rss: 97Mb L: 57/246 MS: 1 PersAutoDict- DE: "SIZE_INVALID"-
#6849	REDUCE cov: 1832 ft: 4053 corp: 242/21Kb lim: 246 exec/s: 3424 rss: 97Mb L: 79/246 MS: 1 EraseBytes-
#6865	REDUCE cov: 1832 ft: 4053 corp: 242/21Kb lim: 246 exec/s: 3432 rss: 97Mb L: 23/246 MS: 1 CrossOver-
#6911	REDUCE cov: 1832 ft: 4053 corp: 242/21Kb lim: 246 exec/s: 3455 rss: 97Mb L: 31/246 MS: 1 EraseBytes-
#6937	REDUCE cov: 1832 ft: 4053 corp: 242/21Kb lim: 246 exec/s: 3468 rss: 97Mb L: 50/246 MS: 1 CrossOver-
#6968	REDUCE cov: 1832 ft: 4053 corp: 242/21Kb lim: 246 exec/s: 3484 rss: 97Mb L: 31/246 MS: 1 EraseBytes-
#7070	REDUCE cov: 1832 ft: 4053 corp: 242/21Kb lim: 246 exec/s: 3535 rss: 97Mb L: 50/246 MS: 2 CopyPart-EraseBytes-
#7096	NEW    cov: 1833 ft: 4054 corp: 243/21Kb lim: 246 exec/s: 3548 rss: 97Mb L: 76/246 MS: 1 CopyPart-
#7122	REDUCE cov: 1833 ft: 4054 corp: 243/21Kb lim: 246 exec/s: 3561 rss: 97Mb L: 51/246 MS: 1 EraseBytes-
#7210	REDUCE cov: 1833 ft: 4054 corp: 243/21Kb lim: 246 exec/s: 3605 rss: 98Mb L: 124/246 MS: 3 CopyPart-EraseBytes-EraseBytes-
#7274	NEW    cov: 1834 ft: 4056 corp: 244/21Kb lim: 246 exec/s: 2424 rss: 98Mb L: 31/246 MS: 4 ChangeBinInt-EraseBytes-ChangeByte-CrossOver-
#7300	REDUCE cov: 1834 ft: 4056 corp: 244/21Kb lim: 246 exec/s: 2433 rss: 98Mb L: 3/246 MS: 1 EraseBytes-
#7302	REDUCE cov: 1834 ft: 4056 corp: 244/21Kb lim: 246 exec/s: 2434 rss: 100Mb L: 10/246 MS: 2 ChangeByte-EraseBytes-
#7309	REDUCE cov: 1835 ft: 4057 corp: 245/21Kb lim: 246 exec/s: 2436 rss: 100Mb L: 11/246 MS: 2 PersAutoDict-CrossOver- DE: "co)e"-
#7326	NEW    cov: 1835 ft: 4058 corp: 246/21Kb lim: 246 exec/s: 2442 rss: 100Mb L: 31/246 MS: 2 ShuffleBytes-CrossOver-
#7334	REDUCE cov: 1835 ft: 4058 corp: 246/21Kb lim: 246 exec/s: 2444 rss: 100Mb L: 8/246 MS: 3 ChangeBinInt-InsertRepeatedBytes-CrossOver-
#7425	REDUCE cov: 1835 ft: 4058 corp: 246/21Kb lim: 246 exec/s: 2475 rss: 100Mb L: 6/246 MS: 1 EraseBytes-
#7479	REDUCE cov: 1835 ft: 4058 corp: 246/21Kb lim: 246 exec/s: 2493 rss: 100Mb L: 31/246 MS: 4 CrossOver-ShuffleBytes-InsertRepeatedBytes-EraseBytes-
#7480	REDUCE cov: 1835 ft: 4061 corp: 247/21Kb lim: 246 exec/s: 2493 rss: 100Mb L: 140/246 MS: 1 CopyPart-
#7524	NEW    cov: 1835 ft: 4062 corp: 248/22Kb lim: 246 exec/s: 2508 rss: 100Mb L: 243/246 MS: 4 InsertRepeatedBytes-ChangeASCIIInt-ChangeASCIIInt-ChangeByte-
#7605	REDUCE cov: 1835 ft: 4062 corp: 248/22Kb lim: 246 exec/s: 2535 rss: 100Mb L: 187/246 MS: 1 EraseBytes-
#7606	NEW    cov: 1837 ft: 4064 corp: 249/22Kb lim: 246 exec/s: 2535 rss: 100Mb L: 76/246 MS: 1 EraseBytes-
#7612	NEW    cov: 1837 ft: 4065 corp: 250/22Kb lim: 246 exec/s: 2537 rss: 100Mb L: 28/246 MS: 1 PersAutoDict- DE: "\377\377\377\006"-
#7639	NEW    cov: 1837 ft: 4067 corp: 251/22Kb lim: 246 exec/s: 2546 rss: 100Mb L: 70/246 MS: 2 InsertByte-CopyPart-
#7657	REDUCE cov: 1837 ft: 4067 corp: 251/22Kb lim: 246 exec/s: 2552 rss: 100Mb L: 106/246 MS: 3 InsertByte-ShuffleBytes-CrossOver-
#7699	NEW    cov: 1837 ft: 4068 corp: 252/22Kb lim: 246 exec/s: 2566 rss: 100Mb L: 163/246 MS: 2 ChangeBit-InsertRepeatedBytes-
#7868	REDUCE cov: 1837 ft: 4068 corp: 252/22Kb lim: 246 exec/s: 2622 rss: 100Mb L: 26/246 MS: 4 InsertByte-ChangeByte-ChangeBinInt-EraseBytes-
#7891	REDUCE cov: 1837 ft: 4068 corp: 252/22Kb lim: 246 exec/s: 2630 rss: 101Mb L: 21/246 MS: 3 ShuffleBytes-CopyPart-EraseBytes-
#7892	REDUCE cov: 1837 ft: 4068 corp: 252/22Kb lim: 246 exec/s: 2630 rss: 101Mb L: 59/246 MS: 1 EraseBytes-
#8029	REDUCE cov: 1837 ft: 4068 corp: 252/22Kb lim: 246 exec/s: 2676 rss: 101Mb L: 16/246 MS: 2 PersAutoDict-EraseBytes- DE: "\002\000\000\000\000\000\000\000"-
#8100	REDUCE cov: 1837 ft: 4068 corp: 252/22Kb lim: 246 exec/s: 2700 rss: 101Mb L: 110/246 MS: 1 EraseBytes-
#8192	pulse  cov: 1837 ft: 4068 corp: 252/22Kb lim: 246 exec/s: 2730 rss: 101Mb
#8239	REDUCE cov: 1837 ft: 4069 corp: 253/22Kb lim: 246 exec/s: 2746 rss: 101Mb L: 39/246 MS: 4 ChangeBinInt-ChangeBinInt-CrossOver-CMP- DE: "\012\000\000\000\000\000\000\000"-
#8301	NEW    cov: 1838 ft: 4070 corp: 254/22Kb lim: 246 exec/s: 2767 rss: 101Mb L: 93/246 MS: 2 CMP-ShuffleBytes- DE: "schVremaesion"-
#8306	NEW    cov: 1838 ft: 4071 corp: 255/22Kb lim: 246 exec/s: 2768 rss: 101Mb L: 106/246 MS: 5 CrossOver-EraseBytes-ChangeASCIIInt-CMP-CopyPart- DE: "\001\000"-
#8389	NEW    cov: 1839 ft: 4072 corp: 256/22Kb lim: 246 exec/s: 2796 rss: 101Mb L: 176/246 MS: 3 ChangeASCIIInt-InsertRepeatedBytes-ChangeBit-
#8415	NEW    cov: 1841 ft: 4074 corp: 257/22Kb lim: 246 exec/s: 2805 rss: 101Mb L: 131/246 MS: 1 CopyPart-
#8416	NEW    cov: 1841 ft: 4076 corp: 258/22Kb lim: 246 exec/s: 2805 rss: 101Mb L: 242/246 MS: 1 CopyPart-
	NEW_FUNC[1/1]: 0x0001042f1b60 in _RNvMs3_NtCsf4gegaz8yYg_10serde_json2deINtB5_12DeserializerNtNtB7_4read9SliceReadE13parse_decimalCs7uDUvble1e5_18registry_responses de.rs:530
#8422	NEW    cov: 1857 ft: 4093 corp: 259/23Kb lim: 246 exec/s: 2807 rss: 101Mb L: 71/246 MS: 1 ChangeBit-
#8558	REDUCE cov: 1857 ft: 4093 corp: 259/23Kb lim: 246 exec/s: 2852 rss: 102Mb L: 66/246 MS: 1 EraseBytes-
#8571	NEW    cov: 1857 ft: 4095 corp: 260/23Kb lim: 246 exec/s: 2857 rss: 102Mb L: 106/246 MS: 3 CrossOver-ChangeBit-CrossOver-
#8575	NEW    cov: 1857 ft: 4097 corp: 261/23Kb lim: 246 exec/s: 2858 rss: 102Mb L: 246/246 MS: 4 CopyPart-CMP-ChangeASCIIInt-ShuffleBytes- DE: "ersors"-
#8587	NEW    cov: 1857 ft: 4098 corp: 262/23Kb lim: 246 exec/s: 2862 rss: 102Mb L: 63/246 MS: 2 CMP-EraseBytes- DE: "\376\377\377\377"-
#8588	REDUCE cov: 1857 ft: 4098 corp: 262/23Kb lim: 246 exec/s: 2862 rss: 102Mb L: 205/246 MS: 1 EraseBytes-
#8589	REDUCE cov: 1857 ft: 4098 corp: 262/23Kb lim: 246 exec/s: 2863 rss: 102Mb L: 35/246 MS: 1 EraseBytes-
#8600	REDUCE cov: 1857 ft: 4098 corp: 262/23Kb lim: 246 exec/s: 2866 rss: 102Mb L: 141/246 MS: 1 EraseBytes-
	NEW_FUNC[1/1]: 0x0001042f6360 in _RNvMs3_NtCsf4gegaz8yYg_10serde_json2deINtB5_12DeserializerNtNtB7_4read9SliceReadE15ignore_exponentCs7uDUvble1e5_18registry_responses de.rs:1261
#8624	REDUCE cov: 1867 ft: 4117 corp: 263/23Kb lim: 246 exec/s: 2874 rss: 102Mb L: 206/246 MS: 4 PersAutoDict-EraseBytes-CMP-CopyPart- DE: "\377\377\377\377\377\377\377\016"-"V\000\000\000\000\000\000\000"-
#8636	REDUCE cov: 1867 ft: 4117 corp: 263/23Kb lim: 246 exec/s: 2878 rss: 102Mb L: 82/246 MS: 2 ChangeByte-CrossOver-
#8639	REDUCE cov: 1867 ft: 4117 corp: 263/23Kb lim: 246 exec/s: 2879 rss: 102Mb L: 27/246 MS: 3 ShuffleBytes-ShuffleBytes-EraseBytes-
#8649	NEW    cov: 1869 ft: 4119 corp: 264/23Kb lim: 246 exec/s: 2883 rss: 102Mb L: 45/246 MS: 5 ChangeBit-ChangeBit-ShuffleBytes-PersAutoDict-PersAutoDict- DE: "\002\000\000\000\000\000\000\000"-"\011\000\000\000\000\000\000\000"-
#8739	REDUCE cov: 1869 ft: 4119 corp: 264/23Kb lim: 246 exec/s: 2913 rss: 102Mb L: 82/246 MS: 5 CrossOver-InsertByte-ChangeBinInt-ChangeBinInt-EraseBytes-
#8785	NEW    cov: 1871 ft: 4141 corp: 265/23Kb lim: 246 exec/s: 2928 rss: 102Mb L: 79/246 MS: 1 PersAutoDict- DE: "\012\000\000\000\000\000\000\000"-
#8862	REDUCE cov: 1871 ft: 4141 corp: 265/23Kb lim: 246 exec/s: 2954 rss: 102Mb L: 102/246 MS: 2 CopyPart-EraseBytes-
#8895	REDUCE cov: 1871 ft: 4141 corp: 265/23Kb lim: 246 exec/s: 2965 rss: 102Mb L: 61/246 MS: 3 ChangeByte-CMP-EraseBytes- DE: "AUUNTHORIZED"-
#8921	REDUCE cov: 1872 ft: 4143 corp: 266/23Kb lim: 246 exec/s: 2973 rss: 102Mb L: 27/246 MS: 1 PersAutoDict- DE: "\011\000\000\000\000\000\000\000"-
#8943	NEW    cov: 1872 ft: 4150 corp: 267/23Kb lim: 246 exec/s: 2981 rss: 102Mb L: 4/246 MS: 2 EraseBytes-CrossOver-
#8955	NEW    cov: 1874 ft: 4152 corp: 268/23Kb lim: 246 exec/s: 2985 rss: 102Mb L: 45/246 MS: 2 ShuffleBytes-ChangeBit-
#9002	NEW    cov: 1874 ft: 4165 corp: 269/23Kb lim: 246 exec/s: 3000 rss: 103Mb L: 24/246 MS: 2 InsertByte-InsertRepeatedBytes-
#9023	REDUCE cov: 1874 ft: 4165 corp: 269/23Kb lim: 246 exec/s: 3007 rss: 103Mb L: 53/246 MS: 1 EraseBytes-
#9036	REDUCE cov: 1874 ft: 4165 corp: 269/23Kb lim: 246 exec/s: 3012 rss: 103Mb L: 57/246 MS: 3 ChangeASCIIInt-ChangeBinInt-EraseBytes-
#9057	NEW    cov: 1874 ft: 4170 corp: 270/23Kb lim: 246 exec/s: 3019 rss: 103Mb L: 232/246 MS: 1 ShuffleBytes-
#9069	REDUCE cov: 1874 ft: 4170 corp: 270/23Kb lim: 246 exec/s: 3023 rss: 103Mb L: 66/246 MS: 2 ChangeBit-EraseBytes-
#9070	REDUCE cov: 1874 ft: 4170 corp: 270/23Kb lim: 246 exec/s: 3023 rss: 103Mb L: 101/246 MS: 1 EraseBytes-
#9075	REDUCE cov: 1876 ft: 4174 corp: 271/23Kb lim: 246 exec/s: 3025 rss: 103Mb L: 102/246 MS: 5 ChangeByte-InsertByte-InsertByte-CrossOver-EraseBytes-
#9086	NEW    cov: 1878 ft: 4176 corp: 272/24Kb lim: 246 exec/s: 3028 rss: 103Mb L: 185/246 MS: 1 ShuffleBytes-
#9104	NEW    cov: 1880 ft: 4178 corp: 273/24Kb lim: 246 exec/s: 3034 rss: 103Mb L: 15/246 MS: 3 CopyPart-ChangeBinInt-EraseBytes-
#9116	REDUCE cov: 1880 ft: 4178 corp: 273/24Kb lim: 246 exec/s: 3038 rss: 103Mb L: 12/246 MS: 2 ChangeBit-EraseBytes-
#9147	NEW    cov: 1881 ft: 4179 corp: 274/24Kb lim: 246 exec/s: 3049 rss: 103Mb L: 50/246 MS: 1 ChangeByte-
#9183	REDUCE cov: 1881 ft: 4179 corp: 274/24Kb lim: 246 exec/s: 3061 rss: 103Mb L: 127/246 MS: 1 EraseBytes-
#9197	NEW    cov: 1884 ft: 4182 corp: 275/24Kb lim: 246 exec/s: 3065 rss: 103Mb L: 246/246 MS: 4 ChangeBinInt-ChangeByte-ShuffleBytes-ChangeByte-
#9273	REDUCE cov: 1884 ft: 4182 corp: 275/24Kb lim: 246 exec/s: 3091 rss: 103Mb L: 27/246 MS: 1 EraseBytes-
	NEW_FUNC[1/1]: 0x0001075d0d0c in _RNvMs3_NtCsf4gegaz8yYg_10serde_json2deINtB5_12DeserializerNtNtB7_4read9SliceReadE18parse_long_integerCs7djQdq5rSoW_10oci_client+0x0 (registry_responses:arm64+0x1033b8d0c)
#9279	NEW    cov: 1897 ft: 4198 corp: 276/24Kb lim: 246 exec/s: 3093 rss: 103Mb L: 246/246 MS: 1 CopyPart-
#9284	REDUCE cov: 1897 ft: 4198 corp: 276/24Kb lim: 246 exec/s: 3094 rss: 103Mb L: 47/246 MS: 5 CopyPart-CrossOver-ChangeBinInt-ChangeBinInt-EraseBytes-
#9426	REDUCE cov: 1897 ft: 4198 corp: 276/24Kb lim: 246 exec/s: 3142 rss: 103Mb L: 51/246 MS: 2 CrossOver-CrossOver-
#9431	REDUCE cov: 1897 ft: 4198 corp: 276/24Kb lim: 246 exec/s: 3143 rss: 103Mb L: 137/246 MS: 5 ChangeBit-CopyPart-CrossOver-EraseBytes-EraseBytes-
#9444	REDUCE cov: 1897 ft: 4198 corp: 276/24Kb lim: 246 exec/s: 3148 rss: 103Mb L: 148/246 MS: 3 PersAutoDict-InsertRepeatedBytes-EraseBytes- DE: "\000\011"-
#9456	REDUCE cov: 1897 ft: 4198 corp: 276/24Kb lim: 246 exec/s: 3152 rss: 103Mb L: 189/246 MS: 2 ChangeASCIIInt-EraseBytes-
#9504	REDUCE cov: 1897 ft: 4201 corp: 277/24Kb lim: 246 exec/s: 3168 rss: 103Mb L: 104/246 MS: 3 CopyPart-EraseBytes-ChangeBinInt-
#9537	NEW    cov: 1897 ft: 4203 corp: 278/24Kb lim: 246 exec/s: 3179 rss: 103Mb L: 138/246 MS: 3 CopyPart-PersAutoDict-CopyPart- DE: "\002\000\000\000\000\000\000\000"-
#9539	REDUCE cov: 1897 ft: 4203 corp: 278/24Kb lim: 246 exec/s: 3179 rss: 103Mb L: 70/246 MS: 2 ChangeBinInt-EraseBytes-
#9543	NEW    cov: 1897 ft: 4204 corp: 279/24Kb lim: 246 exec/s: 3181 rss: 104Mb L: 232/246 MS: 4 ChangeByte-CMP-PersAutoDict-ChangeByte- DE: "MANIFEST_UNKNOWN"-"deta"-
#9559	NEW    cov: 1897 ft: 4206 corp: 280/25Kb lim: 246 exec/s: 3186 rss: 104Mb L: 190/246 MS: 1 CrossOver-
#9566	REDUCE cov: 1897 ft: 4206 corp: 280/25Kb lim: 246 exec/s: 3188 rss: 104Mb L: 122/246 MS: 2 ChangeBit-EraseBytes-
#9569	NEW    cov: 1897 ft: 4207 corp: 281/25Kb lim: 246 exec/s: 3189 rss: 104Mb L: 143/246 MS: 3 InsertRepeatedBytes-PersAutoDict-EraseBytes- DE: "SIZE_INVALID"-
#9571	REDUCE cov: 1897 ft: 4207 corp: 281/25Kb lim: 246 exec/s: 3190 rss: 104Mb L: 46/246 MS: 2 PersAutoDict-EraseBytes- DE: "\012\000"-
#9578	NEW    cov: 1897 ft: 4210 corp: 282/25Kb lim: 246 exec/s: 3192 rss: 104Mb L: 144/246 MS: 2 EraseBytes-InsertRepeatedBytes-
#9645	REDUCE cov: 1897 ft: 4210 corp: 282/25Kb lim: 246 exec/s: 3215 rss: 104Mb L: 238/246 MS: 2 ShuffleBytes-EraseBytes-
#9675	REDUCE cov: 1897 ft: 4210 corp: 282/25Kb lim: 246 exec/s: 3225 rss: 104Mb L: 117/246 MS: 5 CrossOver-EraseBytes-CopyPart-ShuffleBytes-InsertByte-
#9681	REDUCE cov: 1897 ft: 4210 corp: 282/25Kb lim: 246 exec/s: 3227 rss: 104Mb L: 133/246 MS: 1 EraseBytes-
#9707	REDUCE cov: 1897 ft: 4212 corp: 283/25Kb lim: 246 exec/s: 3235 rss: 104Mb L: 70/246 MS: 1 CMP- DE: "dige"-
#9756	NEW    cov: 1897 ft: 4214 corp: 284/25Kb lim: 246 exec/s: 3252 rss: 104Mb L: 241/246 MS: 4 CrossOver-PersAutoDict-ShuffleBytes-CrossOver- DE: "SIZE_INVALID"-
#9763	NEW    cov: 1902 ft: 4252 corp: 285/25Kb lim: 246 exec/s: 3254 rss: 104Mb L: 88/246 MS: 2 ChangeBit-ChangeBinInt-
#9769	NEW    cov: 1903 ft: 4253 corp: 286/25Kb lim: 246 exec/s: 3256 rss: 104Mb L: 70/246 MS: 1 CopyPart-
#9781	REDUCE cov: 1903 ft: 4253 corp: 286/25Kb lim: 246 exec/s: 3260 rss: 104Mb L: 124/246 MS: 2 ChangeByte-EraseBytes-
#9827	REDUCE cov: 1903 ft: 4253 corp: 286/25Kb lim: 246 exec/s: 3275 rss: 104Mb L: 145/246 MS: 1 EraseBytes-
#9858	REDUCE cov: 1903 ft: 4253 corp: 286/25Kb lim: 246 exec/s: 3286 rss: 104Mb L: 64/246 MS: 1 EraseBytes-
#9859	REDUCE cov: 1903 ft: 4253 corp: 286/25Kb lim: 246 exec/s: 3286 rss: 104Mb L: 35/246 MS: 1 CrossOver-
#9872	REDUCE cov: 1903 ft: 4255 corp: 287/25Kb lim: 246 exec/s: 3290 rss: 104Mb L: 59/246 MS: 3 ChangeASCIIInt-ShuffleBytes-CopyPart-
#9885	NEW    cov: 1903 ft: 4256 corp: 288/25Kb lim: 246 exec/s: 3295 rss: 104Mb L: 51/246 MS: 3 CopyPart-ChangeBinInt-CrossOver-
#9894	REDUCE cov: 1903 ft: 4256 corp: 288/25Kb lim: 246 exec/s: 3298 rss: 104Mb L: 8/246 MS: 4 ShuffleBytes-ShuffleBytes-ShuffleBytes-EraseBytes-
#9924	NEW    cov: 1903 ft: 4257 corp: 289/25Kb lim: 246 exec/s: 3308 rss: 104Mb L: 94/246 MS: 5 ChangeASCIIInt-InsertByte-ChangeASCIIInt-ChangeBinInt-PersAutoDict- DE: "MANIFEST_UNKNOWN"-
#9970	NEW    cov: 1903 ft: 4259 corp: 290/25Kb lim: 246 exec/s: 3323 rss: 105Mb L: 71/246 MS: 1 CopyPart-
#10000	REDUCE cov: 1903 ft: 4259 corp: 290/25Kb lim: 246 exec/s: 3333 rss: 105Mb L: 32/246 MS: 5 ChangeASCIIInt-CMP-ChangeBinInt-InsertByte-EraseBytes- DE: "\001\000\000\000\000\000\000\002"-
#10006	REDUCE cov: 1903 ft: 4259 corp: 290/25Kb lim: 246 exec/s: 3335 rss: 105Mb L: 88/246 MS: 1 EraseBytes-
#10007	REDUCE cov: 1903 ft: 4259 corp: 290/25Kb lim: 246 exec/s: 3335 rss: 105Mb L: 168/246 MS: 1 EraseBytes-
#10024	REDUCE cov: 1903 ft: 4259 corp: 290/25Kb lim: 246 exec/s: 3341 rss: 105Mb L: 125/246 MS: 2 ShuffleBytes-EraseBytes-
#10052	REDUCE cov: 1903 ft: 4259 corp: 290/25Kb lim: 246 exec/s: 3350 rss: 105Mb L: 231/246 MS: 3 CopyPart-ChangeByte-EraseBytes-
#10073	REDUCE cov: 1903 ft: 4259 corp: 290/25Kb lim: 246 exec/s: 3357 rss: 105Mb L: 177/246 MS: 1 EraseBytes-
#10194	NEW    cov: 1903 ft: 4291 corp: 291/25Kb lim: 246 exec/s: 2548 rss: 105Mb L: 118/246 MS: 1 CrossOver-
#10299	NEW    cov: 1903 ft: 4292 corp: 292/25Kb lim: 246 exec/s: 2574 rss: 107Mb L: 84/246 MS: 5 CopyPart-CopyPart-InsertByte-CopyPart-EraseBytes-
#10315	REDUCE cov: 1903 ft: 4292 corp: 292/25Kb lim: 246 exec/s: 2578 rss: 107Mb L: 128/246 MS: 1 EraseBytes-
#10337	REDUCE cov: 1903 ft: 4292 corp: 292/25Kb lim: 246 exec/s: 2584 rss: 107Mb L: 36/246 MS: 2 CopyPart-EraseBytes-
#10343	NEW    cov: 1905 ft: 4294 corp: 293/26Kb lim: 246 exec/s: 2585 rss: 107Mb L: 246/246 MS: 1 ChangeBinInt-
#10357	REDUCE cov: 1905 ft: 4294 corp: 293/26Kb lim: 246 exec/s: 2589 rss: 107Mb L: 44/246 MS: 4 ChangeByte-CrossOver-ChangeByte-EraseBytes-
#10391	REDUCE cov: 1905 ft: 4294 corp: 293/26Kb lim: 246 exec/s: 2597 rss: 107Mb L: 63/246 MS: 4 ShuffleBytes-CrossOver-ChangeByte-EraseBytes-
#10412	REDUCE cov: 1905 ft: 4294 corp: 293/26Kb lim: 246 exec/s: 2603 rss: 107Mb L: 53/246 MS: 1 EraseBytes-
#10467	REDUCE cov: 1905 ft: 4295 corp: 294/26Kb lim: 246 exec/s: 2616 rss: 107Mb L: 107/246 MS: 5 ChangeByte-CMP-EraseBytes-ChangeByte-InsertRepeatedBytes- DE: "AUUNTHORIZED"-
#10528	REDUCE cov: 1905 ft: 4295 corp: 294/26Kb lim: 246 exec/s: 2632 rss: 107Mb L: 35/246 MS: 1 EraseBytes-
#10591	NEW    cov: 1905 ft: 4299 corp: 295/26Kb lim: 246 exec/s: 2647 rss: 107Mb L: 40/246 MS: 3 CrossOver-CrossOver-EraseBytes-
#10615	REDUCE cov: 1905 ft: 4299 corp: 295/26Kb lim: 246 exec/s: 2653 rss: 107Mb L: 177/246 MS: 4 CopyPart-CopyPart-CrossOver-EraseBytes-
#10671	REDUCE cov: 1905 ft: 4299 corp: 295/26Kb lim: 246 exec/s: 2667 rss: 107Mb L: 30/246 MS: 1 EraseBytes-
#10698	REDUCE cov: 1905 ft: 4299 corp: 295/26Kb lim: 246 exec/s: 2674 rss: 107Mb L: 128/246 MS: 2 InsertRepeatedBytes-EraseBytes-
#10734	REDUCE cov: 1905 ft: 4299 corp: 295/26Kb lim: 246 exec/s: 2683 rss: 107Mb L: 122/246 MS: 1 EraseBytes-
#10745	REDUCE cov: 1905 ft: 4299 corp: 295/25Kb lim: 246 exec/s: 2686 rss: 108Mb L: 31/246 MS: 1 EraseBytes-
#10815	REDUCE cov: 1905 ft: 4299 corp: 295/25Kb lim: 246 exec/s: 2703 rss: 108Mb L: 66/246 MS: 5 InsertByte-InsertRepeatedBytes-InsertRepeatedBytes-PersAutoDict-EraseBytes- DE: "\012\000\000\000\000\000\000\000"-
#10832	NEW    cov: 1906 ft: 4300 corp: 296/25Kb lim: 246 exec/s: 2708 rss: 108Mb L: 2/246 MS: 2 InsertByte-ChangeByte-
#10841	REDUCE cov: 1906 ft: 4300 corp: 296/25Kb lim: 246 exec/s: 2710 rss: 108Mb L: 112/246 MS: 4 ChangeByte-PersAutoDict-ChangeBit-EraseBytes- DE: "\000\000\000\000\000\000\000\000"-
#10863	NEW    cov: 1906 ft: 4301 corp: 297/25Kb lim: 246 exec/s: 2715 rss: 108Mb L: 11/246 MS: 2 ShuffleBytes-EraseBytes-
#10899	REDUCE cov: 1906 ft: 4301 corp: 297/25Kb lim: 246 exec/s: 2724 rss: 108Mb L: 169/246 MS: 1 EraseBytes-
#10900	NEW    cov: 1906 ft: 4302 corp: 298/26Kb lim: 246 exec/s: 2725 rss: 108Mb L: 240/246 MS: 1 CMP- DE: "A\253C\224\356`\000\000"-
#10901	REDUCE cov: 1906 ft: 4302 corp: 298/26Kb lim: 246 exec/s: 2725 rss: 108Mb L: 134/246 MS: 1 EraseBytes-
#10927	REDUCE cov: 1906 ft: 4302 corp: 298/26Kb lim: 246 exec/s: 2731 rss: 108Mb L: 14/246 MS: 1 EraseBytes-
#10963	NEW    cov: 1906 ft: 4303 corp: 299/26Kb lim: 246 exec/s: 2740 rss: 108Mb L: 4/246 MS: 1 CrossOver-
#11059	REDUCE cov: 1907 ft: 4304 corp: 300/26Kb lim: 246 exec/s: 2764 rss: 108Mb L: 47/246 MS: 1 EraseBytes-
#11137	REDUCE cov: 1907 ft: 4304 corp: 300/26Kb lim: 246 exec/s: 2784 rss: 108Mb L: 88/246 MS: 3 ChangeBinInt-CopyPart-EraseBytes-
#11150	REDUCE cov: 1907 ft: 4304 corp: 300/26Kb lim: 246 exec/s: 2787 rss: 108Mb L: 110/246 MS: 3 ChangeBit-CMP-EraseBytes- DE: "UNAUTHORIZED"-
#11152	REDUCE cov: 1908 ft: 4306 corp: 301/26Kb lim: 246 exec/s: 2788 rss: 108Mb L: 35/246 MS: 2 ShuffleBytes-CopyPart-
#11193	REDUCE cov: 1908 ft: 4306 corp: 301/26Kb lim: 246 exec/s: 2798 rss: 108Mb L: 214/246 MS: 1 EraseBytes-
#11291	NEW    cov: 1909 ft: 4307 corp: 302/26Kb lim: 246 exec/s: 2822 rss: 108Mb L: 118/246 MS: 3 ChangeByte-ChangeByte-InsertRepeatedBytes-
#11312	REDUCE cov: 1909 ft: 4307 corp: 302/26Kb lim: 246 exec/s: 2828 rss: 108Mb L: 2/246 MS: 1 EraseBytes-
#11323	NEW    cov: 1909 ft: 4308 corp: 303/26Kb lim: 246 exec/s: 2830 rss: 109Mb L: 71/246 MS: 1 ChangeByte-
#11364	NEW    cov: 1912 ft: 4371 corp: 304/26Kb lim: 246 exec/s: 2841 rss: 109Mb L: 234/246 MS: 1 CopyPart-
#11462	REDUCE cov: 1912 ft: 4371 corp: 304/26Kb lim: 246 exec/s: 2865 rss: 109Mb L: 71/246 MS: 3 CMP-EraseBytes-EraseBytes- DE: "\000\000\000\356"-
#11476	REDUCE cov: 1912 ft: 4371 corp: 304/26Kb lim: 246 exec/s: 2869 rss: 109Mb L: 69/246 MS: 4 ChangeBit-InsertByte-PersAutoDict-EraseBytes- DE: ":\000\000\000\000\000\000\000"-
#11507	REDUCE cov: 1912 ft: 4371 corp: 304/26Kb lim: 246 exec/s: 2876 rss: 109Mb L: 81/246 MS: 1 EraseBytes-
#11549	NEW    cov: 1912 ft: 4372 corp: 305/26Kb lim: 246 exec/s: 2887 rss: 109Mb L: 204/246 MS: 2 CMP-CopyPart- DE: "\356\377\377\377"-
#11570	REDUCE cov: 1912 ft: 4372 corp: 305/26Kb lim: 246 exec/s: 2892 rss: 109Mb L: 87/246 MS: 1 EraseBytes-
#11578	REDUCE cov: 1912 ft: 4372 corp: 305/26Kb lim: 246 exec/s: 2894 rss: 109Mb L: 9/246 MS: 3 ChangeByte-ChangeByte-EraseBytes-
#11594	REDUCE cov: 1912 ft: 4372 corp: 305/26Kb lim: 246 exec/s: 2898 rss: 109Mb L: 77/246 MS: 1 EraseBytes-
#11685	NEW    cov: 1912 ft: 4373 corp: 306/26Kb lim: 246 exec/s: 2921 rss: 109Mb L: 237/246 MS: 1 ChangeBinInt-
#11746	REDUCE cov: 1912 ft: 4373 corp: 306/26Kb lim: 246 exec/s: 2936 rss: 109Mb L: 43/246 MS: 1 CrossOver-
	NEW_FUNC[1/3]: 0x000104314c38 in _RNvXs_NtCsgkcQzOkLUyr_10serde_core2deNtNtB4_5impls13StringVisitorNtB4_8Expected3fmtCs7uDUvble1e5_18registry_responses mod.rs:494
	NEW_FUNC[2/3]: 0x0001074ea50c in _RNvXs0_NtCsgkcQzOkLUyr_10serde_core2deReNtB5_8Expected3fmt+0x0 (registry_responses:arm64+0x1032d250c)
#11817	NEW    cov: 1921 ft: 4411 corp: 307/26Kb lim: 246 exec/s: 2954 rss: 109Mb L: 5/246 MS: 1 InsertByte-
#11848	REDUCE cov: 1921 ft: 4411 corp: 307/26Kb lim: 246 exec/s: 2962 rss: 109Mb L: 190/246 MS: 1 EraseBytes-
#11875	REDUCE cov: 1921 ft: 4411 corp: 307/26Kb lim: 246 exec/s: 2968 rss: 109Mb L: 48/246 MS: 2 ChangeBinInt-EraseBytes-
#11896	REDUCE cov: 1921 ft: 4412 corp: 308/26Kb lim: 246 exec/s: 2974 rss: 109Mb L: 145/246 MS: 1 ShuffleBytes-
#12047	REDUCE cov: 1921 ft: 4412 corp: 308/26Kb lim: 246 exec/s: 3011 rss: 110Mb L: 49/246 MS: 1 EraseBytes-
#12126	REDUCE cov: 1921 ft: 4412 corp: 308/26Kb lim: 246 exec/s: 3031 rss: 110Mb L: 33/246 MS: 4 ShuffleBytes-ChangeByte-ShuffleBytes-EraseBytes-
#12130	NEW    cov: 1922 ft: 4413 corp: 309/26Kb lim: 246 exec/s: 3032 rss: 110Mb L: 2/246 MS: 4 EraseBytes-CopyPart-EraseBytes-CrossOver-
#12151	REDUCE cov: 1922 ft: 4413 corp: 309/26Kb lim: 246 exec/s: 3037 rss: 110Mb L: 94/246 MS: 1 EraseBytes-
#12217	REDUCE cov: 1922 ft: 4413 corp: 309/26Kb lim: 246 exec/s: 3054 rss: 110Mb L: 37/246 MS: 1 EraseBytes-
#12244	REDUCE cov: 1924 ft: 4415 corp: 310/26Kb lim: 246 exec/s: 3061 rss: 110Mb L: 41/246 MS: 2 CMP-EraseBytes- DE: "\377\377\377\372"-
#12302	REDUCE cov: 1924 ft: 4415 corp: 310/26Kb lim: 246 exec/s: 3075 rss: 110Mb L: 50/246 MS: 3 CrossOver-ChangeASCIIInt-CrossOver-
#12363	REDUCE cov: 1924 ft: 4415 corp: 310/26Kb lim: 246 exec/s: 3090 rss: 110Mb L: 8/246 MS: 1 EraseBytes-
#12423	NEW    cov: 1926 ft: 4417 corp: 311/26Kb lim: 246 exec/s: 3105 rss: 110Mb L: 13/246 MS: 5 InsertByte-InsertByte-ChangeBinInt-CrossOver-ShuffleBytes-
#12499	NEW    cov: 1928 ft: 4420 corp: 312/26Kb lim: 246 exec/s: 3124 rss: 110Mb L: 71/246 MS: 1 ChangeBinInt-
#12503	REDUCE cov: 1928 ft: 4420 corp: 312/26Kb lim: 246 exec/s: 3125 rss: 110Mb L: 65/246 MS: 4 ChangeBit-ChangeByte-ChangeBinInt-EraseBytes-
#12514	NEW    cov: 1928 ft: 4427 corp: 313/27Kb lim: 246 exec/s: 3128 rss: 110Mb L: 193/246 MS: 1 CopyPart-
#12545	NEW    cov: 1928 ft: 4428 corp: 314/27Kb lim: 246 exec/s: 3136 rss: 111Mb L: 232/246 MS: 1 ChangeByte-
#12586	NEW    cov: 1929 ft: 4429 corp: 315/27Kb lim: 246 exec/s: 3146 rss: 111Mb L: 136/246 MS: 1 InsertRepeatedBytes-
#12692	NEW    cov: 1929 ft: 4432 corp: 316/27Kb lim: 246 exec/s: 3173 rss: 111Mb L: 17/246 MS: 1 PersAutoDict- DE: "\012\000\000\000\000\000\000\000"-
#12788	NEW    cov: 1931 ft: 4434 corp: 317/27Kb lim: 246 exec/s: 3197 rss: 111Mb L: 47/246 MS: 1 PersAutoDict- DE: "\012\000\000\000\000\000\000\000"-
#12829	REDUCE cov: 1931 ft: 4434 corp: 317/27Kb lim: 246 exec/s: 3207 rss: 111Mb L: 40/246 MS: 1 EraseBytes-
#12855	REDUCE cov: 1931 ft: 4435 corp: 318/27Kb lim: 246 exec/s: 3213 rss: 111Mb L: 61/246 MS: 1 CrossOver-
#12878	REDUCE cov: 1931 ft: 4435 corp: 318/27Kb lim: 246 exec/s: 3219 rss: 111Mb L: 75/246 MS: 3 EraseBytes-CopyPart-CrossOver-
#12884	REDUCE cov: 1931 ft: 4435 corp: 318/27Kb lim: 246 exec/s: 3221 rss: 111Mb L: 74/246 MS: 1 CrossOver-
#12962	NEW    cov: 1933 ft: 4437 corp: 319/27Kb lim: 246 exec/s: 3240 rss: 111Mb L: 237/246 MS: 3 PersAutoDict-InsertRepeatedBytes-CMP- DE: "co)e"-"NAME_UNKNOWN"-
#13044	REDUCE cov: 1933 ft: 4437 corp: 319/27Kb lim: 246 exec/s: 3261 rss: 111Mb L: 73/246 MS: 2 EraseBytes-CrossOver-
#13111	NEW    cov: 1935 ft: 4443 corp: 320/27Kb lim: 246 exec/s: 3277 rss: 111Mb L: 37/246 MS: 2 ChangeByte-EraseBytes-
#13118	REDUCE cov: 1935 ft: 4443 corp: 320/27Kb lim: 246 exec/s: 3279 rss: 111Mb L: 154/246 MS: 2 ChangeBit-EraseBytes-
#13129	NEW    cov: 1936 ft: 4445 corp: 321/27Kb lim: 246 exec/s: 3282 rss: 111Mb L: 84/246 MS: 1 PersAutoDict- DE: "UNAUTHORIZED"-
#13135	REDUCE cov: 1936 ft: 4447 corp: 322/27Kb lim: 246 exec/s: 3283 rss: 112Mb L: 106/246 MS: 1 ChangeBinInt-
#13171	REDUCE cov: 1937 ft: 4448 corp: 323/27Kb lim: 246 exec/s: 3292 rss: 112Mb L: 200/246 MS: 1 InsertRepeatedBytes-
#13193	NEW    cov: 1938 ft: 4449 corp: 324/27Kb lim: 246 exec/s: 3298 rss: 112Mb L: 15/246 MS: 2 ShuffleBytes-CrossOver-
#13349	NEW    cov: 1939 ft: 4451 corp: 325/27Kb lim: 246 exec/s: 2669 rss: 112Mb L: 37/246 MS: 1 ShuffleBytes-
#13430	REDUCE cov: 1939 ft: 4451 corp: 325/27Kb lim: 246 exec/s: 2686 rss: 112Mb L: 4/246 MS: 1 EraseBytes-
#13432	REDUCE cov: 1939 ft: 4459 corp: 326/27Kb lim: 246 exec/s: 2686 rss: 114Mb L: 117/246 MS: 2 ChangeBit-CrossOver-
#13533	REDUCE cov: 1939 ft: 4461 corp: 327/28Kb lim: 246 exec/s: 2706 rss: 114Mb L: 74/246 MS: 1 CMP- DE: "UNAUTHORIZED"-
#13558	REDUCE cov: 1939 ft: 4466 corp: 328/28Kb lim: 246 exec/s: 2711 rss: 114Mb L: 164/246 MS: 5 CopyPart-ChangeBit-ChangeBit-CopyPart-InsertRepeatedBytes-
#13559	REDUCE cov: 1939 ft: 4466 corp: 328/28Kb lim: 246 exec/s: 2711 rss: 114Mb L: 19/246 MS: 1 EraseBytes-
#13568	REDUCE cov: 1939 ft: 4468 corp: 329/28Kb lim: 246 exec/s: 2713 rss: 114Mb L: 26/246 MS: 4 ChangeBit-CrossOver-InsertByte-EraseBytes-
#13579	REDUCE cov: 1939 ft: 4468 corp: 329/28Kb lim: 246 exec/s: 2715 rss: 114Mb L: 26/246 MS: 1 EraseBytes-
#13611	NEW    cov: 1939 ft: 4469 corp: 330/28Kb lim: 246 exec/s: 2722 rss: 114Mb L: 141/246 MS: 2 CrossOver-InsertRepeatedBytes-
#13693	REDUCE cov: 1939 ft: 4469 corp: 330/28Kb lim: 246 exec/s: 2738 rss: 114Mb L: 60/246 MS: 2 InsertByte-EraseBytes-
#13779	REDUCE cov: 1939 ft: 4469 corp: 330/28Kb lim: 246 exec/s: 2755 rss: 114Mb L: 27/246 MS: 1 CrossOver-
#13922	REDUCE cov: 1939 ft: 4469 corp: 330/28Kb lim: 246 exec/s: 2784 rss: 114Mb L: 22/246 MS: 3 CMP-CopyPart-EraseBytes- DE: "\377\377\377\003"-
#13938	REDUCE cov: 1940 ft: 4470 corp: 331/28Kb lim: 246 exec/s: 2787 rss: 114Mb L: 151/246 MS: 1 CopyPart-
#14050	REDUCE cov: 1940 ft: 4470 corp: 331/28Kb lim: 246 exec/s: 2810 rss: 114Mb L: 82/246 MS: 2 CMP-EraseBytes- DE: "errors"-
	NEW_FUNC[1/4]: 0x0001073dfcb8 in _RNvXs1i_NtCsiRtIPFIIYTg_4core3fmtReNtB6_7Display3fmtCsf4gegaz8yYg_10serde_json+0x0 (registry_responses:arm64+0x1031c7cb8)
	NEW_FUNC[2/4]: 0x0001074d79e0 in _RINvCsfXcgDyX3uJY_4zmij10to_decimaldyEB2_+0x0 (registry_responses:arm64+0x1032bf9e0)
#14132	NEW    cov: 1961 ft: 4507 corp: 332/28Kb lim: 246 exec/s: 2826 rss: 115Mb L: 84/246 MS: 2 EraseBytes-InsertRepeatedBytes-
#14168	REDUCE cov: 1961 ft: 4507 corp: 332/28Kb lim: 246 exec/s: 2833 rss: 115Mb L: 31/246 MS: 1 EraseBytes-
#14179	REDUCE cov: 1961 ft: 4507 corp: 332/28Kb lim: 246 exec/s: 2835 rss: 115Mb L: 11/246 MS: 1 EraseBytes-
#14205	NEW    cov: 1962 ft: 4508 corp: 333/28Kb lim: 246 exec/s: 2841 rss: 115Mb L: 246/246 MS: 1 PersAutoDict- DE: "error0"-
#14206	REDUCE cov: 1962 ft: 4508 corp: 333/28Kb lim: 246 exec/s: 2841 rss: 115Mb L: 2/246 MS: 1 EraseBytes-
#14218	REDUCE cov: 1962 ft: 4508 corp: 333/28Kb lim: 246 exec/s: 2843 rss: 115Mb L: 216/246 MS: 2 ShuffleBytes-EraseBytes-
#14241	NEW    cov: 1962 ft: 4511 corp: 334/28Kb lim: 246 exec/s: 2848 rss: 115Mb L: 3/246 MS: 3 EraseBytes-InsertByte-InsertByte-
#14263	REDUCE cov: 1962 ft: 4511 corp: 334/28Kb lim: 246 exec/s: 2852 rss: 115Mb L: 198/246 MS: 2 ChangeByte-EraseBytes-
#14286	REDUCE cov: 1962 ft: 4511 corp: 334/28Kb lim: 246 exec/s: 2857 rss: 115Mb L: 106/246 MS: 3 CopyPart-ShuffleBytes-EraseBytes-
#14289	NEW    cov: 1962 ft: 4517 corp: 335/28Kb lim: 246 exec/s: 2857 rss: 115Mb L: 118/246 MS: 3 ChangeBit-CrossOver-InsertByte-
#14296	REDUCE cov: 1964 ft: 4519 corp: 336/28Kb lim: 246 exec/s: 2859 rss: 115Mb L: 9/246 MS: 2 ChangeBit-EraseBytes-
#14381	NEW    cov: 1964 ft: 4522 corp: 337/28Kb lim: 246 exec/s: 2876 rss: 115Mb L: 246/246 MS: 5 InsertByte-CrossOver-PersAutoDict-InsertByte-CopyPart- DE: "\001\000\000\000\000\000\000\366"-
#14421	REDUCE cov: 1964 ft: 4522 corp: 337/28Kb lim: 246 exec/s: 2884 rss: 115Mb L: 17/246 MS: 5 PersAutoDict-CrossOver-ShuffleBytes-InsertByte-EraseBytes- DE: "\000\000\000\000\000\000\000\012"-
#14468	REDUCE cov: 1964 ft: 4522 corp: 337/28Kb lim: 246 exec/s: 2893 rss: 115Mb L: 225/246 MS: 2 ChangeBit-EraseBytes-
#14516	NEW    cov: 1964 ft: 4523 corp: 338/28Kb lim: 246 exec/s: 2903 rss: 115Mb L: 120/246 MS: 3 ChangeBinInt-InsertRepeatedBytes-ChangeBinInt-
#14777	REDUCE cov: 1964 ft: 4523 corp: 338/28Kb lim: 246 exec/s: 2955 rss: 116Mb L: 106/246 MS: 1 EraseBytes-
#14850	NEW    cov: 1964 ft: 4525 corp: 339/29Kb lim: 246 exec/s: 2970 rss: 116Mb L: 246/246 MS: 3 CMP-PersAutoDict-ChangeBinInt- DE: "JANIFES%_INVALID"-"\001\000`^\224F\3574"-
#14854	REDUCE cov: 1967 ft: 4528 corp: 340/29Kb lim: 246 exec/s: 2970 rss: 116Mb L: 2/246 MS: 4 ChangeASCIIInt-ChangeBit-InsertByte-CrossOver-
#14862	NEW    cov: 1967 ft: 4530 corp: 341/29Kb lim: 246 exec/s: 2972 rss: 116Mb L: 148/246 MS: 3 ChangeByte-ChangeBinInt-InsertRepeatedBytes-
#14889	REDUCE cov: 1967 ft: 4530 corp: 341/29Kb lim: 246 exec/s: 2977 rss: 116Mb L: 60/246 MS: 2 ChangeByte-EraseBytes-
#14912	REDUCE cov: 1967 ft: 4530 corp: 341/29Kb lim: 246 exec/s: 2982 rss: 116Mb L: 113/246 MS: 3 ChangeBinInt-InsertByte-EraseBytes-
#14933	NEW    cov: 1969 ft: 4532 corp: 342/29Kb lim: 246 exec/s: 2986 rss: 116Mb L: 60/246 MS: 1 PersAutoDict- DE: "\015\000\000\000\000\000\000\000"-
#14971	REDUCE cov: 1969 ft: 4532 corp: 342/29Kb lim: 246 exec/s: 2994 rss: 116Mb L: 34/246 MS: 3 PersAutoDict-PersAutoDict-EraseBytes- DE: "SIZE_INVALID"-":\000\000\000\000\000\000\000"-
#14982	REDUCE cov: 1969 ft: 4532 corp: 342/29Kb lim: 246 exec/s: 2996 rss: 116Mb L: 243/246 MS: 1 EraseBytes-
#14988	REDUCE cov: 1969 ft: 4533 corp: 343/29Kb lim: 246 exec/s: 2997 rss: 116Mb L: 48/246 MS: 1 ChangeBit-
#14992	REDUCE cov: 1969 ft: 4533 corp: 343/29Kb lim: 246 exec/s: 2998 rss: 116Mb L: 116/246 MS: 4 ChangeByte-InsertByte-ChangeBinInt-EraseBytes-
#15028	NEW    cov: 1969 ft: 4536 corp: 344/29Kb lim: 246 exec/s: 3005 rss: 116Mb L: 234/246 MS: 1 ShuffleBytes-
#15054	NEW    cov: 1971 ft: 4538 corp: 345/29Kb lim: 246 exec/s: 3010 rss: 116Mb L: 60/246 MS: 1 CMP- DE: "\012\000"-
#15075	NEW    cov: 1972 ft: 4539 corp: 346/29Kb lim: 246 exec/s: 3015 rss: 116Mb L: 71/246 MS: 1 CMP- DE: " a"-
#15171	REDUCE cov: 1972 ft: 4539 corp: 346/29Kb lim: 246 exec/s: 3034 rss: 116Mb L: 98/246 MS: 1 EraseBytes-
#15228	NEW    cov: 1972 ft: 4540 corp: 347/29Kb lim: 246 exec/s: 3045 rss: 116Mb L: 243/246 MS: 2 InsertRepeatedBytes-CopyPart-
#15284	REDUCE cov: 1972 ft: 4540 corp: 347/29Kb lim: 246 exec/s: 3056 rss: 116Mb L: 44/246 MS: 1 EraseBytes-
#15292	REDUCE cov: 1972 ft: 4540 corp: 347/29Kb lim: 246 exec/s: 3058 rss: 116Mb L: 42/246 MS: 3 ChangeBinInt-PersAutoDict-EraseBytes- DE: "\002\000\000\000\000\000\000\000"-
#15328	REDUCE cov: 1972 ft: 4540 corp: 347/29Kb lim: 246 exec/s: 3065 rss: 117Mb L: 53/246 MS: 1 EraseBytes-
#15334	NEW    cov: 1975 ft: 4557 corp: 348/29Kb lim: 246 exec/s: 3066 rss: 117Mb L: 71/246 MS: 1 ChangeBit-
#15570	NEW    cov: 1976 ft: 4558 corp: 349/30Kb lim: 246 exec/s: 3114 rss: 117Mb L: 47/246 MS: 1 ChangeBit-
#15587	NEW    cov: 1978 ft: 4562 corp: 350/30Kb lim: 246 exec/s: 3117 rss: 117Mb L: 18/246 MS: 2 EraseBytes-CrossOver-
#15620	REDUCE cov: 1978 ft: 4562 corp: 350/30Kb lim: 246 exec/s: 3124 rss: 117Mb L: 82/246 MS: 3 PersAutoDict-ChangeASCIIInt-EraseBytes- DE: "\000\000`\336\224A\344m"-
#15639	NEW    cov: 1978 ft: 4563 corp: 351/30Kb lim: 246 exec/s: 3127 rss: 117Mb L: 40/246 MS: 4 ChangeBinInt-ChangeBinInt-ChangeBinInt-PersAutoDict- DE: "\000\000`\336\224A\344m"-
#15641	NEW    cov: 1978 ft: 4565 corp: 352/30Kb lim: 246 exec/s: 3128 rss: 117Mb L: 3/246 MS: 2 CopyPart-CopyPart-
#15687	REDUCE cov: 1978 ft: 4565 corp: 352/30Kb lim: 246 exec/s: 3137 rss: 117Mb L: 132/246 MS: 1 EraseBytes-
#15693	NEW    cov: 1979 ft: 4566 corp: 353/30Kb lim: 246 exec/s: 3138 rss: 117Mb L: 235/246 MS: 1 InsertByte-
#15730	NEW    cov: 1979 ft: 4567 corp: 354/30Kb lim: 246 exec/s: 3146 rss: 117Mb L: 234/246 MS: 2 CrossOver-ChangeBinInt-
#15737	NEW    cov: 1979 ft: 4568 corp: 355/30Kb lim: 246 exec/s: 3147 rss: 117Mb L: 244/246 MS: 2 PersAutoDict-PersAutoDict- DE: "X\001\000\000\000\000\000\000"-"co)e"-
#15798	REDUCE cov: 1979 ft: 4568 corp: 355/30Kb lim: 246 exec/s: 3159 rss: 117Mb L: 237/246 MS: 1 EraseBytes-
#15882	REDUCE cov: 1979 ft: 4587 corp: 356/30Kb lim: 246 exec/s: 3176 rss: 117Mb L: 240/246 MS: 4 ChangeBinInt-InsertRepeatedBytes-PersAutoDict-CopyPart- DE: "\007\000"-
#15889	REDUCE cov: 1979 ft: 4587 corp: 356/30Kb lim: 246 exec/s: 3177 rss: 118Mb L: 118/246 MS: 2 ChangeASCIIInt-EraseBytes-
#15936	REDUCE cov: 1979 ft: 4587 corp: 356/30Kb lim: 246 exec/s: 3187 rss: 118Mb L: 208/246 MS: 2 ChangeASCIIInt-EraseBytes-
#15942	REDUCE cov: 1979 ft: 4587 corp: 356/30Kb lim: 246 exec/s: 3188 rss: 118Mb L: 62/246 MS: 1 EraseBytes-
#15944	REDUCE cov: 1979 ft: 4587 corp: 356/30Kb lim: 246 exec/s: 3188 rss: 118Mb L: 39/246 MS: 2 ChangeBit-EraseBytes-
#15960	NEW    cov: 1979 ft: 4592 corp: 357/31Kb lim: 246 exec/s: 3192 rss: 118Mb L: 130/246 MS: 1 CopyPart-
#15967	REDUCE cov: 1979 ft: 4592 corp: 357/31Kb lim: 246 exec/s: 3193 rss: 118Mb L: 60/246 MS: 2 ShuffleBytes-EraseBytes-
#16063	NEW    cov: 1979 ft: 4593 corp: 358/31Kb lim: 246 exec/s: 3212 rss: 118Mb L: 178/246 MS: 1 CrossOver-
#16119	REDUCE cov: 1979 ft: 4593 corp: 358/31Kb lim: 246 exec/s: 3223 rss: 118Mb L: 193/246 MS: 1 EraseBytes-
#16131	NEW    cov: 1979 ft: 4595 corp: 359/31Kb lim: 246 exec/s: 3226 rss: 118Mb L: 243/246 MS: 2 InsertRepeatedBytes-CopyPart-
#16160	NEW    cov: 1981 ft: 4598 corp: 360/31Kb lim: 246 exec/s: 3232 rss: 118Mb L: 73/246 MS: 4 InsertByte-InsertByte-ChangeBit-CrossOver-
#16197	REDUCE cov: 1981 ft: 4600 corp: 361/31Kb lim: 246 exec/s: 3239 rss: 118Mb L: 116/246 MS: 2 ShuffleBytes-PersAutoDict- DE: "V\000\000\000\000\000\000\000"-
#16251	NEW    cov: 1981 ft: 4601 corp: 362/31Kb lim: 246 exec/s: 3250 rss: 118Mb L: 84/246 MS: 4 ChangeASCIIInt-ChangeASCIIInt-ShuffleBytes-ChangeBit-
#16292	REDUCE cov: 1981 ft: 4601 corp: 362/31Kb lim: 246 exec/s: 3258 rss: 118Mb L: 171/246 MS: 1 EraseBytes-
#16384	pulse  cov: 1981 ft: 4601 corp: 362/31Kb lim: 246 exec/s: 3276 rss: 118Mb
#16404	NEW    cov: 1982 ft: 4602 corp: 363/31Kb lim: 246 exec/s: 2734 rss: 118Mb L: 10/246 MS: 2 ChangeASCIIInt-PersAutoDict- DE: ":\000\000\000\000\000\000\000"-
#16428	NEW    cov: 1982 ft: 4607 corp: 364/31Kb lim: 246 exec/s: 2738 rss: 118Mb L: 28/246 MS: 4 CMP-ChangeBinInt-InsertRepeatedBytes-CrossOver- DE: "\000\000\000\364"-
#16537	NEW    cov: 1984 ft: 4609 corp: 365/31Kb lim: 246 exec/s: 2756 rss: 119Mb L: 152/246 MS: 4 InsertRepeatedBytes-CrossOver-InsertByte-EraseBytes-
#16559	REDUCE cov: 1984 ft: 4609 corp: 365/31Kb lim: 246 exec/s: 2759 rss: 120Mb L: 190/246 MS: 2 ChangeByte-EraseBytes-
#16625	REDUCE cov: 1984 ft: 4609 corp: 365/31Kb lim: 246 exec/s: 2770 rss: 120Mb L: 32/246 MS: 1 EraseBytes-
#16628	NEW    cov: 1984 ft: 4610 corp: 366/32Kb lim: 246 exec/s: 2771 rss: 120Mb L: 235/246 MS: 3 PersAutoDict-ChangeASCIIInt-CrossOver- DE: "co)e"-
#16654	REDUCE cov: 1984 ft: 4610 corp: 366/32Kb lim: 246 exec/s: 2775 rss: 120Mb L: 50/246 MS: 1 EraseBytes-
#16695	REDUCE cov: 1984 ft: 4610 corp: 366/31Kb lim: 246 exec/s: 2782 rss: 121Mb L: 241/246 MS: 1 EraseBytes-
#16703	REDUCE cov: 1984 ft: 4610 corp: 366/31Kb lim: 246 exec/s: 2783 rss: 121Mb L: 42/246 MS: 3 ChangeBit-CMP-EraseBytes- DE: "goDe"-
#16735	REDUCE cov: 1984 ft: 4610 corp: 366/31Kb lim: 246 exec/s: 2789 rss: 121Mb L: 87/246 MS: 2 ChangeBinInt-EraseBytes-
#16803	REDUCE cov: 1984 ft: 4610 corp: 366/31Kb lim: 246 exec/s: 2800 rss: 121Mb L: 30/246 MS: 3 ChangeBit-ChangeBit-EraseBytes-
#16804	REDUCE cov: 1984 ft: 4610 corp: 366/31Kb lim: 246 exec/s: 2800 rss: 121Mb L: 109/246 MS: 1 CrossOver-
#16920	REDUCE cov: 1984 ft: 4610 corp: 366/31Kb lim: 246 exec/s: 2820 rss: 121Mb L: 34/246 MS: 1 EraseBytes-
#16966	REDUCE cov: 1984 ft: 4610 corp: 366/31Kb lim: 246 exec/s: 2827 rss: 121Mb L: 24/246 MS: 1 EraseBytes-
#17037	NEW    cov: 1984 ft: 4611 corp: 367/31Kb lim: 246 exec/s: 2839 rss: 121Mb L: 126/246 MS: 1 PersAutoDict- DE: "\011\000\000\000\000\000\000\000"-
#17103	REDUCE cov: 1984 ft: 4611 corp: 367/31Kb lim: 246 exec/s: 2850 rss: 121Mb L: 16/246 MS: 1 EraseBytes-
	NEW_FUNC[1/2]: 0x000104611bec in _RNvMs3_NtCsf4gegaz8yYg_10serde_json2deINtB5_12DeserializerNtNtB7_4read9SliceReadE14parse_exponentCs7djQdq5rSoW_10oci_client+0x0 (registry_responses:arm64+0x1003f9bec)
	NEW_FUNC[2/2]: 0x0001075d22d4 in _RNvMs3_NtCsf4gegaz8yYg_10serde_json2deINtB5_12DeserializerNtNtB7_4read9SliceReadE5errorCs7djQdq5rSoW_10oci_client+0x0 (registry_responses:arm64+0x1033ba2d4)
#17125	NEW    cov: 1996 ft: 4623 corp: 368/32Kb lim: 246 exec/s: 2854 rss: 121Mb L: 90/246 MS: 2 ChangeBinInt-PersAutoDict- DE: "error0"-
#17226	REDUCE cov: 1996 ft: 4623 corp: 368/31Kb lim: 246 exec/s: 2871 rss: 121Mb L: 30/246 MS: 1 EraseBytes-
#17267	REDUCE cov: 1996 ft: 4626 corp: 369/32Kb lim: 246 exec/s: 2877 rss: 121Mb L: 79/246 MS: 1 EraseBytes-
#17279	REDUCE cov: 1999 ft: 4630 corp: 370/32Kb lim: 246 exec/s: 2879 rss: 121Mb L: 63/246 MS: 2 ShuffleBytes-CrossOver-
#17301	NEW    cov: 1999 ft: 4645 corp: 371/32Kb lim: 246 exec/s: 2883 rss: 121Mb L: 106/246 MS: 2 PersAutoDict-ChangeByte- DE: "JANIFES%_INVALID"-
#17302	REDUCE cov: 1999 ft: 4645 corp: 371/32Kb lim: 246 exec/s: 2883 rss: 121Mb L: 32/246 MS: 1 EraseBytes-
#17320	REDUCE cov: 1999 ft: 4645 corp: 371/32Kb lim: 246 exec/s: 2886 rss: 121Mb L: 37/246 MS: 3 CrossOver-InsertByte-EraseBytes-
#17381	REDUCE cov: 2000 ft: 4647 corp: 372/32Kb lim: 246 exec/s: 2896 rss: 122Mb L: 4/246 MS: 1 ChangeBit-
#17403	NEW    cov: 2000 ft: 4648 corp: 373/32Kb lim: 246 exec/s: 2900 rss: 122Mb L: 101/246 MS: 2 ChangeByte-InsertRepeatedBytes-
#17475	REDUCE cov: 2000 ft: 4648 corp: 373/32Kb lim: 246 exec/s: 2912 rss: 122Mb L: 168/246 MS: 2 ChangeByte-EraseBytes-
#17476	NEW    cov: 2000 ft: 4649 corp: 374/32Kb lim: 246 exec/s: 2912 rss: 122Mb L: 91/246 MS: 1 InsertByte-
#17510	REDUCE cov: 2000 ft: 4649 corp: 374/32Kb lim: 246 exec/s: 2918 rss: 122Mb L: 27/246 MS: 4 ShuffleBytes-ChangeBit-CopyPart-EraseBytes-
#17542	NEW    cov: 2002 ft: 4651 corp: 375/32Kb lim: 246 exec/s: 2923 rss: 122Mb L: 1/246 MS: 2 ShuffleBytes-EraseBytes-
#17684	REDUCE cov: 2002 ft: 4651 corp: 375/32Kb lim: 246 exec/s: 2947 rss: 122Mb L: 51/246 MS: 2 PersAutoDict-EraseBytes- DE: "schVremaesion"-
#17795	NEW    cov: 2003 ft: 4653 corp: 376/32Kb lim: 246 exec/s: 2965 rss: 122Mb L: 73/246 MS: 1 CrossOver-
#17798	REDUCE cov: 2003 ft: 4653 corp: 376/32Kb lim: 246 exec/s: 2966 rss: 122Mb L: 175/246 MS: 3 ChangeByte-PersAutoDict-EraseBytes- DE: "\376\377\377\377"-
#17859	REDUCE cov: 2003 ft: 4653 corp: 376/32Kb lim: 246 exec/s: 2976 rss: 122Mb L: 89/246 MS: 1 EraseBytes-
#17865	REDUCE cov: 2003 ft: 4653 corp: 376/32Kb lim: 246 exec/s: 2977 rss: 122Mb L: 8/246 MS: 1 EraseBytes-
#17912	REDUCE cov: 2003 ft: 4653 corp: 376/32Kb lim: 246 exec/s: 2985 rss: 122Mb L: 117/246 MS: 2 ChangeBinInt-EraseBytes-
#17959	REDUCE cov: 2003 ft: 4653 corp: 376/32Kb lim: 246 exec/s: 2993 rss: 122Mb L: 187/246 MS: 2 ChangeByte-EraseBytes-
#17979	REDUCE cov: 2003 ft: 4653 corp: 376/32Kb lim: 246 exec/s: 2996 rss: 122Mb L: 170/246 MS: 5 CopyPart-ChangeBit-ChangeASCIIInt-ChangeBit-EraseBytes-
#18022	REDUCE cov: 2003 ft: 4655 corp: 377/32Kb lim: 246 exec/s: 3003 rss: 123Mb L: 97/246 MS: 3 CopyPart-InsertRepeatedBytes-ChangeBit-
#18038	REDUCE cov: 2003 ft: 4655 corp: 377/32Kb lim: 246 exec/s: 3006 rss: 123Mb L: 10/246 MS: 1 EraseBytes-
#18057	REDUCE cov: 2003 ft: 4655 corp: 377/32Kb lim: 246 exec/s: 3009 rss: 123Mb L: 76/246 MS: 4 InsertByte-ShuffleBytes-ChangeByte-EraseBytes-
	NEW_FUNC[1/1]: 0x0001073a9638 in _RNvMNtCskz1kcnNEWqq_5alloc5allocNtB2_6Global17grow_impl_runtimeCsf4gegaz8yYg_10serde_json+0x0 (registry_responses:arm64+0x103191638)
#18068	NEW    cov: 2018 ft: 4685 corp: 378/32Kb lim: 246 exec/s: 3011 rss: 123Mb L: 208/246 MS: 1 InsertRepeatedBytes-
#18085	REDUCE cov: 2018 ft: 4686 corp: 379/32Kb lim: 246 exec/s: 3014 rss: 123Mb L: 242/246 MS: 2 ShuffleBytes-CrossOver-
#18137	REDUCE cov: 2018 ft: 4686 corp: 379/32Kb lim: 246 exec/s: 3022 rss: 123Mb L: 89/246 MS: 2 ChangeByte-EraseBytes-
#18205	NEW    cov: 2018 ft: 4691 corp: 380/33Kb lim: 246 exec/s: 3034 rss: 123Mb L: 232/246 MS: 3 ChangeByte-ChangeBit-CopyPart-
#18212	NEW    cov: 2018 ft: 4693 corp: 381/33Kb lim: 246 exec/s: 3035 rss: 123Mb L: 240/246 MS: 2 ChangeByte-CopyPart-
#18218	REDUCE cov: 2018 ft: 4695 corp: 382/33Kb lim: 246 exec/s: 3036 rss: 123Mb L: 217/246 MS: 1 InsertByte-
#18219	REDUCE cov: 2018 ft: 4695 corp: 382/33Kb lim: 246 exec/s: 3036 rss: 123Mb L: 31/246 MS: 1 EraseBytes-
#18250	REDUCE cov: 2020 ft: 4697 corp: 383/33Kb lim: 246 exec/s: 3041 rss: 123Mb L: 1/246 MS: 1 CrossOver-
#18267	REDUCE cov: 2020 ft: 4697 corp: 383/33Kb lim: 246 exec/s: 3044 rss: 123Mb L: 157/246 MS: 2 ChangeByte-EraseBytes-
#18270	NEW    cov: 2022 ft: 4699 corp: 384/33Kb lim: 246 exec/s: 3045 rss: 123Mb L: 2/246 MS: 3 CopyPart-ShuffleBytes-ChangeByte-
#18280	NEW    cov: 2022 ft: 4701 corp: 385/33Kb lim: 246 exec/s: 3046 rss: 123Mb L: 99/246 MS: 5 ChangeBit-InsertByte-ChangeASCIIInt-CrossOver-ChangeBit-
#18294	REDUCE cov: 2022 ft: 4701 corp: 385/33Kb lim: 246 exec/s: 3049 rss: 123Mb L: 44/246 MS: 4 ChangeBit-ChangeBinInt-PersAutoDict-EraseBytes- DE: "\000\000\000\000\000\000\000\012"-
#18361	REDUCE cov: 2022 ft: 4701 corp: 385/33Kb lim: 246 exec/s: 3060 rss: 123Mb L: 46/246 MS: 2 InsertRepeatedBytes-CrossOver-
#18423	REDUCE cov: 2022 ft: 4701 corp: 385/33Kb lim: 246 exec/s: 3070 rss: 123Mb L: 211/246 MS: 2 InsertByte-EraseBytes-
#18490	REDUCE cov: 2022 ft: 4702 corp: 386/33Kb lim: 246 exec/s: 3081 rss: 124Mb L: 61/246 MS: 2 ChangeBit-EraseBytes-
	NEW_FUNC[1/6]: 0x00010423a3d4 in _RINvNtNtNtCs6QB8hc33qgK_5serde7private2de7content21visit_content_seq_refNtNvXNvNtCs7djQdq5rSoW_10oci_client8manifests0_1__NtB1f_16OciImageManifestNtNtCsgkcQzOkLUyr_10serde_core2de11Deserialize11deserialize9___VisitorNtNtCsf4gegaz8yYg_10serde_json5error5ErrorECs7uDUvble1e5_18registry_responses de.rs:2043
	NEW_FUNC[2/6]: 0x00010423ac08 in _RINvNtNtNtCs6QB8hc33qgK_5serde7private2de7content21visit_content_seq_refNtNvXNvNtCs7djQdq5rSoW_10oci_client8manifests5_1__NtB1f_13OciImageIndexNtNtCsgkcQzOkLUyr_10serde_core2de11Deserialize11deserialize9___VisitorNtNtCsf4gegaz8yYg_10serde_json5error5ErrorECs7uDUvble1e5_18registry_responses de.rs:2043
#18506	NEW    cov: 2056 ft: 4738 corp: 387/33Kb lim: 246 exec/s: 3084 rss: 125Mb L: 5/246 MS: 1 ChangeBinInt-
#18540	REDUCE cov: 2056 ft: 4738 corp: 387/33Kb lim: 246 exec/s: 3090 rss: 125Mb L: 82/246 MS: 4 CopyPart-CrossOver-ChangeBinInt-EraseBytes-
#18551	REDUCE cov: 2056 ft: 4738 corp: 387/33Kb lim: 246 exec/s: 3091 rss: 125Mb L: 101/246 MS: 1 EraseBytes-
#18563	REDUCE cov: 2056 ft: 4738 corp: 387/33Kb lim: 246 exec/s: 3093 rss: 125Mb L: 124/246 MS: 2 InsertRepeatedBytes-EraseBytes-
#18574	NEW    cov: 2057 ft: 4742 corp: 388/33Kb lim: 246 exec/s: 3095 rss: 125Mb L: 53/246 MS: 1 CopyPart-
#18575	REDUCE cov: 2057 ft: 4742 corp: 388/33Kb lim: 246 exec/s: 3095 rss: 125Mb L: 12/246 MS: 1 EraseBytes-
#18621	NEW    cov: 2059 ft: 4744 corp: 389/33Kb lim: 246 exec/s: 3103 rss: 125Mb L: 71/246 MS: 1 PersAutoDict- DE: "\011\000\000\000\000\000\000\000"-
#18680	REDUCE cov: 2059 ft: 4744 corp: 389/33Kb lim: 246 exec/s: 3113 rss: 125Mb L: 41/246 MS: 4 ChangeByte-ChangeByte-CopyPart-CrossOver-
#18742	NEW    cov: 2059 ft: 4747 corp: 390/33Kb lim: 246 exec/s: 3123 rss: 125Mb L: 4/246 MS: 2 ChangeBit-ChangeBit-
#18773	REDUCE cov: 2059 ft: 4747 corp: 390/33Kb lim: 246 exec/s: 3128 rss: 125Mb L: 143/246 MS: 1 EraseBytes-
#18804	REDUCE cov: 2059 ft: 4747 corp: 390/33Kb lim: 246 exec/s: 3134 rss: 125Mb L: 17/246 MS: 1 EraseBytes-
#18855	REDUCE cov: 2059 ft: 4747 corp: 390/33Kb lim: 246 exec/s: 3142 rss: 125Mb L: 5/246 MS: 1 EraseBytes-
#18879	NEW    cov: 2060 ft: 4748 corp: 391/33Kb lim: 246 exec/s: 3146 rss: 125Mb L: 208/246 MS: 4 ChangeBinInt-ChangeBinInt-ShuffleBytes-ChangeByte-
#18935	REDUCE cov: 2060 ft: 4748 corp: 391/33Kb lim: 246 exec/s: 3155 rss: 125Mb L: 111/246 MS: 1 EraseBytes-
#18958	REDUCE cov: 2060 ft: 4748 corp: 391/33Kb lim: 246 exec/s: 3159 rss: 125Mb L: 133/246 MS: 3 CMP-InsertByte-EraseBytes- DE: "\012\000\000\000\000\000\000\000"-
#19019	REDUCE cov: 2060 ft: 4748 corp: 391/33Kb lim: 246 exec/s: 3169 rss: 125Mb L: 61/246 MS: 1 EraseBytes-
#19031	REDUCE cov: 2060 ft: 4748 corp: 391/33Kb lim: 246 exec/s: 3171 rss: 125Mb L: 87/246 MS: 2 PersAutoDict-EraseBytes- DE: "\000\000\000\000\000\000\000\012"-
#19077	NEW    cov: 2061 ft: 4749 corp: 392/33Kb lim: 246 exec/s: 3179 rss: 125Mb L: 87/246 MS: 1 EraseBytes-
#19173	REDUCE cov: 2061 ft: 4750 corp: 393/33Kb lim: 246 exec/s: 3195 rss: 126Mb L: 127/246 MS: 1 CrossOver-
#19217	NEW    cov: 2061 ft: 4751 corp: 394/33Kb lim: 246 exec/s: 3202 rss: 126Mb L: 29/246 MS: 4 EraseBytes-ChangeBit-EraseBytes-ChangeBit-
#19318	NEW    cov: 2061 ft: 4756 corp: 395/34Kb lim: 246 exec/s: 3219 rss: 126Mb L: 243/246 MS: 1 CMP- DE: "layers"-
#19361	REDUCE cov: 2061 ft: 4756 corp: 395/34Kb lim: 246 exec/s: 3226 rss: 126Mb L: 32/246 MS: 3 ChangeByte-ShuffleBytes-EraseBytes-
#19445	REDUCE cov: 2061 ft: 4756 corp: 395/34Kb lim: 246 exec/s: 3240 rss: 126Mb L: 10/246 MS: 4 ChangeByte-PersAutoDict-ChangeBinInt-EraseBytes- DE: "\377\377\377\377"-
#19486	REDUCE cov: 2061 ft: 4756 corp: 395/34Kb lim: 246 exec/s: 3247 rss: 126Mb L: 37/246 MS: 1 CrossOver-
#19589	NEW    cov: 2061 ft: 4764 corp: 396/34Kb lim: 246 exec/s: 3264 rss: 126Mb L: 31/246 MS: 3 ChangeBit-ChangeByte-CrossOver-
#19597	REDUCE cov: 2061 ft: 4764 corp: 396/34Kb lim: 246 exec/s: 3266 rss: 126Mb L: 65/246 MS: 3 ChangeBinInt-ChangeByte-EraseBytes-
#19604	NEW    cov: 2062 ft: 4765 corp: 397/34Kb lim: 246 exec/s: 3267 rss: 126Mb L: 4/246 MS: 2 ShuffleBytes-CMP- DE: "\000\000"-
#19623	REDUCE cov: 2062 ft: 4765 corp: 397/34Kb lim: 246 exec/s: 3270 rss: 126Mb L: 30/246 MS: 4 PersAutoDict-ChangeASCIIInt-ChangeBinInt-EraseBytes- DE: "\001\000`^\224F\3574"-
#19634	NEW    cov: 2062 ft: 4767 corp: 398/34Kb lim: 246 exec/s: 3272 rss: 126Mb L: 2/246 MS: 1 CopyPart-
#19662	REDUCE cov: 2062 ft: 4767 corp: 398/34Kb lim: 246 exec/s: 2808 rss: 126Mb L: 95/246 MS: 3 ChangeByte-CrossOver-EraseBytes-
#19695	REDUCE cov: 2062 ft: 4767 corp: 398/34Kb lim: 246 exec/s: 2813 rss: 126Mb L: 35/246 MS: 3 CMP-PersAutoDict-EraseBytes- DE: "\000\000\000\000"-"\000\000`\336\224A\344m"-
#19697	NEW    cov: 2064 ft: 4769 corp: 399/34Kb lim: 246 exec/s: 2813 rss: 126Mb L: 1/246 MS: 2 EraseBytes-ChangeByte-
#19724	REDUCE cov: 2064 ft: 4770 corp: 400/34Kb lim: 246 exec/s: 2817 rss: 126Mb L: 6/246 MS: 2 ChangeByte-EraseBytes-
#19736	NEW    cov: 2065 ft: 4771 corp: 401/34Kb lim: 246 exec/s: 2819 rss: 127Mb L: 75/246 MS: 2 CMP-ShuffleBytes- DE: "\010\000\000\000"-
#19763	REDUCE cov: 2065 ft: 4771 corp: 401/34Kb lim: 246 exec/s: 2823 rss: 127Mb L: 82/246 MS: 2 ChangeASCIIInt-EraseBytes-
#19767	REDUCE cov: 2065 ft: 4772 corp: 402/34Kb lim: 246 exec/s: 2823 rss: 127Mb L: 225/246 MS: 4 ChangeBinInt-CopyPart-InsertByte-CrossOver-
#19778	REDUCE cov: 2065 ft: 4772 corp: 402/34Kb lim: 246 exec/s: 2825 rss: 127Mb L: 196/246 MS: 1 EraseBytes-
#19824	REDUCE cov: 2065 ft: 4772 corp: 402/34Kb lim: 246 exec/s: 2832 rss: 129Mb L: 16/246 MS: 1 EraseBytes-
#19910	REDUCE cov: 2065 ft: 4772 corp: 402/34Kb lim: 246 exec/s: 2844 rss: 129Mb L: 71/246 MS: 1 EraseBytes-
#19946	REDUCE cov: 2065 ft: 4772 corp: 402/34Kb lim: 246 exec/s: 2849 rss: 129Mb L: 32/246 MS: 1 EraseBytes-
#19992	REDUCE cov: 2065 ft: 4772 corp: 402/34Kb lim: 246 exec/s: 2856 rss: 129Mb L: 169/246 MS: 1 EraseBytes-
#20013	REDUCE cov: 2065 ft: 4772 corp: 402/34Kb lim: 246 exec/s: 2859 rss: 129Mb L: 2/246 MS: 1 EraseBytes-
#20069	REDUCE cov: 2065 ft: 4772 corp: 402/34Kb lim: 246 exec/s: 2867 rss: 129Mb L: 58/246 MS: 1 EraseBytes-
#20120	REDUCE cov: 2065 ft: 4772 corp: 402/34Kb lim: 246 exec/s: 2874 rss: 129Mb L: 56/246 MS: 1 EraseBytes-
#20136	REDUCE cov: 2065 ft: 4772 corp: 402/34Kb lim: 246 exec/s: 2876 rss: 129Mb L: 18/246 MS: 1 EraseBytes-
#20154	NEW    cov: 2065 ft: 4773 corp: 403/34Kb lim: 246 exec/s: 2879 rss: 129Mb L: 89/246 MS: 3 ShuffleBytes-ChangeBit-ChangeBit-
#20240	REDUCE cov: 2065 ft: 4773 corp: 403/34Kb lim: 246 exec/s: 2891 rss: 129Mb L: 5/246 MS: 1 EraseBytes-
#20265	REDUCE cov: 2066 ft: 4774 corp: 404/34Kb lim: 246 exec/s: 2895 rss: 129Mb L: 131/246 MS: 5 ChangeBinInt-InsertByte-PersAutoDict-InsertRepeatedBytes-InsertByte- DE: "errors"-
#20356	REDUCE cov: 2066 ft: 4774 corp: 404/34Kb lim: 246 exec/s: 2908 rss: 129Mb L: 240/246 MS: 1 EraseBytes-
#20431	NEW    cov: 2066 ft: 4777 corp: 405/34Kb lim: 246 exec/s: 2918 rss: 130Mb L: 31/246 MS: 5 ChangeBinInt-EraseBytes-ChangeByte-ChangeByte-EraseBytes-
#20523	NEW    cov: 2066 ft: 4778 corp: 406/34Kb lim: 246 exec/s: 2931 rss: 130Mb L: 219/246 MS: 2 CopyPart-InsertByte-
#20571	REDUCE cov: 2066 ft: 4778 corp: 406/34Kb lim: 246 exec/s: 2938 rss: 130Mb L: 114/246 MS: 3 ShuffleBytes-CrossOver-EraseBytes-
#20680	REDUCE cov: 2066 ft: 4778 corp: 406/34Kb lim: 246 exec/s: 2954 rss: 130Mb L: 18/246 MS: 4 InsertByte-ShuffleBytes-ChangeBit-EraseBytes-
#20764	REDUCE cov: 2066 ft: 4779 corp: 407/34Kb lim: 246 exec/s: 2966 rss: 130Mb L: 116/246 MS: 4 ChangeASCIIInt-CrossOver-ShuffleBytes-CopyPart-
#20775	REDUCE cov: 2066 ft: 4779 corp: 407/34Kb lim: 246 exec/s: 2967 rss: 130Mb L: 115/246 MS: 1 EraseBytes-
#20776	REDUCE cov: 2066 ft: 4779 corp: 407/34Kb lim: 246 exec/s: 2968 rss: 130Mb L: 30/246 MS: 1 EraseBytes-
#20822	REDUCE cov: 2066 ft: 4779 corp: 407/34Kb lim: 246 exec/s: 2974 rss: 130Mb L: 96/246 MS: 1 EraseBytes-
#20874	REDUCE cov: 2066 ft: 4779 corp: 407/34Kb lim: 246 exec/s: 2982 rss: 130Mb L: 30/246 MS: 2 CopyPart-EraseBytes-
#21022	REDUCE cov: 2066 ft: 4779 corp: 407/34Kb lim: 246 exec/s: 3003 rss: 130Mb L: 37/246 MS: 3 ShuffleBytes-PersAutoDict-EraseBytes- DE: "\000\000\000\356"-
#21038	NEW    cov: 2067 ft: 4780 corp: 408/34Kb lim: 246 exec/s: 3005 rss: 130Mb L: 86/246 MS: 1 InsertRepeatedBytes-
#21050	NEW    cov: 2068 ft: 4783 corp: 409/34Kb lim: 246 exec/s: 3007 rss: 130Mb L: 97/246 MS: 2 CopyPart-InsertRepeatedBytes-
#21132	REDUCE cov: 2069 ft: 4785 corp: 410/34Kb lim: 246 exec/s: 3018 rss: 130Mb L: 141/246 MS: 2 ChangeBit-CrossOver-
#21139	NEW    cov: 2070 ft: 4787 corp: 411/34Kb lim: 246 exec/s: 3019 rss: 131Mb L: 31/246 MS: 2 InsertByte-CrossOver-
#21155	REDUCE cov: 2070 ft: 4787 corp: 411/34Kb lim: 246 exec/s: 3022 rss: 131Mb L: 124/246 MS: 1 EraseBytes-
#21221	REDUCE cov: 2070 ft: 4787 corp: 411/34Kb lim: 246 exec/s: 3031 rss: 131Mb L: 93/246 MS: 1 EraseBytes-
#21248	REDUCE cov: 2070 ft: 4787 corp: 411/34Kb lim: 246 exec/s: 3035 rss: 131Mb L: 37/246 MS: 2 ChangeByte-EraseBytes-
#21306	NEW    cov: 2070 ft: 4788 corp: 412/34Kb lim: 246 exec/s: 3043 rss: 131Mb L: 94/246 MS: 3 ShuffleBytes-InsertRepeatedBytes-CrossOver-
#21397	REDUCE cov: 2070 ft: 4788 corp: 412/34Kb lim: 246 exec/s: 3056 rss: 131Mb L: 48/246 MS: 1 EraseBytes-
#21403	REDUCE cov: 2070 ft: 4788 corp: 412/34Kb lim: 246 exec/s: 3057 rss: 131Mb L: 40/246 MS: 1 EraseBytes-
#21434	REDUCE cov: 2070 ft: 4788 corp: 412/34Kb lim: 246 exec/s: 3062 rss: 131Mb L: 26/246 MS: 1 EraseBytes-
#21525	REDUCE cov: 2070 ft: 4788 corp: 412/34Kb lim: 246 exec/s: 3075 rss: 131Mb L: 58/246 MS: 1 CrossOver-
#21528	NEW    cov: 2070 ft: 4789 corp: 413/34Kb lim: 246 exec/s: 3075 rss: 131Mb L: 141/246 MS: 3 PersAutoDict-ChangeASCIIInt-PersAutoDict- DE: "\015\000\000\000\000\000\000\000"-"\377\377\377\377\377\377\377\000"-
#21536	REDUCE cov: 2070 ft: 4789 corp: 413/34Kb lim: 246 exec/s: 3076 rss: 131Mb L: 92/246 MS: 3 ChangeBit-CrossOver-CrossOver-
#21549	REDUCE cov: 2070 ft: 4789 corp: 413/34Kb lim: 246 exec/s: 3078 rss: 131Mb L: 167/246 MS: 3 CopyPart-CMP-EraseBytes- DE: "UNAUTHORIZED"-
#21560	REDUCE cov: 2070 ft: 4789 corp: 413/34Kb lim: 246 exec/s: 3080 rss: 131Mb L: 189/246 MS: 1 CrossOver-
#21578	REDUCE cov: 2070 ft: 4789 corp: 413/34Kb lim: 246 exec/s: 3082 rss: 131Mb L: 11/246 MS: 3 ChangeByte-ChangeBinInt-EraseBytes-
#21596	REDUCE cov: 2070 ft: 4789 corp: 413/34Kb lim: 246 exec/s: 3085 rss: 131Mb L: 140/246 MS: 3 InsertByte-ChangeByte-EraseBytes-
#21642	REDUCE cov: 2070 ft: 4789 corp: 413/34Kb lim: 246 exec/s: 3091 rss: 131Mb L: 109/246 MS: 1 EraseBytes-
#21688	NEW    cov: 2070 ft: 4810 corp: 414/34Kb lim: 246 exec/s: 3098 rss: 132Mb L: 208/246 MS: 1 CMP- DE: "UNAHIRUOTZED"-
#21744	REDUCE cov: 2070 ft: 4810 corp: 414/34Kb lim: 246 exec/s: 3106 rss: 132Mb L: 76/246 MS: 1 EraseBytes-
#21752	NEW    cov: 2070 ft: 4811 corp: 415/34Kb lim: 246 exec/s: 3107 rss: 132Mb L: 94/246 MS: 3 ChangeBit-PersAutoDict-CopyPart- DE: "\377\377\377\372"-
#21814	REDUCE cov: 2070 ft: 4811 corp: 415/34Kb lim: 246 exec/s: 3116 rss: 132Mb L: 227/246 MS: 2 ShuffleBytes-EraseBytes-
#21916	REDUCE cov: 2070 ft: 4811 corp: 415/34Kb lim: 246 exec/s: 3130 rss: 132Mb L: 51/246 MS: 2 ChangeBinInt-EraseBytes-
#21944	NEW    cov: 2071 ft: 4813 corp: 416/34Kb lim: 246 exec/s: 3134 rss: 132Mb L: 75/246 MS: 3 ShuffleBytes-ChangeASCIIInt-CrossOver-
#21966	REDUCE cov: 2071 ft: 4813 corp: 416/34Kb lim: 246 exec/s: 3138 rss: 132Mb L: 61/246 MS: 2 ChangeByte-EraseBytes-
#22218	NEW    cov: 2073 ft: 4815 corp: 417/35Kb lim: 246 exec/s: 3174 rss: 132Mb L: 71/246 MS: 2 ChangeByte-ShuffleBytes-
#22221	NEW    cov: 2073 ft: 4817 corp: 418/35Kb lim: 246 exec/s: 3174 rss: 132Mb L: 234/246 MS: 3 ChangeByte-ChangeBinInt-PersAutoDict- DE: "e "-
#22253	NEW    cov: 2073 ft: 4822 corp: 419/35Kb lim: 246 exec/s: 3179 rss: 132Mb L: 31/246 MS: 2 ShuffleBytes-ChangeByte-
#22374	NEW    cov: 2073 ft: 4825 corp: 420/35Kb lim: 246 exec/s: 3196 rss: 132Mb L: 5/246 MS: 1 CopyPart-
#22436	NEW    cov: 2074 ft: 4826 corp: 421/35Kb lim: 246 exec/s: 3205 rss: 133Mb L: 71/246 MS: 2 ChangeBit-ChangeASCIIInt-
#22443	REDUCE cov: 2074 ft: 4827 corp: 422/35Kb lim: 246 exec/s: 3206 rss: 133Mb L: 61/246 MS: 2 InsertByte-EraseBytes-
#22455	REDUCE cov: 2074 ft: 4827 corp: 422/35Kb lim: 246 exec/s: 3207 rss: 133Mb L: 38/246 MS: 2 ChangeBit-EraseBytes-
#22481	NEW    cov: 2074 ft: 4829 corp: 423/35Kb lim: 246 exec/s: 3211 rss: 133Mb L: 63/246 MS: 1 CrossOver-
#22587	REDUCE cov: 2074 ft: 4833 corp: 424/35Kb lim: 246 exec/s: 3226 rss: 133Mb L: 85/246 MS: 1 InsertRepeatedBytes-
#22605	REDUCE cov: 2074 ft: 4833 corp: 424/35Kb lim: 246 exec/s: 3229 rss: 133Mb L: 39/246 MS: 3 ChangeBit-CMP-EraseBytes- DE: "\000\000\000\000\000\000\000\000"-
#22683	REDUCE cov: 2074 ft: 4833 corp: 424/35Kb lim: 246 exec/s: 3240 rss: 133Mb L: 45/246 MS: 3 InsertByte-ShuffleBytes-EraseBytes-
#22715	REDUCE cov: 2074 ft: 4833 corp: 424/35Kb lim: 246 exec/s: 3245 rss: 133Mb L: 24/246 MS: 2 ShuffleBytes-EraseBytes-
#22729	REDUCE cov: 2074 ft: 4833 corp: 424/35Kb lim: 246 exec/s: 3247 rss: 133Mb L: 191/246 MS: 4 InsertRepeatedBytes-CrossOver-ChangeBit-EraseBytes-
#22731	NEW    cov: 2074 ft: 4835 corp: 425/35Kb lim: 246 exec/s: 3247 rss: 133Mb L: 31/246 MS: 2 ChangeBit-ChangeBinInt-
#22767	NEW    cov: 2076 ft: 4838 corp: 426/35Kb lim: 246 exec/s: 3252 rss: 133Mb L: 127/246 MS: 1 CrossOver-
#22833	NEW    cov: 2076 ft: 4839 corp: 427/35Kb lim: 246 exec/s: 3261 rss: 133Mb L: 5/246 MS: 1 InsertByte-
#22846	REDUCE cov: 2076 ft: 4839 corp: 427/35Kb lim: 246 exec/s: 3263 rss: 133Mb L: 56/246 MS: 3 ChangeBit-ChangeBinInt-EraseBytes-
#22853	REDUCE cov: 2076 ft: 4839 corp: 427/35Kb lim: 246 exec/s: 3264 rss: 133Mb L: 38/246 MS: 2 ChangeBit-EraseBytes-
#22854	REDUCE cov: 2076 ft: 4839 corp: 427/35Kb lim: 246 exec/s: 3264 rss: 133Mb L: 100/246 MS: 1 EraseBytes-
#22859	REDUCE cov: 2076 ft: 4839 corp: 427/35Kb lim: 246 exec/s: 3265 rss: 133Mb L: 47/246 MS: 5 ChangeBit-CopyPart-ChangeByte-InsertByte-EraseBytes-
#22877	REDUCE cov: 2076 ft: 4839 corp: 427/35Kb lim: 246 exec/s: 3268 rss: 133Mb L: 62/246 MS: 3 ChangeByte-ChangeBinInt-EraseBytes-
#22896	REDUCE cov: 2076 ft: 4839 corp: 427/35Kb lim: 246 exec/s: 3270 rss: 133Mb L: 111/246 MS: 4 ChangeBinInt-CopyPart-ChangeBit-EraseBytes-
#22918	REDUCE cov: 2076 ft: 4839 corp: 427/35Kb lim: 246 exec/s: 3274 rss: 134Mb L: 56/246 MS: 2 PersAutoDict-EraseBytes- DE: "\000\000\000\364"-
#22990	NEW    cov: 2076 ft: 4842 corp: 428/35Kb lim: 246 exec/s: 2873 rss: 134Mb L: 135/246 MS: 2 ChangeByte-CrossOver-
#22991	REDUCE cov: 2076 ft: 4842 corp: 428/35Kb lim: 246 exec/s: 2873 rss: 134Mb L: 122/246 MS: 1 EraseBytes-
#23037	NEW    cov: 2076 ft: 4856 corp: 429/35Kb lim: 246 exec/s: 2879 rss: 134Mb L: 117/246 MS: 1 CrossOver-
#23143	REDUCE cov: 2076 ft: 4856 corp: 429/35Kb lim: 246 exec/s: 2892 rss: 134Mb L: 75/246 MS: 1 EraseBytes-
#23209	REDUCE cov: 2076 ft: 4856 corp: 429/35Kb lim: 246 exec/s: 2901 rss: 136Mb L: 77/246 MS: 1 EraseBytes-
#23320	REDUCE cov: 2076 ft: 4856 corp: 429/35Kb lim: 246 exec/s: 2915 rss: 136Mb L: 10/246 MS: 1 EraseBytes-
#23347	NEW    cov: 2076 ft: 4857 corp: 430/35Kb lim: 246 exec/s: 2918 rss: 136Mb L: 210/246 MS: 2 ChangeASCIIInt-InsertRepeatedBytes-
#23353	NEW    cov: 2076 ft: 4859 corp: 431/35Kb lim: 246 exec/s: 2919 rss: 136Mb L: 4/246 MS: 1 CopyPart-
#23360	NEW    cov: 2076 ft: 4861 corp: 432/35Kb lim: 246 exec/s: 2920 rss: 136Mb L: 106/246 MS: 2 InsertByte-PersAutoDict- DE: "\012\000"-
#23405	REDUCE cov: 2076 ft: 4861 corp: 432/35Kb lim: 246 exec/s: 2925 rss: 136Mb L: 39/246 MS: 5 ChangeASCIIInt-ChangeASCIIInt-ShuffleBytes-InsertByte-EraseBytes-
#23505	NEW    cov: 2076 ft: 4862 corp: 433/35Kb lim: 246 exec/s: 2938 rss: 136Mb L: 21/246 MS: 5 PersAutoDict-EraseBytes-ChangeBinInt-ChangeBinInt-ChangeByte- DE: "\011\000\000\000\000\000\000\000"-
#23507	REDUCE cov: 2076 ft: 4862 corp: 433/35Kb lim: 246 exec/s: 2938 rss: 136Mb L: 186/246 MS: 2 CrossOver-EraseBytes-
#23513	NEW    cov: 2078 ft: 4864 corp: 434/35Kb lim: 246 exec/s: 2939 rss: 136Mb L: 89/246 MS: 1 CrossOver-
#23519	REDUCE cov: 2078 ft: 4864 corp: 434/35Kb lim: 246 exec/s: 2939 rss: 136Mb L: 33/246 MS: 1 EraseBytes-
#23705	NEW    cov: 2078 ft: 4865 corp: 435/36Kb lim: 246 exec/s: 2963 rss: 137Mb L: 40/246 MS: 1 InsertRepeatedBytes-
#23706	REDUCE cov: 2078 ft: 4865 corp: 435/35Kb lim: 246 exec/s: 2963 rss: 137Mb L: 20/246 MS: 1 EraseBytes-
#23712	REDUCE cov: 2078 ft: 4865 corp: 435/35Kb lim: 246 exec/s: 2964 rss: 137Mb L: 13/246 MS: 1 EraseBytes-
#23721	NEW    cov: 2078 ft: 4866 corp: 436/36Kb lim: 246 exec/s: 2965 rss: 137Mb L: 89/246 MS: 4 CopyPart-InsertRepeatedBytes-PersAutoDict-CrossOver- DE: "\377\377\377\377"-
#23807	REDUCE cov: 2078 ft: 4866 corp: 436/36Kb lim: 246 exec/s: 2975 rss: 137Mb L: 139/246 MS: 1 EraseBytes-
#23867	REDUCE cov: 2078 ft: 4870 corp: 437/36Kb lim: 246 exec/s: 2983 rss: 137Mb L: 99/246 MS: 5 ChangeASCIIInt-ShuffleBytes-ChangeBinInt-InsertByte-EraseBytes-
#23978	REDUCE cov: 2078 ft: 4870 corp: 437/36Kb lim: 246 exec/s: 2997 rss: 137Mb L: 80/246 MS: 1 EraseBytes-
#23979	REDUCE cov: 2078 ft: 4870 corp: 437/36Kb lim: 246 exec/s: 2997 rss: 137Mb L: 33/246 MS: 1 EraseBytes-
#23984	REDUCE cov: 2078 ft: 4870 corp: 437/36Kb lim: 246 exec/s: 2998 rss: 137Mb L: 116/246 MS: 5 CrossOver-InsertByte-ShuffleBytes-CMP-CrossOver- DE: "\000\000\000\000\000\000\000\000"-
#24005	NEW    cov: 2078 ft: 4871 corp: 438/36Kb lim: 246 exec/s: 3000 rss: 137Mb L: 7/246 MS: 1 PersAutoDict- DE: "\012\000"-
#24091	REDUCE cov: 2078 ft: 4871 corp: 438/36Kb lim: 246 exec/s: 3011 rss: 137Mb L: 21/246 MS: 1 EraseBytes-
#24111	REDUCE cov: 2078 ft: 4871 corp: 438/36Kb lim: 246 exec/s: 3013 rss: 137Mb L: 36/246 MS: 5 ChangeByte-ChangeBinInt-ShuffleBytes-ShuffleBytes-EraseBytes-
#24162	REDUCE cov: 2078 ft: 4871 corp: 438/36Kb lim: 246 exec/s: 3020 rss: 137Mb L: 37/246 MS: 1 EraseBytes-
#24238	REDUCE cov: 2078 ft: 4871 corp: 438/36Kb lim: 246 exec/s: 3029 rss: 137Mb L: 95/246 MS: 1 EraseBytes-
#24262	REDUCE cov: 2079 ft: 4872 corp: 439/36Kb lim: 246 exec/s: 3032 rss: 137Mb L: 74/246 MS: 4 CMP-InsertByte-CMP-PersAutoDict- DE: "(\000\000\000\000\000\000\000"-"\000\012"-"\015\000\000\000\000\000\000\000"-
#24268	NEW    cov: 2079 ft: 4874 corp: 440/36Kb lim: 246 exec/s: 3033 rss: 138Mb L: 4/246 MS: 1 ChangeBit-
#24285	REDUCE cov: 2079 ft: 4874 corp: 440/36Kb lim: 246 exec/s: 3035 rss: 138Mb L: 70/246 MS: 2 CMP-EraseBytes- DE: "tcil"-
#24295	REDUCE cov: 2079 ft: 4874 corp: 440/35Kb lim: 246 exec/s: 3036 rss: 138Mb L: 123/246 MS: 5 CMP-ChangeBinInt-ChangeByte-ShuffleBytes-EraseBytes- DE: "UNAUTHORIZED"-
#24391	REDUCE cov: 2079 ft: 4874 corp: 440/35Kb lim: 246 exec/s: 3048 rss: 138Mb L: 80/246 MS: 1 EraseBytes-
#24407	REDUCE cov: 2079 ft: 4874 corp: 440/35Kb lim: 246 exec/s: 3050 rss: 138Mb L: 151/246 MS: 1 EraseBytes-
#24423	NEW    cov: 2079 ft: 4875 corp: 441/36Kb lim: 246 exec/s: 3052 rss: 138Mb L: 210/246 MS: 1 ShuffleBytes-
#24494	NEW    cov: 2080 ft: 4876 corp: 442/36Kb lim: 246 exec/s: 3061 rss: 138Mb L: 3/246 MS: 1 CopyPart-
#24496	REDUCE cov: 2080 ft: 4876 corp: 442/36Kb lim: 246 exec/s: 3062 rss: 138Mb L: 51/246 MS: 2 ChangeBit-EraseBytes-
#24532	NEW    cov: 2083 ft: 4879 corp: 443/36Kb lim: 246 exec/s: 3066 rss: 138Mb L: 4/246 MS: 1 ChangeByte-
#24688	REDUCE cov: 2083 ft: 4879 corp: 443/36Kb lim: 246 exec/s: 3086 rss: 138Mb L: 34/246 MS: 1 EraseBytes-
#24714	REDUCE cov: 2083 ft: 4879 corp: 443/36Kb lim: 246 exec/s: 3089 rss: 138Mb L: 9/246 MS: 1 EraseBytes-
#24746	REDUCE cov: 2083 ft: 4879 corp: 443/36Kb lim: 246 exec/s: 3093 rss: 138Mb L: 60/246 MS: 2 ChangeByte-EraseBytes-
#24770	NEW    cov: 2083 ft: 4881 corp: 444/36Kb lim: 246 exec/s: 3096 rss: 138Mb L: 182/246 MS: 4 InsertByte-ChangeBit-CopyPart-EraseBytes-
#24926	REDUCE cov: 2083 ft: 4881 corp: 444/36Kb lim: 246 exec/s: 3115 rss: 139Mb L: 60/246 MS: 1 EraseBytes-
#25003	REDUCE cov: 2083 ft: 4882 corp: 445/36Kb lim: 246 exec/s: 3125 rss: 139Mb L: 18/246 MS: 2 ChangeByte-EraseBytes-
#25015	NEW    cov: 2083 ft: 4883 corp: 446/36Kb lim: 246 exec/s: 3126 rss: 139Mb L: 69/246 MS: 2 ChangeASCIIInt-ShuffleBytes-
#25059	REDUCE cov: 2083 ft: 4883 corp: 446/36Kb lim: 246 exec/s: 3132 rss: 139Mb L: 19/246 MS: 4 PersAutoDict-CrossOver-InsertByte-EraseBytes- DE: "\377\377\377\377\377\377\377\004"-
#25163	REDUCE cov: 2083 ft: 4883 corp: 446/36Kb lim: 246 exec/s: 3145 rss: 139Mb L: 70/246 MS: 4 ChangeBit-PersAutoDict-ChangeByte-EraseBytes- DE: "\001\000"-
#25167	REDUCE cov: 2083 ft: 4883 corp: 446/36Kb lim: 246 exec/s: 3145 rss: 139Mb L: 68/246 MS: 4 ChangeBinInt-CMP-ChangeBit-EraseBytes- DE: "DIGEST_INVALID"-
#25197	NEW    cov: 2083 ft: 4885 corp: 447/36Kb lim: 246 exec/s: 3149 rss: 139Mb L: 108/246 MS: 5 InsertRepeatedBytes-InsertByte-CrossOver-EraseBytes-CrossOver-
#25228	REDUCE cov: 2083 ft: 4885 corp: 447/36Kb lim: 246 exec/s: 3153 rss: 139Mb L: 25/246 MS: 1 EraseBytes-
#25249	NEW    cov: 2084 ft: 4886 corp: 448/36Kb lim: 246 exec/s: 3156 rss: 139Mb L: 69/246 MS: 1 CrossOver-
#25315	NEW    cov: 2084 ft: 4887 corp: 449/36Kb lim: 246 exec/s: 3164 rss: 139Mb L: 178/246 MS: 1 ChangeByte-
#25385	REDUCE cov: 2084 ft: 4887 corp: 449/36Kb lim: 246 exec/s: 3173 rss: 139Mb L: 6/246 MS: 5 InsertByte-ShuffleBytes-ChangeByte-ChangeBit-EraseBytes-
#25386	REDUCE cov: 2084 ft: 4887 corp: 449/36Kb lim: 246 exec/s: 3173 rss: 139Mb L: 12/246 MS: 1 EraseBytes-
#25420	REDUCE cov: 2084 ft: 4887 corp: 449/36Kb lim: 246 exec/s: 3177 rss: 139Mb L: 10/246 MS: 4 ShuffleBytes-ChangeBinInt-ChangeBit-EraseBytes-
#25421	REDUCE cov: 2084 ft: 4887 corp: 449/36Kb lim: 246 exec/s: 3177 rss: 139Mb L: 56/246 MS: 1 EraseBytes-
#25498	NEW    cov: 2084 ft: 4888 corp: 450/36Kb lim: 246 exec/s: 3187 rss: 139Mb L: 129/246 MS: 2 InsertByte-CrossOver-
#25522	REDUCE cov: 2084 ft: 4888 corp: 450/36Kb lim: 246 exec/s: 3190 rss: 139Mb L: 151/246 MS: 4 InsertRepeatedBytes-PersAutoDict-CopyPart-EraseBytes- DE: "deta"-
#25533	NEW    cov: 2084 ft: 4889 corp: 451/36Kb lim: 246 exec/s: 3191 rss: 139Mb L: 20/246 MS: 1 EraseBytes-
#25549	REDUCE cov: 2084 ft: 4889 corp: 451/36Kb lim: 246 exec/s: 3193 rss: 140Mb L: 3/246 MS: 1 EraseBytes-
#25631	REDUCE cov: 2084 ft: 4889 corp: 451/36Kb lim: 246 exec/s: 3203 rss: 140Mb L: 60/246 MS: 2 ChangeASCIIInt-EraseBytes-
#25651	NEW    cov: 2084 ft: 4892 corp: 452/36Kb lim: 246 exec/s: 3206 rss: 140Mb L: 141/246 MS: 5 ChangeByte-PersAutoDict-CopyPart-CopyPart-CrossOver- DE: "tcil"-
#25652	REDUCE cov: 2084 ft: 4892 corp: 452/36Kb lim: 246 exec/s: 3206 rss: 140Mb L: 168/246 MS: 1 EraseBytes-
#25679	REDUCE cov: 2084 ft: 4892 corp: 452/36Kb lim: 246 exec/s: 3209 rss: 140Mb L: 129/246 MS: 2 ChangeBinInt-EraseBytes-
#25752	NEW    cov: 2084 ft: 4895 corp: 453/36Kb lim: 246 exec/s: 3219 rss: 140Mb L: 99/246 MS: 3 CrossOver-CopyPart-InsertRepeatedBytes-
#25885	REDUCE cov: 2086 ft: 4897 corp: 454/36Kb lim: 246 exec/s: 3235 rss: 140Mb L: 107/246 MS: 3 InsertByte-CopyPart-CMP- DE: "TOOMANYREQUESTS"-
#25976	REDUCE cov: 2086 ft: 4897 corp: 454/36Kb lim: 246 exec/s: 3247 rss: 140Mb L: 43/246 MS: 1 EraseBytes-
#26058	NEW    cov: 2095 ft: 4907 corp: 455/37Kb lim: 246 exec/s: 3257 rss: 140Mb L: 92/246 MS: 2 ChangeBit-ChangeBinInt-
#26081	REDUCE cov: 2095 ft: 4908 corp: 456/37Kb lim: 246 exec/s: 3260 rss: 140Mb L: 16/246 MS: 3 ChangeBinInt-CMP-CrossOver- DE: "\000\000\000\375"-
#26097	REDUCE cov: 2095 ft: 4908 corp: 456/37Kb lim: 246 exec/s: 3262 rss: 140Mb L: 14/246 MS: 1 EraseBytes-
#26116	REDUCE cov: 2095 ft: 4908 corp: 456/37Kb lim: 246 exec/s: 3264 rss: 141Mb L: 92/246 MS: 4 ShuffleBytes-ShuffleBytes-PersAutoDict-EraseBytes- DE: "\377\377\377\006"-
#26217	NEW    cov: 2095 ft: 4909 corp: 457/37Kb lim: 246 exec/s: 3277 rss: 141Mb L: 41/246 MS: 1 CrossOver-
#26228	NEW    cov: 2095 ft: 4910 corp: 458/37Kb lim: 246 exec/s: 3278 rss: 141Mb L: 100/246 MS: 1 InsertByte-
#26239	REDUCE cov: 2095 ft: 4910 corp: 458/37Kb lim: 246 exec/s: 3279 rss: 141Mb L: 38/246 MS: 1 EraseBytes-
#26240	REDUCE cov: 2095 ft: 4910 corp: 458/37Kb lim: 246 exec/s: 3280 rss: 141Mb L: 165/246 MS: 1 EraseBytes-
#26327	REDUCE cov: 2099 ft: 4914 corp: 459/37Kb lim: 246 exec/s: 2925 rss: 141Mb L: 106/246 MS: 2 ShuffleBytes-ChangeBit-
#26374	REDUCE cov: 2099 ft: 4914 corp: 459/37Kb lim: 246 exec/s: 2930 rss: 141Mb L: 53/246 MS: 2 ChangeBinInt-EraseBytes-
#26376	NEW    cov: 2099 ft: 4917 corp: 460/37Kb lim: 246 exec/s: 2930 rss: 141Mb L: 63/246 MS: 2 ShuffleBytes-ChangeByte-
#26459	REDUCE cov: 2099 ft: 4917 corp: 460/37Kb lim: 246 exec/s: 2939 rss: 141Mb L: 64/246 MS: 3 ShuffleBytes-ChangeBit-EraseBytes-
#26467	REDUCE cov: 2099 ft: 4917 corp: 460/37Kb lim: 246 exec/s: 2940 rss: 141Mb L: 23/246 MS: 3 InsertByte-PersAutoDict-EraseBytes- DE: "\015\000\000\000\000\000\000\000"-
#26468	REDUCE cov: 2099 ft: 4917 corp: 460/37Kb lim: 246 exec/s: 2940 rss: 141Mb L: 24/246 MS: 1 EraseBytes-
#26482	NEW    cov: 2099 ft: 4918 corp: 461/37Kb lim: 246 exec/s: 2942 rss: 141Mb L: 246/246 MS: 4 ChangeBit-CrossOver-CrossOver-CopyPart-
#26543	REDUCE cov: 2099 ft: 4918 corp: 461/37Kb lim: 246 exec/s: 2949 rss: 143Mb L: 29/246 MS: 1 EraseBytes-
#26554	REDUCE cov: 2099 ft: 4918 corp: 461/37Kb lim: 246 exec/s: 2950 rss: 143Mb L: 28/246 MS: 1 EraseBytes-
#26567	REDUCE cov: 2099 ft: 4918 corp: 461/37Kb lim: 246 exec/s: 2951 rss: 143Mb L: 97/246 MS: 3 CrossOver-PersAutoDict-EraseBytes- DE: "layers"-
#26588	NEW    cov: 2099 ft: 4919 corp: 462/37Kb lim: 246 exec/s: 2954 rss: 143Mb L: 40/246 MS: 1 ChangeBit-
#26660	REDUCE cov: 2099 ft: 4919 corp: 462/37Kb lim: 246 exec/s: 2962 rss: 143Mb L: 64/246 MS: 2 ShuffleBytes-EraseBytes-
#26716	REDUCE cov: 2099 ft: 4919 corp: 462/37Kb lim: 246 exec/s: 2968 rss: 143Mb L: 14/246 MS: 1 EraseBytes-
#26780	REDUCE cov: 2099 ft: 4919 corp: 462/37Kb lim: 246 exec/s: 2975 rss: 143Mb L: 105/246 MS: 4 ChangeBit-ChangeBit-ChangeByte-EraseBytes-
#26862	NEW    cov: 2099 ft: 4920 corp: 463/37Kb lim: 246 exec/s: 2984 rss: 143Mb L: 240/246 MS: 2 ChangeBit-PersAutoDict- DE: "error0"-
#26868	NEW    cov: 2099 ft: 4950 corp: 464/37Kb lim: 246 exec/s: 2985 rss: 144Mb L: 234/246 MS: 1 CopyPart-
#26874	NEW    cov: 2100 ft: 4951 corp: 465/37Kb lim: 246 exec/s: 2986 rss: 144Mb L: 47/246 MS: 1 ShuffleBytes-
#26875	REDUCE cov: 2100 ft: 4951 corp: 465/37Kb lim: 246 exec/s: 2986 rss: 144Mb L: 48/246 MS: 1 EraseBytes-
#26888	REDUCE cov: 2100 ft: 4951 corp: 465/37Kb lim: 246 exec/s: 2987 rss: 144Mb L: 54/246 MS: 3 CrossOver-ShuffleBytes-EraseBytes-
#26930	NEW    cov: 2100 ft: 4960 corp: 466/38Kb lim: 246 exec/s: 2992 rss: 144Mb L: 208/246 MS: 2 ShuffleBytes-CopyPart-
#26977	NEW    cov: 2101 ft: 4961 corp: 467/38Kb lim: 246 exec/s: 2997 rss: 144Mb L: 230/246 MS: 2 CopyPart-InsertRepeatedBytes-
#27110	REDUCE cov: 2101 ft: 4962 corp: 468/38Kb lim: 246 exec/s: 3012 rss: 144Mb L: 100/246 MS: 3 ChangeBit-ChangeBit-CopyPart-
#27126	REDUCE cov: 2101 ft: 4964 corp: 469/38Kb lim: 246 exec/s: 3014 rss: 144Mb L: 94/246 MS: 1 EraseBytes-
#27147	REDUCE cov: 2101 ft: 4964 corp: 469/38Kb lim: 246 exec/s: 3016 rss: 144Mb L: 74/246 MS: 1 EraseBytes-
#27230	NEW    cov: 2103 ft: 4966 corp: 470/38Kb lim: 246 exec/s: 3025 rss: 144Mb L: 50/246 MS: 3 ChangeBinInt-ChangeASCIIInt-CrossOver-
#27301	REDUCE cov: 2103 ft: 4966 corp: 470/38Kb lim: 246 exec/s: 3033 rss: 144Mb L: 142/246 MS: 1 EraseBytes-
#27381	NEW    cov: 2104 ft: 4967 corp: 471/38Kb lim: 246 exec/s: 3042 rss: 144Mb L: 84/246 MS: 5 ChangeBinInt-ChangeBinInt-ChangeASCIIInt-ChangeBinInt-CopyPart-
#27387	NEW    cov: 2106 ft: 4969 corp: 472/38Kb lim: 246 exec/s: 3043 rss: 144Mb L: 47/246 MS: 1 ChangeByte-
#27423	REDUCE cov: 2106 ft: 4969 corp: 472/38Kb lim: 246 exec/s: 3047 rss: 144Mb L: 38/246 MS: 1 EraseBytes-
#27425	REDUCE cov: 2108 ft: 4971 corp: 473/38Kb lim: 246 exec/s: 3047 rss: 144Mb L: 187/246 MS: 2 CrossOver-ChangeByte-
#27451	REDUCE cov: 2108 ft: 4971 corp: 473/38Kb lim: 246 exec/s: 3050 rss: 145Mb L: 19/246 MS: 1 EraseBytes-
#27462	NEW    cov: 2108 ft: 4980 corp: 474/38Kb lim: 246 exec/s: 3051 rss: 145Mb L: 125/246 MS: 1 PersAutoDict- DE: "\000\000\000\000\000\000\000\012"-
#27491	REDUCE cov: 2108 ft: 4980 corp: 474/38Kb lim: 246 exec/s: 3054 rss: 145Mb L: 83/246 MS: 4 ChangeByte-ChangeByte-ChangeByte-EraseBytes-
#27667	REDUCE cov: 2108 ft: 4980 corp: 474/38Kb lim: 246 exec/s: 3074 rss: 145Mb L: 183/246 MS: 1 CrossOver-
#27696	NEW    cov: 2108 ft: 4982 corp: 475/38Kb lim: 246 exec/s: 3077 rss: 145Mb L: 97/246 MS: 4 EraseBytes-InsertByte-EraseBytes-CrossOver-
#27928	REDUCE cov: 2108 ft: 4982 corp: 475/38Kb lim: 246 exec/s: 3103 rss: 145Mb L: 192/246 MS: 2 InsertRepeatedBytes-EraseBytes-
#27952	NEW    cov: 2108 ft: 4983 corp: 476/39Kb lim: 246 exec/s: 3105 rss: 145Mb L: 178/246 MS: 4 InsertRepeatedBytes-InsertByte-EraseBytes-CopyPart-
#28023	REDUCE cov: 2108 ft: 4983 corp: 476/39Kb lim: 246 exec/s: 3113 rss: 145Mb L: 224/246 MS: 1 EraseBytes-
#28090	REDUCE cov: 2108 ft: 4983 corp: 476/38Kb lim: 246 exec/s: 3121 rss: 145Mb L: 59/246 MS: 2 CMP-EraseBytes- DE: "mediaT"-
#28131	REDUCE cov: 2108 ft: 4985 corp: 477/38Kb lim: 246 exec/s: 3125 rss: 145Mb L: 22/246 MS: 1 EraseBytes-
#28137	NEW    cov: 2111 ft: 4988 corp: 478/39Kb lim: 246 exec/s: 3126 rss: 146Mb L: 4/246 MS: 1 ChangeBit-
#28171	NEW    cov: 2111 ft: 4989 corp: 479/39Kb lim: 246 exec/s: 3130 rss: 146Mb L: 147/246 MS: 4 InsertRepeatedBytes-ChangeByte-CrossOver-PersAutoDict- DE: "UNAHIRUOTZED"-
#28201	REDUCE cov: 2111 ft: 4989 corp: 479/39Kb lim: 246 exec/s: 3133 rss: 146Mb L: 165/246 MS: 5 ChangeBit-InsertByte-ShuffleBytes-ShuffleBytes-EraseBytes-
#28213	NEW    cov: 2111 ft: 4990 corp: 480/39Kb lim: 246 exec/s: 3134 rss: 146Mb L: 208/246 MS: 2 ChangeByte-ChangeBinInt-
#28239	REDUCE cov: 2111 ft: 4990 corp: 480/39Kb lim: 246 exec/s: 3137 rss: 146Mb L: 215/246 MS: 1 EraseBytes-
#28240	NEW    cov: 2111 ft: 5010 corp: 481/39Kb lim: 246 exec/s: 3137 rss: 146Mb L: 239/246 MS: 1 CrossOver-
#28266	REDUCE cov: 2111 ft: 5010 corp: 481/39Kb lim: 246 exec/s: 3140 rss: 146Mb L: 14/246 MS: 1 EraseBytes-
#28355	REDUCE cov: 2111 ft: 5010 corp: 481/39Kb lim: 246 exec/s: 3150 rss: 146Mb L: 31/246 MS: 4 CopyPart-ChangeASCIIInt-ChangeByte-EraseBytes-
#28363	NEW    cov: 2111 ft: 5011 corp: 482/39Kb lim: 246 exec/s: 3151 rss: 146Mb L: 100/246 MS: 3 ShuffleBytes-InsertRepeatedBytes-CrossOver-
#28494	REDUCE cov: 2111 ft: 5011 corp: 482/39Kb lim: 246 exec/s: 3166 rss: 146Mb L: 38/246 MS: 1 EraseBytes-
#28606	REDUCE cov: 2111 ft: 5011 corp: 482/39Kb lim: 246 exec/s: 3178 rss: 146Mb L: 28/246 MS: 2 InsertByte-EraseBytes-
#28652	REDUCE cov: 2111 ft: 5012 corp: 483/39Kb lim: 246 exec/s: 3183 rss: 146Mb L: 160/246 MS: 1 InsertRepeatedBytes-
#28714	NEW    cov: 2111 ft: 5014 corp: 484/39Kb lim: 246 exec/s: 3190 rss: 147Mb L: 243/246 MS: 2 CopyPart-CrossOver-
#28801	REDUCE cov: 2111 ft: 5014 corp: 484/39Kb lim: 246 exec/s: 3200 rss: 147Mb L: 37/246 MS: 2 ShuffleBytes-EraseBytes-
#28802	NEW    cov: 2111 ft: 5017 corp: 485/40Kb lim: 246 exec/s: 3200 rss: 147Mb L: 94/246 MS: 1 CrossOver-
#28869	NEW    cov: 2111 ft: 5037 corp: 486/40Kb lim: 246 exec/s: 3207 rss: 147Mb L: 214/246 MS: 2 ChangeBit-PersAutoDict- DE: "mediaT"-
#28881	NEW    cov: 2112 ft: 5039 corp: 487/40Kb lim: 246 exec/s: 3209 rss: 147Mb L: 64/246 MS: 2 EraseBytes-CrossOver-
#28937	REDUCE cov: 2112 ft: 5039 corp: 487/40Kb lim: 246 exec/s: 3215 rss: 147Mb L: 158/246 MS: 1 EraseBytes-
#28998	REDUCE cov: 2112 ft: 5039 corp: 487/40Kb lim: 246 exec/s: 3222 rss: 147Mb L: 50/246 MS: 1 EraseBytes-
#29005	NEW    cov: 2113 ft: 5042 corp: 488/40Kb lim: 246 exec/s: 3222 rss: 147Mb L: 71/246 MS: 2 InsertByte-ShuffleBytes-
#29016	REDUCE cov: 2113 ft: 5042 corp: 488/40Kb lim: 246 exec/s: 3224 rss: 147Mb L: 17/246 MS: 1 EraseBytes-
#29080	REDUCE cov: 2113 ft: 5042 corp: 488/40Kb lim: 246 exec/s: 3231 rss: 147Mb L: 56/246 MS: 4 ChangeByte-ShuffleBytes-ChangeBit-EraseBytes-
#29083	REDUCE cov: 2115 ft: 5044 corp: 489/40Kb lim: 246 exec/s: 3231 rss: 147Mb L: 10/246 MS: 3 ChangeByte-CopyPart-CrossOver-
#29136	REDUCE cov: 2115 ft: 5044 corp: 489/40Kb lim: 246 exec/s: 3237 rss: 147Mb L: 26/246 MS: 3 PersAutoDict-InsertByte-EraseBytes- DE: "dige"-
#29139	REDUCE cov: 2115 ft: 5044 corp: 489/40Kb lim: 246 exec/s: 3237 rss: 147Mb L: 153/246 MS: 3 ChangeByte-ChangeByte-EraseBytes-
#29189	NEW    cov: 2115 ft: 5045 corp: 490/40Kb lim: 246 exec/s: 3243 rss: 147Mb L: 50/246 MS: 5 InsertByte-ChangeBinInt-InsertByte-InsertByte-CrossOver-
#29209	REDUCE cov: 2115 ft: 5045 corp: 490/40Kb lim: 246 exec/s: 3245 rss: 147Mb L: 43/246 MS: 5 CrossOver-InsertByte-CrossOver-ChangeBit-CrossOver-
#29210	REDUCE cov: 2115 ft: 5045 corp: 490/40Kb lim: 246 exec/s: 3245 rss: 148Mb L: 40/246 MS: 1 EraseBytes-
#29267	REDUCE cov: 2115 ft: 5045 corp: 490/40Kb lim: 246 exec/s: 3251 rss: 148Mb L: 20/246 MS: 2 ChangeBit-EraseBytes-
#29338	REDUCE cov: 2115 ft: 5045 corp: 490/40Kb lim: 246 exec/s: 3259 rss: 148Mb L: 75/246 MS: 1 EraseBytes-
#29349	NEW    cov: 2115 ft: 5046 corp: 491/40Kb lim: 246 exec/s: 3261 rss: 148Mb L: 2/246 MS: 1 CrossOver-
#29417	REDUCE cov: 2115 ft: 5046 corp: 491/40Kb lim: 246 exec/s: 3268 rss: 148Mb L: 30/246 MS: 3 CrossOver-ChangeByte-EraseBytes-
#29438	REDUCE cov: 2115 ft: 5046 corp: 491/40Kb lim: 246 exec/s: 3270 rss: 148Mb L: 78/246 MS: 1 EraseBytes-
#29460	REDUCE cov: 2115 ft: 5046 corp: 491/40Kb lim: 246 exec/s: 3273 rss: 148Mb L: 235/246 MS: 2 ShuffleBytes-EraseBytes-
#29478	REDUCE cov: 2115 ft: 5046 corp: 491/40Kb lim: 246 exec/s: 3275 rss: 148Mb L: 37/246 MS: 3 ChangeASCIIInt-PersAutoDict-EraseBytes- DE: "\377\377\377\377\377\377\377\004"-
#29556	NEW    cov: 2116 ft: 5048 corp: 492/40Kb lim: 246 exec/s: 3284 rss: 148Mb L: 157/246 MS: 3 InsertByte-InsertByte-PersAutoDict- DE: "\015\000\000\000\000\000\000\000"-
#29558	NEW    cov: 2117 ft: 5050 corp: 493/40Kb lim: 246 exec/s: 3284 rss: 148Mb L: 89/246 MS: 2 ChangeASCIIInt-InsertByte-
#29569	REDUCE cov: 2117 ft: 5050 corp: 493/40Kb lim: 246 exec/s: 3285 rss: 148Mb L: 41/246 MS: 1 EraseBytes-
#29584	REDUCE cov: 2117 ft: 5050 corp: 493/40Kb lim: 246 exec/s: 3287 rss: 148Mb L: 157/246 MS: 5 InsertRepeatedBytes-CMP-ChangeBit-InsertByte-EraseBytes- DE: "\001\000\000\007"-
#29595	REDUCE cov: 2117 ft: 5050 corp: 493/40Kb lim: 246 exec/s: 3288 rss: 148Mb L: 17/246 MS: 1 EraseBytes-
#29613	NEW    cov: 2117 ft: 5051 corp: 494/40Kb lim: 246 exec/s: 3290 rss: 148Mb L: 221/246 MS: 3 ChangeASCIIInt-ChangeByte-InsertRepeatedBytes-
#29695	REDUCE cov: 2117 ft: 5052 corp: 495/40Kb lim: 246 exec/s: 2969 rss: 148Mb L: 29/246 MS: 2 PersAutoDict-EraseBytes- DE: "\377\377\377\377\377\377\377\016"-
#29764	REDUCE cov: 2117 ft: 5054 corp: 496/40Kb lim: 246 exec/s: 2976 rss: 148Mb L: 134/246 MS: 4 EraseBytes-ShuffleBytes-EraseBytes-InsertRepeatedBytes-
#29815	REDUCE cov: 2117 ft: 5054 corp: 496/40Kb lim: 246 exec/s: 2981 rss: 148Mb L: 34/246 MS: 1 EraseBytes-
#29846	REDUCE cov: 2117 ft: 5054 corp: 496/40Kb lim: 246 exec/s: 2984 rss: 149Mb L: 70/246 MS: 1 EraseBytes-
#29851	REDUCE cov: 2117 ft: 5054 corp: 496/40Kb lim: 246 exec/s: 2985 rss: 149Mb L: 62/246 MS: 5 InsertByte-CrossOver-CopyPart-ChangeBit-EraseBytes-
#29890	REDUCE cov: 2117 ft: 5054 corp: 496/40Kb lim: 246 exec/s: 2989 rss: 150Mb L: 76/246 MS: 4 CopyPart-ChangeBinInt-PersAutoDict-EraseBytes- DE: "\000\000"-
#29931	REDUCE cov: 2117 ft: 5054 corp: 496/40Kb lim: 246 exec/s: 2993 rss: 150Mb L: 37/246 MS: 1 EraseBytes-
#29955	REDUCE cov: 2117 ft: 5054 corp: 496/40Kb lim: 246 exec/s: 2995 rss: 150Mb L: 35/246 MS: 4 CopyPart-InsertByte-InsertByte-EraseBytes-
#30091	REDUCE cov: 2117 ft: 5054 corp: 496/40Kb lim: 246 exec/s: 3009 rss: 151Mb L: 149/246 MS: 1 EraseBytes-
#30096	REDUCE cov: 2117 ft: 5054 corp: 496/40Kb lim: 246 exec/s: 3009 rss: 151Mb L: 179/246 MS: 5 ShuffleBytes-CopyPart-CopyPart-ChangeBit-EraseBytes-
#30105	REDUCE cov: 2117 ft: 5054 corp: 496/40Kb lim: 246 exec/s: 3010 rss: 151Mb L: 89/246 MS: 4 PersAutoDict-PersAutoDict-InsertByte-EraseBytes- DE: "layers"-"\377\377\377\372"-
#30113	NEW    cov: 2117 ft: 5055 corp: 497/40Kb lim: 246 exec/s: 3011 rss: 151Mb L: 221/246 MS: 3 ChangeByte-ChangeBinInt-CrossOver-
#30185	NEW    cov: 2117 ft: 5056 corp: 498/40Kb lim: 246 exec/s: 3018 rss: 151Mb L: 57/246 MS: 2 ChangeByte-CrossOver-
#30207	REDUCE cov: 2118 ft: 5057 corp: 499/40Kb lim: 246 exec/s: 3020 rss: 151Mb L: 171/246 MS: 2 InsertRepeatedBytes-ShuffleBytes-
#30231	REDUCE cov: 2118 ft: 5057 corp: 499/40Kb lim: 246 exec/s: 3023 rss: 151Mb L: 206/246 MS: 4 InsertByte-InsertByte-InsertRepeatedBytes-EraseBytes-
#30278	REDUCE cov: 2118 ft: 5058 corp: 500/40Kb lim: 246 exec/s: 3027 rss: 151Mb L: 22/246 MS: 2 ChangeByte-EraseBytes-
#30336	NEW    cov: 2118 ft: 5059 corp: 501/40Kb lim: 246 exec/s: 3033 rss: 151Mb L: 6/246 MS: 3 PersAutoDict-ChangeBinInt-CrossOver- DE: "\001\000\000\000\000\000\000\000"-
#30337	REDUCE cov: 2120 ft: 5061 corp: 502/40Kb lim: 246 exec/s: 3033 rss: 151Mb L: 27/246 MS: 1 ChangeASCIIInt-
#30438	REDUCE cov: 2120 ft: 5061 corp: 502/40Kb lim: 246 exec/s: 3043 rss: 151Mb L: 6/246 MS: 1 EraseBytes-
#30449	NEW    cov: 2120 ft: 5064 corp: 503/41Kb lim: 246 exec/s: 3044 rss: 151Mb L: 86/246 MS: 1 PersAutoDict- DE: "schVremaesion"-
#30541	REDUCE cov: 2120 ft: 5064 corp: 503/41Kb lim: 246 exec/s: 3054 rss: 151Mb L: 23/246 MS: 2 ShuffleBytes-EraseBytes-
#30543	REDUCE cov: 2120 ft: 5064 corp: 503/41Kb lim: 246 exec/s: 3054 rss: 151Mb L: 90/246 MS: 2 ShuffleBytes-EraseBytes-
#30545	REDUCE cov: 2120 ft: 5064 corp: 503/41Kb lim: 246 exec/s: 3054 rss: 151Mb L: 10/246 MS: 2 ChangeBit-EraseBytes-
#30582	NEW    cov: 2120 ft: 5067 corp: 504/41Kb lim: 246 exec/s: 3058 rss: 151Mb L: 7/246 MS: 2 InsertByte-CopyPart-
#30598	REDUCE cov: 2120 ft: 5067 corp: 504/41Kb lim: 246 exec/s: 3059 rss: 152Mb L: 26/246 MS: 1 CrossOver-
#30624	NEW    cov: 2120 ft: 5068 corp: 505/41Kb lim: 246 exec/s: 3062 rss: 152Mb L: 171/246 MS: 1 CrossOver-
#30631	REDUCE cov: 2120 ft: 5068 corp: 505/41Kb lim: 246 exec/s: 3063 rss: 152Mb L: 107/246 MS: 2 CrossOver-EraseBytes-
#30638	REDUCE cov: 2120 ft: 5068 corp: 505/41Kb lim: 246 exec/s: 3063 rss: 152Mb L: 32/246 MS: 2 ChangeByte-EraseBytes-
#30640	REDUCE cov: 2120 ft: 5068 corp: 505/41Kb lim: 246 exec/s: 3064 rss: 152Mb L: 101/246 MS: 2 PersAutoDict-EraseBytes- DE: "layers"-
#30733	REDUCE cov: 2120 ft: 5068 corp: 505/41Kb lim: 246 exec/s: 3073 rss: 152Mb L: 41/246 MS: 3 CMP-ShuffleBytes-EraseBytes- DE: "detail"-
#30750	NEW    cov: 2121 ft: 5069 corp: 506/41Kb lim: 246 exec/s: 3075 rss: 152Mb L: 70/246 MS: 2 ShuffleBytes-InsertRepeatedBytes-
#30772	REDUCE cov: 2121 ft: 5069 corp: 506/41Kb lim: 246 exec/s: 3077 rss: 152Mb L: 95/246 MS: 2 ShuffleBytes-EraseBytes-
#30778	REDUCE cov: 2121 ft: 5069 corp: 506/41Kb lim: 246 exec/s: 3077 rss: 152Mb L: 122/246 MS: 1 EraseBytes-
#30794	REDUCE cov: 2121 ft: 5069 corp: 506/40Kb lim: 246 exec/s: 3079 rss: 152Mb L: 124/246 MS: 1 EraseBytes-
#30830	REDUCE cov: 2121 ft: 5069 corp: 506/40Kb lim: 246 exec/s: 3083 rss: 152Mb L: 3/246 MS: 1 EraseBytes-
#30899	REDUCE cov: 2121 ft: 5069 corp: 506/40Kb lim: 246 exec/s: 3089 rss: 152Mb L: 49/246 MS: 4 CopyPart-ChangeBinInt-ChangeBit-EraseBytes-
#30927	REDUCE cov: 2122 ft: 5072 corp: 507/41Kb lim: 246 exec/s: 3092 rss: 152Mb L: 153/246 MS: 3 ChangeByte-CrossOver-CopyPart-
#31004	REDUCE cov: 2122 ft: 5074 corp: 508/41Kb lim: 246 exec/s: 3100 rss: 152Mb L: 23/246 MS: 2 ChangeByte-EraseBytes-
#31055	REDUCE cov: 2122 ft: 5074 corp: 508/41Kb lim: 246 exec/s: 3105 rss: 152Mb L: 146/246 MS: 1 EraseBytes-
#31084	NEW    cov: 2122 ft: 5075 corp: 509/41Kb lim: 246 exec/s: 3108 rss: 152Mb L: 45/246 MS: 4 EraseBytes-PersAutoDict-CMP-CrossOver- DE: "\377\377\377\006"-"MANIFEST_INVALID"-
#31110	NEW    cov: 2122 ft: 5076 corp: 510/41Kb lim: 246 exec/s: 3111 rss: 153Mb L: 205/246 MS: 1 PersAutoDict- DE: "UNAUTHORIZED"-
#31153	REDUCE cov: 2122 ft: 5076 corp: 510/41Kb lim: 246 exec/s: 3115 rss: 153Mb L: 101/246 MS: 3 ShuffleBytes-ChangeBinInt-EraseBytes-
#31160	REDUCE cov: 2122 ft: 5076 corp: 510/41Kb lim: 246 exec/s: 3116 rss: 153Mb L: 55/246 MS: 2 InsertByte-EraseBytes-
#31187	NEW    cov: 2122 ft: 5079 corp: 511/41Kb lim: 246 exec/s: 3118 rss: 153Mb L: 141/246 MS: 2 ShuffleBytes-CopyPart-
#31333	NEW    cov: 2123 ft: 5082 corp: 512/41Kb lim: 246 exec/s: 3133 rss: 153Mb L: 221/246 MS: 1 CopyPart-
#31462	REDUCE cov: 2123 ft: 5083 corp: 513/41Kb lim: 246 exec/s: 3146 rss: 153Mb L: 141/246 MS: 4 PersAutoDict-CopyPart-EraseBytes-CrossOver- DE: "SIZE_INVALID"-
#31518	REDUCE cov: 2123 ft: 5083 corp: 513/41Kb lim: 246 exec/s: 3151 rss: 153Mb L: 17/246 MS: 1 EraseBytes-
#31611	REDUCE cov: 2123 ft: 5083 corp: 513/41Kb lim: 246 exec/s: 3161 rss: 153Mb L: 95/246 MS: 3 CMP-ChangeBit-EraseBytes- DE: "co)e"-
#31618	REDUCE cov: 2123 ft: 5083 corp: 513/41Kb lim: 246 exec/s: 3161 rss: 153Mb L: 31/246 MS: 2 ShuffleBytes-EraseBytes-
#31639	REDUCE cov: 2123 ft: 5083 corp: 513/41Kb lim: 246 exec/s: 3163 rss: 153Mb L: 4/246 MS: 1 EraseBytes-
#31644	REDUCE cov: 2123 ft: 5083 corp: 513/41Kb lim: 246 exec/s: 3164 rss: 153Mb L: 55/246 MS: 5 ShuffleBytes-CopyPart-ChangeBinInt-ChangeBinInt-EraseBytes-
#31706	REDUCE cov: 2123 ft: 5083 corp: 513/41Kb lim: 246 exec/s: 3170 rss: 153Mb L: 62/246 MS: 2 ChangeBit-EraseBytes-
#31723	REDUCE cov: 2123 ft: 5083 corp: 513/41Kb lim: 246 exec/s: 3172 rss: 153Mb L: 99/246 MS: 2 CopyPart-EraseBytes-
#31804	REDUCE cov: 2123 ft: 5085 corp: 514/41Kb lim: 246 exec/s: 3180 rss: 154Mb L: 105/246 MS: 1 CrossOver-
#31808	REDUCE cov: 2123 ft: 5085 corp: 514/41Kb lim: 246 exec/s: 3180 rss: 154Mb L: 160/246 MS: 4 ChangeByte-CopyPart-ShuffleBytes-EraseBytes-
#31829	REDUCE cov: 2123 ft: 5085 corp: 514/41Kb lim: 246 exec/s: 3182 rss: 154Mb L: 3/246 MS: 1 EraseBytes-
#31890	NEW    cov: 2124 ft: 5087 corp: 515/41Kb lim: 246 exec/s: 3189 rss: 154Mb L: 5/246 MS: 1 InsertByte-
#31962	REDUCE cov: 2124 ft: 5088 corp: 516/41Kb lim: 246 exec/s: 3196 rss: 154Mb L: 193/246 MS: 2 PersAutoDict-CopyPart- DE: "\011\000\000\000\000\000\000\000"-
#31979	REDUCE cov: 2124 ft: 5088 corp: 516/41Kb lim: 246 exec/s: 3197 rss: 154Mb L: 86/246 MS: 2 ChangeBit-EraseBytes-
#32031	REDUCE cov: 2124 ft: 5088 corp: 516/41Kb lim: 246 exec/s: 3203 rss: 154Mb L: 71/246 MS: 2 ShuffleBytes-EraseBytes-
#32067	REDUCE cov: 2124 ft: 5088 corp: 516/41Kb lim: 246 exec/s: 3206 rss: 154Mb L: 27/246 MS: 1 EraseBytes-
#32110	REDUCE cov: 2124 ft: 5088 corp: 516/41Kb lim: 246 exec/s: 3211 rss: 154Mb L: 142/246 MS: 3 ChangeByte-ShuffleBytes-CrossOver-
#32187	REDUCE cov: 2124 ft: 5088 corp: 516/41Kb lim: 246 exec/s: 3218 rss: 154Mb L: 64/246 MS: 2 PersAutoDict-CrossOver- DE: "deta"-
#32188	NEW    cov: 2125 ft: 5092 corp: 517/41Kb lim: 246 exec/s: 3218 rss: 154Mb L: 115/246 MS: 1 CrossOver-
#32279	REDUCE cov: 2125 ft: 5092 corp: 517/41Kb lim: 246 exec/s: 3227 rss: 154Mb L: 3/246 MS: 1 EraseBytes-
#32341	REDUCE cov: 2125 ft: 5092 corp: 517/41Kb lim: 246 exec/s: 3234 rss: 154Mb L: 36/246 MS: 2 InsertByte-EraseBytes-
#32353	NEW    cov: 2125 ft: 5093 corp: 518/42Kb lim: 246 exec/s: 3235 rss: 154Mb L: 241/246 MS: 2 ChangeBit-InsertByte-
#32388	REDUCE cov: 2125 ft: 5093 corp: 518/42Kb lim: 246 exec/s: 3238 rss: 155Mb L: 87/246 MS: 5 ShuffleBytes-CrossOver-EraseBytes-ChangeBinInt-EraseBytes-
#32406	REDUCE cov: 2125 ft: 5093 corp: 518/42Kb lim: 246 exec/s: 3240 rss: 155Mb L: 140/246 MS: 3 CrossOver-ChangeASCIIInt-EraseBytes-
#32468	REDUCE cov: 2125 ft: 5094 corp: 519/42Kb lim: 246 exec/s: 3246 rss: 155Mb L: 87/246 MS: 2 ChangeBit-PersAutoDict- DE: "AUUNTHORIZED"-
#32482	NEW    cov: 2125 ft: 5095 corp: 520/42Kb lim: 246 exec/s: 3248 rss: 155Mb L: 36/246 MS: 4 CMP-ShuffleBytes-ChangeByte-ShuffleBytes- DE: "TOOMANYREQUESTS"-
#32523	REDUCE cov: 2125 ft: 5095 corp: 520/42Kb lim: 246 exec/s: 3252 rss: 155Mb L: 41/246 MS: 1 EraseBytes-
#32615	REDUCE cov: 2125 ft: 5095 corp: 520/42Kb lim: 246 exec/s: 3261 rss: 155Mb L: 16/246 MS: 2 ShuffleBytes-EraseBytes-
#32636	REDUCE cov: 2125 ft: 5095 corp: 520/42Kb lim: 246 exec/s: 3263 rss: 155Mb L: 166/246 MS: 1 EraseBytes-
#32657	REDUCE cov: 2125 ft: 5095 corp: 520/42Kb lim: 246 exec/s: 3265 rss: 155Mb L: 81/246 MS: 1 EraseBytes-
#32671	REDUCE cov: 2125 ft: 5106 corp: 521/42Kb lim: 246 exec/s: 3267 rss: 155Mb L: 63/246 MS: 4 ShuffleBytes-EraseBytes-ChangeByte-ChangeBinInt-
#32718	REDUCE cov: 2125 ft: 5106 corp: 521/42Kb lim: 246 exec/s: 3271 rss: 155Mb L: 96/246 MS: 2 ChangeBinInt-EraseBytes-
#32732	REDUCE cov: 2125 ft: 5106 corp: 521/42Kb lim: 246 exec/s: 3273 rss: 155Mb L: 46/246 MS: 4 ChangeASCIIInt-PersAutoDict-InsertByte-EraseBytes- DE: "e "-
#32768	pulse  cov: 2125 ft: 5106 corp: 521/42Kb lim: 246 exec/s: 3276 rss: 155Mb
#32790	NEW    cov: 2125 ft: 5107 corp: 522/42Kb lim: 246 exec/s: 3279 rss: 155Mb L: 23/246 MS: 3 ChangeBinInt-InsertByte-CrossOver-
#32860	REDUCE cov: 2125 ft: 5107 corp: 522/42Kb lim: 246 exec/s: 2987 rss: 155Mb L: 49/246 MS: 5 InsertByte-ShuffleBytes-InsertByte-PersAutoDict-EraseBytes- DE: "\000\000\000\356"-
#32893	REDUCE cov: 2125 ft: 5107 corp: 522/41Kb lim: 246 exec/s: 2990 rss: 155Mb L: 158/246 MS: 3 InsertByte-CopyPart-EraseBytes-
#32940	REDUCE cov: 2125 ft: 5107 corp: 522/41Kb lim: 246 exec/s: 2994 rss: 155Mb L: 67/246 MS: 2 ChangeBit-EraseBytes-
#32947	REDUCE cov: 2125 ft: 5109 corp: 523/42Kb lim: 246 exec/s: 2995 rss: 156Mb L: 88/246 MS: 2 CopyPart-ChangeByte-
#32949	NEW    cov: 2125 ft: 5123 corp: 524/42Kb lim: 246 exec/s: 2995 rss: 156Mb L: 193/246 MS: 2 PersAutoDict-PersAutoDict- DE: "\001\000"-"errors"-
#33051	REDUCE cov: 2125 ft: 5123 corp: 524/42Kb lim: 246 exec/s: 3004 rss: 156Mb L: 31/246 MS: 2 ShuffleBytes-EraseBytes-
#33061	REDUCE cov: 2125 ft: 5123 corp: 524/42Kb lim: 246 exec/s: 3005 rss: 156Mb L: 135/246 MS: 5 InsertRepeatedBytes-CopyPart-ChangeBinInt-PersAutoDict-EraseBytes- DE: "deta"-
#33062	NEW    cov: 2125 ft: 5126 corp: 525/42Kb lim: 246 exec/s: 3005 rss: 156Mb L: 45/246 MS: 1 ShuffleBytes-
#33168	REDUCE cov: 2125 ft: 5127 corp: 526/42Kb lim: 246 exec/s: 3015 rss: 158Mb L: 135/246 MS: 1 CMP- DE: "NOT_FOUND"-
#33175	REDUCE cov: 2125 ft: 5127 corp: 526/42Kb lim: 246 exec/s: 3015 rss: 158Mb L: 215/246 MS: 2 CMP-EraseBytes- DE: "\376\377\377\355"-
#33351	REDUCE cov: 2125 ft: 5127 corp: 526/42Kb lim: 246 exec/s: 3031 rss: 158Mb L: 72/246 MS: 1 EraseBytes-
#33374	REDUCE cov: 2125 ft: 5127 corp: 526/42Kb lim: 246 exec/s: 3034 rss: 158Mb L: 126/246 MS: 3 CrossOver-CopyPart-EraseBytes-
#33630	REDUCE cov: 2125 ft: 5127 corp: 526/42Kb lim: 246 exec/s: 3057 rss: 158Mb L: 22/246 MS: 1 CrossOver-
#33701	NEW    cov: 2125 ft: 5128 corp: 527/42Kb lim: 246 exec/s: 3063 rss: 158Mb L: 50/246 MS: 1 ChangeBinInt-
#33773	REDUCE cov: 2125 ft: 5128 corp: 527/42Kb lim: 246 exec/s: 3070 rss: 159Mb L: 8/246 MS: 2 CMP-EraseBytes- DE: "dsgest"-
#33784	NEW    cov: 2125 ft: 5129 corp: 528/42Kb lim: 246 exec/s: 3071 rss: 159Mb L: 94/246 MS: 1 PersAutoDict- DE: "\001\000\000\000\000\000\000\000"-
#33860	REDUCE cov: 2125 ft: 5129 corp: 528/42Kb lim: 246 exec/s: 3078 rss: 159Mb L: 30/246 MS: 1 EraseBytes-
#33881	REDUCE cov: 2125 ft: 5129 corp: 528/42Kb lim: 246 exec/s: 3080 rss: 159Mb L: 66/246 MS: 1 EraseBytes-
#34093	REDUCE cov: 2125 ft: 5129 corp: 528/42Kb lim: 246 exec/s: 3099 rss: 159Mb L: 178/246 MS: 2 PersAutoDict-EraseBytes- DE: "X\001\000\000\000\000\000\000"-
#34106	NEW    cov: 2125 ft: 5130 corp: 529/42Kb lim: 246 exec/s: 3100 rss: 159Mb L: 11/246 MS: 3 ShuffleBytes-ChangeBinInt-CrossOver-
#34118	REDUCE cov: 2125 ft: 5130 corp: 529/42Kb lim: 246 exec/s: 3101 rss: 159Mb L: 31/246 MS: 2 CrossOver-EraseBytes-
#34145	REDUCE cov: 2125 ft: 5130 corp: 529/42Kb lim: 246 exec/s: 3104 rss: 159Mb L: 140/246 MS: 2 ChangeBit-EraseBytes-
#34156	REDUCE cov: 2125 ft: 5131 corp: 530/42Kb lim: 246 exec/s: 3105 rss: 159Mb L: 21/246 MS: 1 CrossOver-
#34268	REDUCE cov: 2125 ft: 5131 corp: 530/42Kb lim: 246 exec/s: 3115 rss: 159Mb L: 28/246 MS: 2 CMP-EraseBytes- DE: "\001\000\000\000"-
#34332	REDUCE cov: 2125 ft: 5131 corp: 530/42Kb lim: 246 exec/s: 3121 rss: 160Mb L: 46/246 MS: 4 ChangeBinInt-CopyPart-ChangeBit-EraseBytes-
#34412	NEW    cov: 2125 ft: 5132 corp: 531/42Kb lim: 246 exec/s: 3128 rss: 160Mb L: 192/246 MS: 5 CMP-EraseBytes-CopyPart-InsertRepeatedBytes-CMP- DE: "\377\377\377\377\377\377\377\377"-"\000\000"-
#34415	REDUCE cov: 2125 ft: 5132 corp: 531/42Kb lim: 246 exec/s: 3128 rss: 160Mb L: 74/246 MS: 3 ChangeByte-ShuffleBytes-EraseBytes-
#34475	REDUCE cov: 2125 ft: 5132 corp: 531/42Kb lim: 246 exec/s: 3134 rss: 160Mb L: 27/246 MS: 5 CopyPart-ChangeByte-ChangeByte-InsertByte-EraseBytes-
#34506	REDUCE cov: 2125 ft: 5132 corp: 531/42Kb lim: 246 exec/s: 3136 rss: 160Mb L: 194/246 MS: 1 EraseBytes-
#34529	REDUCE cov: 2125 ft: 5132 corp: 531/42Kb lim: 246 exec/s: 3139 rss: 160Mb L: 43/246 MS: 3 CopyPart-ChangeByte-EraseBytes-
#34530	NEW    cov: 2125 ft: 5134 corp: 532/42Kb lim: 246 exec/s: 3139 rss: 160Mb L: 66/246 MS: 1 EraseBytes-
#34696	NEW    cov: 2125 ft: 5135 corp: 533/42Kb lim: 246 exec/s: 3154 rss: 160Mb L: 29/246 MS: 1 CopyPart-
#34702	REDUCE cov: 2126 ft: 5136 corp: 534/42Kb lim: 246 exec/s: 3154 rss: 160Mb L: 64/246 MS: 1 ChangeByte-
#34783	NEW    cov: 2127 ft: 5137 corp: 535/42Kb lim: 246 exec/s: 3162 rss: 160Mb L: 13/246 MS: 1 CMP- DE: "\015\000\000\000\000\000\000\000"-
#34819	REDUCE cov: 2127 ft: 5137 corp: 535/42Kb lim: 246 exec/s: 3165 rss: 160Mb L: 63/246 MS: 1 EraseBytes-
#34825	REDUCE cov: 2127 ft: 5137 corp: 535/42Kb lim: 246 exec/s: 3165 rss: 160Mb L: 83/246 MS: 1 CrossOver-
#34857	REDUCE cov: 2127 ft: 5137 corp: 535/42Kb lim: 246 exec/s: 3168 rss: 160Mb L: 135/246 MS: 2 CrossOver-CrossOver-
#34908	REDUCE cov: 2127 ft: 5137 corp: 535/42Kb lim: 246 exec/s: 3173 rss: 160Mb L: 62/246 MS: 1 EraseBytes-
#35151	NEW    cov: 2127 ft: 5138 corp: 536/42Kb lim: 246 exec/s: 3195 rss: 161Mb L: 217/246 MS: 3 CopyPart-CopyPart-InsertByte-
#35160	REDUCE cov: 2127 ft: 5138 corp: 536/42Kb lim: 246 exec/s: 3196 rss: 161Mb L: 92/246 MS: 4 ShuffleBytes-ChangeBit-ChangeBinInt-EraseBytes-
#35176	REDUCE cov: 2127 ft: 5138 corp: 536/42Kb lim: 246 exec/s: 3197 rss: 161Mb L: 197/246 MS: 1 EraseBytes-
#35257	REDUCE cov: 2127 ft: 5138 corp: 536/42Kb lim: 246 exec/s: 3205 rss: 161Mb L: 131/246 MS: 1 EraseBytes-
#35289	REDUCE cov: 2127 ft: 5138 corp: 536/42Kb lim: 246 exec/s: 3208 rss: 161Mb L: 119/246 MS: 2 InsertRepeatedBytes-EraseBytes-
#35346	REDUCE cov: 2127 ft: 5138 corp: 536/42Kb lim: 246 exec/s: 3213 rss: 161Mb L: 49/246 MS: 2 ShuffleBytes-EraseBytes-
#35348	REDUCE cov: 2127 ft: 5138 corp: 536/42Kb lim: 246 exec/s: 3213 rss: 161Mb L: 62/246 MS: 2 ChangeBinInt-EraseBytes-
#35355	NEW    cov: 2127 ft: 5140 corp: 537/42Kb lim: 246 exec/s: 3214 rss: 161Mb L: 208/246 MS: 2 ChangeByte-ChangeBinInt-
#35441	REDUCE cov: 2127 ft: 5140 corp: 537/42Kb lim: 246 exec/s: 3221 rss: 161Mb L: 16/246 MS: 1 EraseBytes-
#35498	REDUCE cov: 2127 ft: 5140 corp: 537/42Kb lim: 246 exec/s: 3227 rss: 161Mb L: 192/246 MS: 2 ChangeByte-EraseBytes-
#35509	REDUCE cov: 2127 ft: 5140 corp: 537/42Kb lim: 246 exec/s: 3228 rss: 161Mb L: 78/246 MS: 1 EraseBytes-
#35572	REDUCE cov: 2127 ft: 5144 corp: 538/42Kb lim: 246 exec/s: 3233 rss: 162Mb L: 31/246 MS: 3 ChangeBinInt-ChangeBinInt-EraseBytes-
#35588	REDUCE cov: 2127 ft: 5146 corp: 539/42Kb lim: 246 exec/s: 3235 rss: 162Mb L: 133/246 MS: 1 CrossOver-
#35604	REDUCE cov: 2127 ft: 5146 corp: 539/42Kb lim: 246 exec/s: 3236 rss: 162Mb L: 84/246 MS: 1 EraseBytes-
#35660	NEW    cov: 2127 ft: 5147 corp: 540/42Kb lim: 246 exec/s: 3241 rss: 162Mb L: 5/246 MS: 1 CopyPart-
#35813	REDUCE cov: 2127 ft: 5147 corp: 540/42Kb lim: 246 exec/s: 3255 rss: 162Mb L: 121/246 MS: 3 ChangeByte-CrossOver-EraseBytes-
#35824	NEW    cov: 2128 ft: 5148 corp: 541/42Kb lim: 246 exec/s: 3256 rss: 162Mb L: 70/246 MS: 1 InsertByte-
#36037	REDUCE cov: 2128 ft: 5148 corp: 541/42Kb lim: 246 exec/s: 3276 rss: 162Mb L: 101/246 MS: 3 CMP-CrossOver-EraseBytes- DE: "errors"-
#36125	REDUCE cov: 2128 ft: 5148 corp: 541/42Kb lim: 246 exec/s: 3284 rss: 162Mb L: 85/246 MS: 3 ChangeByte-ChangeBit-EraseBytes-
#36146	REDUCE cov: 2129 ft: 5149 corp: 542/42Kb lim: 246 exec/s: 3286 rss: 162Mb L: 8/246 MS: 1 CopyPart-
#36152	REDUCE cov: 2129 ft: 5149 corp: 542/42Kb lim: 246 exec/s: 3012 rss: 162Mb L: 4/246 MS: 1 EraseBytes-
#36218	NEW    cov: 2129 ft: 5152 corp: 543/42Kb lim: 246 exec/s: 3018 rss: 162Mb L: 85/246 MS: 1 CrossOver-
#36235	REDUCE cov: 2129 ft: 5152 corp: 543/42Kb lim: 246 exec/s: 3019 rss: 163Mb L: 21/246 MS: 2 ChangeByte-EraseBytes-
#36282	REDUCE cov: 2129 ft: 5152 corp: 543/42Kb lim: 246 exec/s: 3023 rss: 163Mb L: 34/246 MS: 2 EraseBytes-InsertByte-
#36363	REDUCE cov: 2129 ft: 5152 corp: 543/42Kb lim: 246 exec/s: 3030 rss: 163Mb L: 3/246 MS: 1 EraseBytes-
#36382	REDUCE cov: 2129 ft: 5153 corp: 544/42Kb lim: 246 exec/s: 3031 rss: 163Mb L: 54/246 MS: 4 CopyPart-CrossOver-CrossOver-CopyPart-
#36423	REDUCE cov: 2129 ft: 5153 corp: 544/42Kb lim: 246 exec/s: 3035 rss: 164Mb L: 85/246 MS: 1 EraseBytes-
#36446	REDUCE cov: 2129 ft: 5153 corp: 544/42Kb lim: 246 exec/s: 3037 rss: 165Mb L: 69/246 MS: 3 InsertByte-ChangeBinInt-EraseBytes-
#36482	REDUCE cov: 2129 ft: 5153 corp: 544/42Kb lim: 246 exec/s: 3040 rss: 165Mb L: 153/246 MS: 1 EraseBytes-
#36518	REDUCE cov: 2129 ft: 5153 corp: 544/42Kb lim: 246 exec/s: 3043 rss: 165Mb L: 84/246 MS: 1 EraseBytes-
#36546	NEW    cov: 2129 ft: 5154 corp: 545/42Kb lim: 246 exec/s: 3045 rss: 165Mb L: 237/246 MS: 3 ChangeByte-CopyPart-InsertRepeatedBytes-
#36553	REDUCE cov: 2129 ft: 5154 corp: 545/42Kb lim: 246 exec/s: 3046 rss: 165Mb L: 72/246 MS: 2 ChangeASCIIInt-EraseBytes-
#36554	REDUCE cov: 2129 ft: 5154 corp: 545/42Kb lim: 246 exec/s: 3046 rss: 165Mb L: 40/246 MS: 1 EraseBytes-
#36576	REDUCE cov: 2129 ft: 5154 corp: 545/42Kb lim: 246 exec/s: 3048 rss: 165Mb L: 9/246 MS: 2 ChangeBinInt-EraseBytes-
#36583	REDUCE cov: 2129 ft: 5154 corp: 545/42Kb lim: 246 exec/s: 3048 rss: 165Mb L: 56/246 MS: 2 CMP-EraseBytes- DE: "\377\377\377\377"-
#36656	REDUCE cov: 2130 ft: 5155 corp: 546/42Kb lim: 246 exec/s: 3054 rss: 165Mb L: 96/246 MS: 3 CopyPart-ChangeByte-InsertByte-
#36697	REDUCE cov: 2130 ft: 5155 corp: 546/42Kb lim: 246 exec/s: 3058 rss: 165Mb L: 58/246 MS: 1 EraseBytes-
#36736	REDUCE cov: 2130 ft: 5155 corp: 546/42Kb lim: 246 exec/s: 3061 rss: 165Mb L: 158/246 MS: 4 CopyPart-InsertRepeatedBytes-ChangeASCIIInt-EraseBytes-
#36838	REDUCE cov: 2130 ft: 5155 corp: 546/42Kb lim: 246 exec/s: 3069 rss: 165Mb L: 62/246 MS: 2 ChangeBit-EraseBytes-
#36859	REDUCE cov: 2130 ft: 5155 corp: 546/42Kb lim: 246 exec/s: 3071 rss: 165Mb L: 60/246 MS: 1 EraseBytes-
#37020	REDUCE cov: 2130 ft: 5155 corp: 546/42Kb lim: 246 exec/s: 3085 rss: 165Mb L: 62/246 MS: 1 EraseBytes-
#37028	REDUCE cov: 2130 ft: 5155 corp: 546/42Kb lim: 246 exec/s: 3085 rss: 165Mb L: 16/246 MS: 3 InsertByte-CMP-EraseBytes- DE: "detail"-
#37040	REDUCE cov: 2130 ft: 5155 corp: 546/42Kb lim: 246 exec/s: 3086 rss: 165Mb L: 60/246 MS: 2 ShuffleBytes-EraseBytes-
#37161	NEW    cov: 2130 ft: 5156 corp: 547/42Kb lim: 246 exec/s: 3096 rss: 166Mb L: 50/246 MS: 1 ChangeBinInt-
#37239	REDUCE cov: 2130 ft: 5156 corp: 547/42Kb lim: 246 exec/s: 3103 rss: 166Mb L: 18/246 MS: 3 ChangeByte-ChangeBinInt-EraseBytes-
#37295	NEW    cov: 2130 ft: 5157 corp: 548/42Kb lim: 246 exec/s: 3107 rss: 166Mb L: 66/246 MS: 1 ChangeByte-
#37316	REDUCE cov: 2130 ft: 5157 corp: 548/42Kb lim: 246 exec/s: 3109 rss: 166Mb L: 40/246 MS: 1 EraseBytes-
#37419	REDUCE cov: 2130 ft: 5158 corp: 549/42Kb lim: 246 exec/s: 3118 rss: 166Mb L: 69/246 MS: 3 CMP-ChangeASCIIInt-CrossOver- DE: "\000\000\000\000\000\000\000\350"-
#37606	REDUCE cov: 2130 ft: 5158 corp: 549/42Kb lim: 246 exec/s: 3133 rss: 166Mb L: 11/246 MS: 2 CMP-EraseBytes- DE: "\000\000"-
#37610	NEW    cov: 2130 ft: 5160 corp: 550/42Kb lim: 246 exec/s: 3134 rss: 166Mb L: 100/246 MS: 4 InsertRepeatedBytes-EraseBytes-ShuffleBytes-EraseBytes-
#37613	REDUCE cov: 2130 ft: 5160 corp: 550/42Kb lim: 246 exec/s: 3134 rss: 166Mb L: 63/246 MS: 3 PersAutoDict-ChangeBit-EraseBytes- DE: "\001\000\000\000\000\000\000\002"-
#37709	REDUCE cov: 2130 ft: 5160 corp: 550/42Kb lim: 246 exec/s: 3142 rss: 166Mb L: 238/246 MS: 1 EraseBytes-
#37720	REDUCE cov: 2130 ft: 5160 corp: 550/42Kb lim: 246 exec/s: 3143 rss: 166Mb L: 69/246 MS: 1 EraseBytes-
#37863	REDUCE cov: 2130 ft: 5160 corp: 550/42Kb lim: 246 exec/s: 3155 rss: 167Mb L: 153/246 MS: 3 InsertRepeatedBytes-ShuffleBytes-EraseBytes-
#37864	REDUCE cov: 2130 ft: 5160 corp: 550/42Kb lim: 246 exec/s: 3155 rss: 167Mb L: 28/246 MS: 1 EraseBytes-
#37876	REDUCE cov: 2130 ft: 5160 corp: 550/42Kb lim: 246 exec/s: 3156 rss: 167Mb L: 25/246 MS: 2 ChangeBinInt-EraseBytes-
#38023	NEW    cov: 2130 ft: 5161 corp: 551/42Kb lim: 246 exec/s: 3168 rss: 167Mb L: 6/246 MS: 2 CopyPart-InsertByte-
#38109	NEW    cov: 2130 ft: 5163 corp: 552/42Kb lim: 246 exec/s: 3175 rss: 167Mb L: 12/246 MS: 1 CopyPart-
#38155	REDUCE cov: 2130 ft: 5163 corp: 552/42Kb lim: 246 exec/s: 3179 rss: 167Mb L: 23/246 MS: 1 EraseBytes-
#38161	REDUCE cov: 2130 ft: 5163 corp: 552/42Kb lim: 246 exec/s: 3180 rss: 167Mb L: 57/246 MS: 1 EraseBytes-
#38187	REDUCE cov: 2130 ft: 5163 corp: 552/42Kb lim: 246 exec/s: 3182 rss: 167Mb L: 18/246 MS: 1 EraseBytes-
#38252	REDUCE cov: 2130 ft: 5163 corp: 552/42Kb lim: 246 exec/s: 3187 rss: 167Mb L: 102/246 MS: 5 CrossOver-PersAutoDict-ChangeASCIIInt-ChangeBit-EraseBytes- DE: "\000\000\000\356"-
#38536	REDUCE cov: 2130 ft: 5163 corp: 552/42Kb lim: 246 exec/s: 3211 rss: 167Mb L: 127/246 MS: 4 ShuffleBytes-InsertRepeatedBytes-InsertByte-EraseBytes-
#38573	REDUCE cov: 2130 ft: 5163 corp: 552/42Kb lim: 246 exec/s: 3214 rss: 168Mb L: 52/246 MS: 2 EraseBytes-PersAutoDict- DE: "schVremaesion"-
#38620	REDUCE cov: 2130 ft: 5163 corp: 552/42Kb lim: 246 exec/s: 3218 rss: 168Mb L: 18/246 MS: 2 ChangeBit-EraseBytes-
#38636	REDUCE cov: 2130 ft: 5163 corp: 552/42Kb lim: 246 exec/s: 3219 rss: 168Mb L: 32/246 MS: 1 EraseBytes-
#38829	REDUCE cov: 2130 ft: 5163 corp: 552/42Kb lim: 246 exec/s: 3235 rss: 168Mb L: 55/246 MS: 3 ShuffleBytes-ChangeASCIIInt-EraseBytes-
#38855	REDUCE cov: 2130 ft: 5163 corp: 552/42Kb lim: 246 exec/s: 3237 rss: 168Mb L: 180/246 MS: 1 EraseBytes-
#38856	REDUCE cov: 2130 ft: 5163 corp: 552/42Kb lim: 246 exec/s: 3238 rss: 168Mb L: 33/246 MS: 1 EraseBytes-
#38954	REDUCE cov: 2130 ft: 5163 corp: 552/42Kb lim: 246 exec/s: 3246 rss: 168Mb L: 83/246 MS: 3 InsertRepeatedBytes-CMP-EraseBytes- DE: "MANIFEST_UNVERIFIED"-
#39000	REDUCE cov: 2130 ft: 5163 corp: 552/42Kb lim: 246 exec/s: 3250 rss: 168Mb L: 11/246 MS: 1 EraseBytes-
#39016	REDUCE cov: 2130 ft: 5163 corp: 552/42Kb lim: 246 exec/s: 3251 rss: 168Mb L: 25/246 MS: 1 EraseBytes-
#39148	REDUCE cov: 2130 ft: 5163 corp: 552/42Kb lim: 246 exec/s: 3262 rss: 168Mb L: 61/246 MS: 2 ChangeBinInt-EraseBytes-
#39203	REDUCE cov: 2130 ft: 5163 corp: 552/42Kb lim: 246 exec/s: 3266 rss: 168Mb L: 78/246 MS: 5 PersAutoDict-CrossOver-CrossOver-ChangeBit-EraseBytes- DE: "\001\000\000\000\000\000\000\000"-
#39217	REDUCE cov: 2130 ft: 5163 corp: 552/42Kb lim: 246 exec/s: 3268 rss: 168Mb L: 19/246 MS: 4 CrossOver-CrossOver-InsertByte-EraseBytes-
#39306	REDUCE cov: 2130 ft: 5163 corp: 552/42Kb lim: 246 exec/s: 3275 rss: 168Mb L: 41/246 MS: 4 ChangeBit-InsertRepeatedBytes-ChangeBit-EraseBytes-
#39355	REDUCE cov: 2130 ft: 5163 corp: 552/42Kb lim: 246 exec/s: 3279 rss: 168Mb L: 12/246 MS: 4 ChangeBinInt-CMP-ShuffleBytes-EraseBytes- DE: "\002\000"-
#39487	REDUCE cov: 2130 ft: 5163 corp: 552/42Kb lim: 246 exec/s: 3290 rss: 169Mb L: 117/246 MS: 2 CMP-EraseBytes- DE: "deuail"-
#39509	REDUCE cov: 2130 ft: 5163 corp: 552/42Kb lim: 246 exec/s: 3292 rss: 169Mb L: 28/246 MS: 2 PersAutoDict-EraseBytes- DE: "deta"-
#39560	REDUCE cov: 2130 ft: 5165 corp: 553/42Kb lim: 246 exec/s: 3043 rss: 169Mb L: 244/246 MS: 1 PersAutoDict- DE: "error0"-
#39582	REDUCE cov: 2130 ft: 5165 corp: 553/42Kb lim: 246 exec/s: 3044 rss: 169Mb L: 124/246 MS: 2 CopyPart-EraseBytes-
#39598	NEW    cov: 2132 ft: 5167 corp: 554/42Kb lim: 246 exec/s: 3046 rss: 169Mb L: 44/246 MS: 1 EraseBytes-
#39656	REDUCE cov: 2132 ft: 5167 corp: 554/42Kb lim: 246 exec/s: 3050 rss: 169Mb L: 56/246 MS: 3 CopyPart-ShuffleBytes-EraseBytes-
#39749	REDUCE cov: 2132 ft: 5167 corp: 554/42Kb lim: 246 exec/s: 3057 rss: 169Mb L: 231/246 MS: 3 CrossOver-CopyPart-EraseBytes-
#39798	REDUCE cov: 2132 ft: 5167 corp: 554/42Kb lim: 246 exec/s: 3061 rss: 169Mb L: 43/246 MS: 4 CopyPart-ChangeBinInt-ChangeByte-EraseBytes-
#39804	REDUCE cov: 2132 ft: 5167 corp: 554/42Kb lim: 246 exec/s: 3061 rss: 169Mb L: 24/246 MS: 1 EraseBytes-
#39823	REDUCE cov: 2132 ft: 5167 corp: 554/42Kb lim: 246 exec/s: 3063 rss: 169Mb L: 21/246 MS: 4 PersAutoDict-PersAutoDict-ChangeBinInt-EraseBytes- DE: "\002\000"-"A\253C\224\356`\000\000"-
#39884	REDUCE cov: 2132 ft: 5167 corp: 554/42Kb lim: 246 exec/s: 3068 rss: 171Mb L: 19/246 MS: 1 EraseBytes-
#39915	REDUCE cov: 2132 ft: 5167 corp: 554/42Kb lim: 246 exec/s: 3070 rss: 171Mb L: 100/246 MS: 1 EraseBytes-
#39924	REDUCE cov: 2132 ft: 5167 corp: 554/42Kb lim: 246 exec/s: 3071 rss: 171Mb L: 57/246 MS: 4 PersAutoDict-ChangeASCIIInt-PersAutoDict-EraseBytes- DE: "\001\000\000\000\000\000\000\000"-"deuail"-
#39993	REDUCE cov: 2132 ft: 5167 corp: 554/42Kb lim: 246 exec/s: 3076 rss: 171Mb L: 168/246 MS: 4 ShuffleBytes-CrossOver-ChangeBinInt-EraseBytes-
#40069	REDUCE cov: 2132 ft: 5167 corp: 554/42Kb lim: 246 exec/s: 3082 rss: 171Mb L: 27/246 MS: 1 EraseBytes-
#40115	REDUCE cov: 2132 ft: 5167 corp: 554/42Kb lim: 246 exec/s: 3085 rss: 171Mb L: 19/246 MS: 1 EraseBytes-
#40291	NEW    cov: 2132 ft: 5168 corp: 555/42Kb lim: 246 exec/s: 3099 rss: 171Mb L: 120/246 MS: 1 CrossOver-
#40492	REDUCE cov: 2132 ft: 5168 corp: 555/42Kb lim: 246 exec/s: 3114 rss: 172Mb L: 42/246 MS: 1 EraseBytes-
#40530	REDUCE cov: 2132 ft: 5168 corp: 555/42Kb lim: 246 exec/s: 3117 rss: 172Mb L: 133/246 MS: 3 CopyPart-PersAutoDict-EraseBytes- DE: "\000\000\000\271"-
#40536	REDUCE cov: 2132 ft: 5168 corp: 555/42Kb lim: 246 exec/s: 3118 rss: 172Mb L: 2/246 MS: 1 EraseBytes-
#40624	REDUCE cov: 2132 ft: 5169 corp: 556/42Kb lim: 246 exec/s: 3124 rss: 172Mb L: 138/246 MS: 3 CrossOver-CMP-EraseBytes- DE: "q\000\000\000\000\000\000\000"-
#40676	REDUCE cov: 2132 ft: 5169 corp: 556/42Kb lim: 246 exec/s: 3128 rss: 172Mb L: 25/246 MS: 2 ChangeBinInt-EraseBytes-
#40727	REDUCE cov: 2132 ft: 5169 corp: 556/42Kb lim: 246 exec/s: 3132 rss: 172Mb L: 143/246 MS: 1 CrossOver-
#40883	REDUCE cov: 2132 ft: 5169 corp: 556/42Kb lim: 246 exec/s: 3144 rss: 172Mb L: 82/246 MS: 1 EraseBytes-
#41003	REDUCE cov: 2132 ft: 5169 corp: 556/42Kb lim: 246 exec/s: 3154 rss: 172Mb L: 82/246 MS: 5 InsertRepeatedBytes-InsertRepeatedBytes-InsertByte-ShuffleBytes-CrossOver-
#41005	REDUCE cov: 2132 ft: 5169 corp: 556/42Kb lim: 246 exec/s: 3154 rss: 172Mb L: 108/246 MS: 2 ChangeByte-CrossOver-
#41082	NEW    cov: 2132 ft: 5172 corp: 557/42Kb lim: 246 exec/s: 3160 rss: 173Mb L: 143/246 MS: 2 InsertByte-InsertByte-
#41275	REDUCE cov: 2132 ft: 5190 corp: 558/43Kb lim: 246 exec/s: 3175 rss: 173Mb L: 233/246 MS: 3 InsertRepeatedBytes-InsertByte-InsertRepeatedBytes-
#41302	REDUCE cov: 2132 ft: 5190 corp: 558/43Kb lim: 246 exec/s: 3177 rss: 173Mb L: 53/246 MS: 2 ChangeBinInt-EraseBytes-
#41408	REDUCE cov: 2132 ft: 5190 corp: 558/43Kb lim: 246 exec/s: 3185 rss: 173Mb L: 70/246 MS: 1 EraseBytes-
#41576	REDUCE cov: 2132 ft: 5190 corp: 558/43Kb lim: 246 exec/s: 3198 rss: 173Mb L: 73/246 MS: 3 ShuffleBytes-ChangeBit-EraseBytes-
#41587	NEW    cov: 2133 ft: 5192 corp: 559/43Kb lim: 246 exec/s: 3199 rss: 173Mb L: 4/246 MS: 1 EraseBytes-
#41794	REDUCE cov: 2133 ft: 5192 corp: 559/43Kb lim: 246 exec/s: 3214 rss: 174Mb L: 96/246 MS: 2 InsertRepeatedBytes-EraseBytes-
#41815	REDUCE cov: 2133 ft: 5192 corp: 559/43Kb lim: 246 exec/s: 3216 rss: 174Mb L: 52/246 MS: 1 EraseBytes-
#41856	NEW    cov: 2133 ft: 5193 corp: 560/43Kb lim: 246 exec/s: 3219 rss: 174Mb L: 23/246 MS: 1 ShuffleBytes-
#41932	REDUCE cov: 2133 ft: 5193 corp: 560/43Kb lim: 246 exec/s: 3225 rss: 174Mb L: 7/246 MS: 1 EraseBytes-
#41991	REDUCE cov: 2133 ft: 5193 corp: 560/42Kb lim: 246 exec/s: 3230 rss: 174Mb L: 113/246 MS: 4 ChangeBinInt-ChangeBinInt-CMP-EraseBytes- DE: "\377\377\377\377\377\377\377\377"-
#42093	REDUCE cov: 2133 ft: 5193 corp: 560/42Kb lim: 246 exec/s: 3237 rss: 174Mb L: 66/246 MS: 2 ChangeByte-EraseBytes-
#42139	REDUCE cov: 2133 ft: 5195 corp: 561/42Kb lim: 246 exec/s: 3241 rss: 174Mb L: 60/246 MS: 1 CopyPart-
#42207	NEW    cov: 2133 ft: 5197 corp: 562/43Kb lim: 246 exec/s: 3246 rss: 174Mb L: 93/246 MS: 3 ShuffleBytes-CMP-ChangeBit- DE: "\377\377\377\377\377\377\377\013"-
#42258	REDUCE cov: 2133 ft: 5197 corp: 562/43Kb lim: 246 exec/s: 3250 rss: 174Mb L: 31/246 MS: 1 EraseBytes-
#42265	REDUCE cov: 2133 ft: 5197 corp: 562/43Kb lim: 246 exec/s: 3251 rss: 174Mb L: 124/246 MS: 2 ChangeBinInt-EraseBytes-
#42271	REDUCE cov: 2133 ft: 5197 corp: 562/43Kb lim: 246 exec/s: 3251 rss: 174Mb L: 116/246 MS: 1 EraseBytes-
#42597	REDUCE cov: 2133 ft: 5197 corp: 562/42Kb lim: 246 exec/s: 3276 rss: 175Mb L: 86/246 MS: 1 CrossOver-
#42606	REDUCE cov: 2133 ft: 5197 corp: 562/42Kb lim: 246 exec/s: 3277 rss: 175Mb L: 80/246 MS: 4 PersAutoDict-ChangeByte-ChangeBinInt-CrossOver- DE: "\001\000\000\000\000\000\000\366"-
#42635	REDUCE cov: 2133 ft: 5197 corp: 562/42Kb lim: 246 exec/s: 3279 rss: 175Mb L: 29/246 MS: 4 CopyPart-ChangeBit-CopyPart-EraseBytes-
#42721	REDUCE cov: 2137 ft: 5201 corp: 563/42Kb lim: 246 exec/s: 3286 rss: 175Mb L: 83/246 MS: 1 ChangeByte-
#42738	REDUCE cov: 2137 ft: 5201 corp: 563/42Kb lim: 246 exec/s: 3287 rss: 175Mb L: 196/246 MS: 2 InsertByte-EraseBytes-
#42802	REDUCE cov: 2137 ft: 5203 corp: 564/43Kb lim: 246 exec/s: 3292 rss: 175Mb L: 237/246 MS: 4 ShuffleBytes-ChangeASCIIInt-CrossOver-CrossOver-
#42828	REDUCE cov: 2137 ft: 5203 corp: 564/43Kb lim: 246 exec/s: 3294 rss: 175Mb L: 21/246 MS: 1 EraseBytes-
#42839	REDUCE cov: 2137 ft: 5203 corp: 564/43Kb lim: 246 exec/s: 3295 rss: 175Mb L: 155/246 MS: 1 EraseBytes-
#42840	REDUCE cov: 2137 ft: 5203 corp: 564/43Kb lim: 246 exec/s: 3295 rss: 175Mb L: 36/246 MS: 1 EraseBytes-
#42872	NEW    cov: 2137 ft: 5204 corp: 565/43Kb lim: 246 exec/s: 3297 rss: 175Mb L: 37/246 MS: 2 EraseBytes-ChangeBinInt-
#42873	REDUCE cov: 2137 ft: 5205 corp: 566/43Kb lim: 246 exec/s: 3297 rss: 175Mb L: 102/246 MS: 1 PersAutoDict- DE: "\015\000\000\000\000\000\000\000"-
#42894	REDUCE cov: 2137 ft: 5205 corp: 566/43Kb lim: 246 exec/s: 3063 rss: 175Mb L: 28/246 MS: 1 EraseBytes-
#42980	REDUCE cov: 2137 ft: 5214 corp: 567/43Kb lim: 246 exec/s: 3070 rss: 176Mb L: 168/246 MS: 1 CrossOver-
	NEW_FUNC[1/1]: 0x0001075d1550 in _RNvMs3_NtCsf4gegaz8yYg_10serde_json2deINtB5_12DeserializerNtNtB7_4read9SliceReadE22parse_decimal_overflowCs7djQdq5rSoW_10oci_client+0x0 (registry_responses:arm64+0x1033b9550)
#42996	NEW    cov: 2150 ft: 5230 corp: 568/43Kb lim: 246 exec/s: 3071 rss: 176Mb L: 105/246 MS: 1 InsertRepeatedBytes-
#43079	NEW    cov: 2151 ft: 5231 corp: 569/43Kb lim: 246 exec/s: 3077 rss: 176Mb L: 72/246 MS: 3 ChangeBinInt-InsertRepeatedBytes-EraseBytes-
#43085	REDUCE cov: 2151 ft: 5231 corp: 569/43Kb lim: 246 exec/s: 3077 rss: 176Mb L: 86/246 MS: 1 EraseBytes-
#43096	REDUCE cov: 2151 ft: 5231 corp: 569/43Kb lim: 246 exec/s: 3078 rss: 176Mb L: 57/246 MS: 1 EraseBytes-
#43197	REDUCE cov: 2151 ft: 5231 corp: 569/43Kb lim: 246 exec/s: 3085 rss: 177Mb L: 46/246 MS: 1 EraseBytes-
#43245	REDUCE cov: 2151 ft: 5231 corp: 569/43Kb lim: 246 exec/s: 3088 rss: 177Mb L: 31/246 MS: 3 ChangeByte-ShuffleBytes-EraseBytes-
#43252	NEW    cov: 2151 ft: 5233 corp: 570/43Kb lim: 246 exec/s: 3089 rss: 177Mb L: 8/246 MS: 2 CopyPart-CrossOver-
#43363	REDUCE cov: 2151 ft: 5233 corp: 570/43Kb lim: 246 exec/s: 3097 rss: 178Mb L: 119/246 MS: 1 EraseBytes-
#43418	REDUCE cov: 2151 ft: 5233 corp: 570/43Kb lim: 246 exec/s: 3101 rss: 178Mb L: 46/246 MS: 5 CopyPart-PersAutoDict-ShuffleBytes-CopyPart-EraseBytes- DE: "\377\377\377\372"-
#43432	REDUCE cov: 2151 ft: 5233 corp: 570/43Kb lim: 246 exec/s: 3102 rss: 178Mb L: 58/246 MS: 4 InsertByte-ChangeASCIIInt-ChangeBit-EraseBytes-
#43448	REDUCE cov: 2151 ft: 5233 corp: 570/43Kb lim: 246 exec/s: 3103 rss: 178Mb L: 38/246 MS: 1 EraseBytes-
#43466	REDUCE cov: 2151 ft: 5233 corp: 570/43Kb lim: 246 exec/s: 3104 rss: 178Mb L: 88/246 MS: 3 CopyPart-ChangeBinInt-EraseBytes-
#43473	REDUCE cov: 2151 ft: 5233 corp: 570/43Kb lim: 246 exec/s: 3105 rss: 178Mb L: 91/246 MS: 2 ChangeBinInt-EraseBytes-
#43545	REDUCE cov: 2151 ft: 5233 corp: 570/43Kb lim: 246 exec/s: 3110 rss: 178Mb L: 25/246 MS: 2 ChangeByte-EraseBytes-
#43582	REDUCE cov: 2151 ft: 5233 corp: 570/43Kb lim: 246 exec/s: 3113 rss: 178Mb L: 86/246 MS: 2 ChangeByte-EraseBytes-
#43736	REDUCE cov: 2151 ft: 5233 corp: 570/43Kb lim: 246 exec/s: 3124 rss: 178Mb L: 97/246 MS: 4 CrossOver-InsertByte-PersAutoDict-EraseBytes- DE: "\377\377\377\377\377\377\377\013"-
#43751	REDUCE cov: 2151 ft: 5233 corp: 570/43Kb lim: 246 exec/s: 3125 rss: 178Mb L: 38/246 MS: 5 ChangeBinInt-ChangeBinInt-ChangeBit-ChangeBit-EraseBytes-
#43808	REDUCE cov: 2151 ft: 5233 corp: 570/43Kb lim: 246 exec/s: 3129 rss: 178Mb L: 165/246 MS: 2 ChangeASCIIInt-CrossOver-
#43847	REDUCE cov: 2151 ft: 5233 corp: 570/43Kb lim: 246 exec/s: 3131 rss: 178Mb L: 69/246 MS: 4 CopyPart-EraseBytes-CopyPart-EraseBytes-
#43888	REDUCE cov: 2153 ft: 5235 corp: 571/43Kb lim: 246 exec/s: 3134 rss: 178Mb L: 108/246 MS: 1 ShuffleBytes-
#43891	REDUCE cov: 2153 ft: 5237 corp: 572/43Kb lim: 246 exec/s: 3135 rss: 178Mb L: 95/246 MS: 3 CopyPart-CopyPart-ChangeByte-
#43940	NEW    cov: 2153 ft: 5239 corp: 573/43Kb lim: 246 exec/s: 3138 rss: 179Mb L: 186/246 MS: 4 PersAutoDict-ChangeASCIIInt-InsertByte-CrossOver- DE: "NOT_FOUND"-
#43951	REDUCE cov: 2153 ft: 5239 corp: 573/43Kb lim: 246 exec/s: 3139 rss: 179Mb L: 92/246 MS: 1 EraseBytes-
#43952	REDUCE cov: 2155 ft: 5241 corp: 574/43Kb lim: 246 exec/s: 3139 rss: 179Mb L: 86/246 MS: 1 PersAutoDict- DE: "\012\000\000\000\000\000\000\000"-
#43977	REDUCE cov: 2155 ft: 5241 corp: 574/43Kb lim: 246 exec/s: 3141 rss: 179Mb L: 6/246 MS: 5 CopyPart-InsertRepeatedBytes-CrossOver-EraseBytes-CrossOver-
#44071	REDUCE cov: 2155 ft: 5241 corp: 574/43Kb lim: 246 exec/s: 3147 rss: 179Mb L: 47/246 MS: 4 InsertRepeatedBytes-CrossOver-EraseBytes-EraseBytes-
#44092	REDUCE cov: 2155 ft: 5241 corp: 574/43Kb lim: 246 exec/s: 3149 rss: 179Mb L: 113/246 MS: 1 EraseBytes-
#44134	REDUCE cov: 2155 ft: 5241 corp: 574/43Kb lim: 246 exec/s: 3152 rss: 179Mb L: 18/246 MS: 2 PersAutoDict-EraseBytes- DE: "q\000\000\000\000\000\000\000"-
#44155	REDUCE cov: 2155 ft: 5241 corp: 574/43Kb lim: 246 exec/s: 3153 rss: 179Mb L: 67/246 MS: 1 CrossOver-
#44198	REDUCE cov: 2155 ft: 5241 corp: 574/43Kb lim: 246 exec/s: 3157 rss: 179Mb L: 58/246 MS: 3 ChangeByte-ChangeASCIIInt-EraseBytes-
#44334	REDUCE cov: 2155 ft: 5241 corp: 574/43Kb lim: 246 exec/s: 3166 rss: 179Mb L: 71/246 MS: 1 EraseBytes-
#44342	REDUCE cov: 2155 ft: 5241 corp: 574/43Kb lim: 246 exec/s: 3167 rss: 179Mb L: 36/246 MS: 3 ChangeBit-PersAutoDict-EraseBytes- DE: "errors"-
#44458	REDUCE cov: 2155 ft: 5241 corp: 574/43Kb lim: 246 exec/s: 3175 rss: 179Mb L: 16/246 MS: 1 EraseBytes-
#44460	REDUCE cov: 2155 ft: 5241 corp: 574/43Kb lim: 246 exec/s: 3175 rss: 179Mb L: 18/246 MS: 2 InsertByte-EraseBytes-
#44487	REDUCE cov: 2155 ft: 5241 corp: 574/43Kb lim: 246 exec/s: 3177 rss: 179Mb L: 93/246 MS: 2 ShuffleBytes-EraseBytes-
#44498	REDUCE cov: 2155 ft: 5241 corp: 574/43Kb lim: 246 exec/s: 3178 rss: 179Mb L: 41/246 MS: 1 EraseBytes-
#44520	NEW    cov: 2155 ft: 5242 corp: 575/43Kb lim: 246 exec/s: 3180 rss: 180Mb L: 26/246 MS: 2 ChangeByte-EraseBytes-
#44601	REDUCE cov: 2155 ft: 5242 corp: 575/43Kb lim: 246 exec/s: 3185 rss: 180Mb L: 68/246 MS: 1 EraseBytes-
#44657	REDUCE cov: 2155 ft: 5242 corp: 575/43Kb lim: 246 exec/s: 3189 rss: 180Mb L: 85/246 MS: 1 EraseBytes-
#44707	REDUCE cov: 2155 ft: 5242 corp: 575/43Kb lim: 246 exec/s: 3193 rss: 180Mb L: 101/246 MS: 5 ShuffleBytes-ChangeASCIIInt-ShuffleBytes-CrossOver-EraseBytes-
#44715	REDUCE cov: 2155 ft: 5242 corp: 575/43Kb lim: 246 exec/s: 3193 rss: 180Mb L: 53/246 MS: 3 CrossOver-ChangeBit-EraseBytes-
#44738	REDUCE cov: 2155 ft: 5242 corp: 575/43Kb lim: 246 exec/s: 3195 rss: 180Mb L: 56/246 MS: 3 ShuffleBytes-ChangeBit-EraseBytes-
#44804	REDUCE cov: 2155 ft: 5246 corp: 576/43Kb lim: 246 exec/s: 3200 rss: 180Mb L: 17/246 MS: 1 EraseBytes-
#44937	REDUCE cov: 2155 ft: 5246 corp: 576/43Kb lim: 246 exec/s: 3209 rss: 180Mb L: 219/246 MS: 3 CrossOver-InsertRepeatedBytes-EraseBytes-
#44993	REDUCE cov: 2155 ft: 5246 corp: 576/43Kb lim: 246 exec/s: 3213 rss: 180Mb L: 107/246 MS: 1 EraseBytes-
#45039	REDUCE cov: 2155 ft: 5246 corp: 576/43Kb lim: 246 exec/s: 3217 rss: 180Mb L: 67/246 MS: 1 EraseBytes-
#45052	NEW    cov: 2155 ft: 5247 corp: 577/43Kb lim: 246 exec/s: 3218 rss: 180Mb L: 188/246 MS: 3 CopyPart-ChangeByte-InsertRepeatedBytes-
#45093	NEW    cov: 2157 ft: 5249 corp: 578/43Kb lim: 246 exec/s: 3220 rss: 180Mb L: 91/246 MS: 1 CrossOver-
#45356	REDUCE cov: 2157 ft: 5250 corp: 579/43Kb lim: 246 exec/s: 3239 rss: 181Mb L: 157/246 MS: 3 CrossOver-ChangeASCIIInt-EraseBytes-
#45459	REDUCE cov: 2157 ft: 5253 corp: 580/44Kb lim: 246 exec/s: 3247 rss: 181Mb L: 95/246 MS: 3 ShuffleBytes-PersAutoDict-PersAutoDict- DE: "tcil"-"\001\000"-
#45512	REDUCE cov: 2157 ft: 5253 corp: 580/44Kb lim: 246 exec/s: 3250 rss: 181Mb L: 12/246 MS: 3 PersAutoDict-CopyPart-EraseBytes- DE: "dige"-
#45550	REDUCE cov: 2157 ft: 5253 corp: 580/44Kb lim: 246 exec/s: 3253 rss: 181Mb L: 73/246 MS: 3 CopyPart-ChangeBit-EraseBytes-
#45596	REDUCE cov: 2157 ft: 5253 corp: 580/44Kb lim: 246 exec/s: 3256 rss: 181Mb L: 1/246 MS: 1 EraseBytes-
#45618	REDUCE cov: 2157 ft: 5253 corp: 580/44Kb lim: 246 exec/s: 3258 rss: 181Mb L: 31/246 MS: 2 PersAutoDict-EraseBytes- DE: "MANIFEST_UNKNOWN"-
#45643	NEW    cov: 2157 ft: 5255 corp: 581/44Kb lim: 246 exec/s: 3260 rss: 181Mb L: 105/246 MS: 5 ChangeBit-ChangeBit-ChangeASCIIInt-ChangeASCIIInt-ChangeByte-
#45675	REDUCE cov: 2157 ft: 5255 corp: 581/44Kb lim: 246 exec/s: 3262 rss: 181Mb L: 34/246 MS: 2 ChangeByte-EraseBytes-
#45730	REDUCE cov: 2157 ft: 5255 corp: 581/44Kb lim: 246 exec/s: 3266 rss: 181Mb L: 32/246 MS: 5 InsertByte-InsertByte-ChangeBit-PersAutoDict-EraseBytes- DE: "\001\000"-
#45757	NEW    cov: 2158 ft: 5256 corp: 582/44Kb lim: 246 exec/s: 3268 rss: 181Mb L: 147/246 MS: 2 CrossOver-CopyPart-
#45824	REDUCE cov: 2158 ft: 5256 corp: 582/44Kb lim: 246 exec/s: 3273 rss: 182Mb L: 55/246 MS: 2 CrossOver-EraseBytes-
#45920	NEW    cov: 2158 ft: 5257 corp: 583/44Kb lim: 246 exec/s: 3280 rss: 182Mb L: 72/246 MS: 1 CrossOver-
#45947	REDUCE cov: 2159 ft: 5260 corp: 584/44Kb lim: 246 exec/s: 3281 rss: 182Mb L: 65/246 MS: 2 CrossOver-CrossOver-
#45993	REDUCE cov: 2159 ft: 5260 corp: 584/44Kb lim: 246 exec/s: 3285 rss: 182Mb L: 24/246 MS: 1 EraseBytes-
#46036	REDUCE cov: 2159 ft: 5260 corp: 584/44Kb lim: 246 exec/s: 3288 rss: 182Mb L: 46/246 MS: 3 ShuffleBytes-CrossOver-EraseBytes-
#46058	REDUCE cov: 2159 ft: 5265 corp: 585/44Kb lim: 246 exec/s: 3289 rss: 182Mb L: 105/246 MS: 2 PersAutoDict-CopyPart- DE: "\377\377\377\006"-
#46087	REDUCE cov: 2159 ft: 5265 corp: 585/44Kb lim: 246 exec/s: 3291 rss: 182Mb L: 25/246 MS: 4 CMP-PersAutoDict-ChangeBit-EraseBytes- DE: "\000\002"-"\000\012"-
#46118	NEW    cov: 2161 ft: 5267 corp: 586/44Kb lim: 246 exec/s: 3074 rss: 182Mb L: 3/246 MS: 1 ChangeByte-
#46349	REDUCE cov: 2161 ft: 5267 corp: 586/44Kb lim: 246 exec/s: 3089 rss: 182Mb L: 25/246 MS: 1 EraseBytes-
#46435	REDUCE cov: 2161 ft: 5267 corp: 586/44Kb lim: 246 exec/s: 3095 rss: 184Mb L: 24/246 MS: 1 EraseBytes-
#46487	REDUCE cov: 2161 ft: 5267 corp: 586/44Kb lim: 246 exec/s: 3099 rss: 184Mb L: 56/246 MS: 2 ChangeByte-EraseBytes-
#46523	REDUCE cov: 2161 ft: 5267 corp: 586/44Kb lim: 246 exec/s: 3101 rss: 184Mb L: 97/246 MS: 1 EraseBytes-
#46604	REDUCE cov: 2161 ft: 5267 corp: 586/44Kb lim: 246 exec/s: 3106 rss: 184Mb L: 74/246 MS: 1 EraseBytes-
#46712	REDUCE cov: 2161 ft: 5267 corp: 586/44Kb lim: 246 exec/s: 3114 rss: 184Mb L: 60/246 MS: 3 CopyPart-EraseBytes-EraseBytes-
#46783	REDUCE cov: 2161 ft: 5267 corp: 586/44Kb lim: 246 exec/s: 3118 rss: 184Mb L: 76/246 MS: 1 EraseBytes-
#46786	REDUCE cov: 2161 ft: 5267 corp: 586/44Kb lim: 246 exec/s: 3119 rss: 185Mb L: 48/246 MS: 3 CMP-ChangeBit-EraseBytes- DE: "\000\000\000\001"-
#46829	REDUCE cov: 2161 ft: 5267 corp: 586/44Kb lim: 246 exec/s: 3121 rss: 185Mb L: 27/246 MS: 3 PersAutoDict-ChangeBit-CrossOver- DE: "\001\000\000\000\000\000\000\002"-
#46895	REDUCE cov: 2161 ft: 5267 corp: 586/44Kb lim: 246 exec/s: 3126 rss: 185Mb L: 142/246 MS: 1 EraseBytes-
#46976	REDUCE cov: 2161 ft: 5267 corp: 586/44Kb lim: 246 exec/s: 3131 rss: 185Mb L: 40/246 MS: 1 EraseBytes-
#47063	NEW    cov: 2161 ft: 5270 corp: 587/44Kb lim: 246 exec/s: 3137 rss: 185Mb L: 242/246 MS: 2 ChangeBit-PersAutoDict- DE: "\000\000\000\000\000\000\000\012"-
#47065	REDUCE cov: 2161 ft: 5270 corp: 587/44Kb lim: 246 exec/s: 3137 rss: 185Mb L: 24/246 MS: 2 ChangeASCIIInt-EraseBytes-
#47086	REDUCE cov: 2161 ft: 5270 corp: 587/44Kb lim: 246 exec/s: 3139 rss: 185Mb L: 20/246 MS: 1 EraseBytes-
#47105	NEW    cov: 2163 ft: 5272 corp: 588/44Kb lim: 246 exec/s: 3140 rss: 185Mb L: 39/246 MS: 4 ChangeBinInt-PersAutoDict-CMP-CrossOver- DE: "\000\000\000\001"-"\000\000\000\000\000\000\000\020"-
#47191	REDUCE cov: 2163 ft: 5272 corp: 588/44Kb lim: 246 exec/s: 3146 rss: 185Mb L: 187/246 MS: 1 EraseBytes-
#47222	REDUCE cov: 2163 ft: 5277 corp: 589/44Kb lim: 246 exec/s: 3148 rss: 185Mb L: 87/246 MS: 1 CrossOver-
#47270	REDUCE cov: 2163 ft: 5277 corp: 589/44Kb lim: 246 exec/s: 3151 rss: 185Mb L: 95/246 MS: 3 CrossOver-PersAutoDict-CrossOver- DE: "\000\011"-
#47601	REDUCE cov: 2163 ft: 5277 corp: 589/44Kb lim: 246 exec/s: 3173 rss: 186Mb L: 44/246 MS: 1 EraseBytes-
#47608	REDUCE cov: 2163 ft: 5277 corp: 589/44Kb lim: 246 exec/s: 3173 rss: 186Mb L: 171/246 MS: 2 ChangeByte-EraseBytes-
#47636	NEW    cov: 2165 ft: 5281 corp: 590/44Kb lim: 246 exec/s: 3175 rss: 186Mb L: 152/246 MS: 3 ChangeASCIIInt-ChangeBit-CrossOver-
#47647	NEW    cov: 2165 ft: 5282 corp: 591/44Kb lim: 246 exec/s: 3176 rss: 186Mb L: 53/246 MS: 1 ChangeASCIIInt-
#47681	REDUCE cov: 2165 ft: 5282 corp: 591/44Kb lim: 246 exec/s: 3178 rss: 186Mb L: 28/246 MS: 4 ChangeBinInt-ChangeBit-ChangeByte-EraseBytes-
#47689	REDUCE cov: 2165 ft: 5282 corp: 591/44Kb lim: 246 exec/s: 3179 rss: 186Mb L: 89/246 MS: 3 ChangeBinInt-CrossOver-EraseBytes-
#47708	NEW    cov: 2165 ft: 5284 corp: 592/44Kb lim: 246 exec/s: 3180 rss: 186Mb L: 199/246 MS: 4 InsertByte-ShuffleBytes-ChangeByte-CrossOver-
#47722	REDUCE cov: 2165 ft: 5284 corp: 592/44Kb lim: 246 exec/s: 3181 rss: 186Mb L: 122/246 MS: 4 ChangeByte-ShuffleBytes-CrossOver-EraseBytes-
#47724	NEW    cov: 2165 ft: 5285 corp: 593/45Kb lim: 246 exec/s: 3181 rss: 186Mb L: 87/246 MS: 2 ShuffleBytes-InsertByte-
#47811	NEW    cov: 2165 ft: 5288 corp: 594/45Kb lim: 246 exec/s: 3187 rss: 186Mb L: 114/246 MS: 2 InsertRepeatedBytes-PersAutoDict- DE: "NAME_UNKNOWN"-
#47815	REDUCE cov: 2165 ft: 5288 corp: 594/45Kb lim: 246 exec/s: 3187 rss: 186Mb L: 112/246 MS: 4 CrossOver-ShuffleBytes-InsertByte-EraseBytes-
#47817	REDUCE cov: 2165 ft: 5288 corp: 594/45Kb lim: 246 exec/s: 3187 rss: 186Mb L: 71/246 MS: 2 ChangeByte-EraseBytes-
#47855	REDUCE cov: 2165 ft: 5288 corp: 594/45Kb lim: 246 exec/s: 3190 rss: 186Mb L: 23/246 MS: 3 ChangeByte-InsertByte-EraseBytes-
#47885	REDUCE cov: 2165 ft: 5288 corp: 594/45Kb lim: 246 exec/s: 3192 rss: 186Mb L: 73/246 MS: 5 CMP-ChangeBinInt-CopyPart-ChangeBinInt-EraseBytes- DE: "cod$"-
#47906	REDUCE cov: 2165 ft: 5288 corp: 594/45Kb lim: 246 exec/s: 3193 rss: 187Mb L: 48/246 MS: 1 EraseBytes-
#48062	REDUCE cov: 2165 ft: 5288 corp: 594/44Kb lim: 246 exec/s: 3204 rss: 187Mb L: 31/246 MS: 1 EraseBytes-
#48135	NEW    cov: 2166 ft: 5289 corp: 595/45Kb lim: 246 exec/s: 3209 rss: 187Mb L: 66/246 MS: 3 ChangeByte-CrossOver-CrossOver-
#48168	REDUCE cov: 2166 ft: 5289 corp: 595/44Kb lim: 246 exec/s: 3211 rss: 187Mb L: 65/246 MS: 3 PersAutoDict-CrossOver-CrossOver- DE: "TOOMANYREQUESTS"-
#48194	NEW    cov: 2167 ft: 5290 corp: 596/45Kb lim: 246 exec/s: 3212 rss: 187Mb L: 99/246 MS: 1 ChangeByte-
#48248	NEW    cov: 2167 ft: 5293 corp: 597/45Kb lim: 246 exec/s: 3216 rss: 187Mb L: 108/246 MS: 4 ChangeBit-CrossOver-CrossOver-InsertRepeatedBytes-
#48439	REDUCE cov: 2167 ft: 5293 corp: 597/45Kb lim: 246 exec/s: 3229 rss: 187Mb L: 15/246 MS: 1 EraseBytes-
#48465	REDUCE cov: 2167 ft: 5293 corp: 597/45Kb lim: 246 exec/s: 3231 rss: 187Mb L: 66/246 MS: 1 EraseBytes-
#48472	REDUCE cov: 2167 ft: 5294 corp: 598/45Kb lim: 246 exec/s: 3231 rss: 187Mb L: 28/246 MS: 2 ChangeBinInt-CopyPart-
#48553	REDUCE cov: 2167 ft: 5295 corp: 599/45Kb lim: 246 exec/s: 3236 rss: 187Mb L: 15/246 MS: 1 PersAutoDict- DE: "co)e"-
#48590	REDUCE cov: 2168 ft: 5296 corp: 600/45Kb lim: 246 exec/s: 3239 rss: 188Mb L: 98/246 MS: 2 ChangeASCIIInt-CopyPart-
#48614	REDUCE cov: 2168 ft: 5296 corp: 600/45Kb lim: 246 exec/s: 3240 rss: 188Mb L: 128/246 MS: 4 InsertByte-ChangeBit-ChangeBit-EraseBytes-
#48625	REDUCE cov: 2168 ft: 5296 corp: 600/45Kb lim: 246 exec/s: 3241 rss: 188Mb L: 4/246 MS: 1 EraseBytes-
#48631	REDUCE cov: 2168 ft: 5296 corp: 600/45Kb lim: 246 exec/s: 3242 rss: 188Mb L: 78/246 MS: 1 EraseBytes-
#48802	REDUCE cov: 2168 ft: 5296 corp: 600/45Kb lim: 246 exec/s: 3253 rss: 188Mb L: 20/246 MS: 1 EraseBytes-
#48824	REDUCE cov: 2168 ft: 5296 corp: 600/45Kb lim: 246 exec/s: 3254 rss: 188Mb L: 97/246 MS: 2 CMP-EraseBytes- DE: "\376\377\377\371"-
#48841	REDUCE cov: 2168 ft: 5296 corp: 600/45Kb lim: 246 exec/s: 3256 rss: 188Mb L: 148/246 MS: 2 ChangeBinInt-EraseBytes-
#48877	NEW    cov: 2170 ft: 5299 corp: 601/45Kb lim: 246 exec/s: 3258 rss: 188Mb L: 39/246 MS: 1 EraseBytes-
#48903	REDUCE cov: 2170 ft: 5299 corp: 601/45Kb lim: 246 exec/s: 3260 rss: 188Mb L: 3/246 MS: 1 EraseBytes-
#49073	REDUCE cov: 2170 ft: 5299 corp: 601/45Kb lim: 246 exec/s: 3271 rss: 188Mb L: 61/246 MS: 5 ShuffleBytes-ChangeBit-ChangeByte-ShuffleBytes-EraseBytes-
#49144	REDUCE cov: 2170 ft: 5299 corp: 601/45Kb lim: 246 exec/s: 3276 rss: 188Mb L: 60/246 MS: 1 EraseBytes-
#49153	REDUCE cov: 2170 ft: 5299 corp: 601/45Kb lim: 246 exec/s: 3276 rss: 188Mb L: 70/246 MS: 4 InsertByte-ChangeASCIIInt-ChangeByte-EraseBytes-
#49242	REDUCE cov: 2170 ft: 5300 corp: 602/45Kb lim: 246 exec/s: 3282 rss: 188Mb L: 38/246 MS: 4 ChangeByte-ChangeBit-ShuffleBytes-ChangeByte-
#49310	REDUCE cov: 2171 ft: 5302 corp: 603/45Kb lim: 246 exec/s: 3287 rss: 189Mb L: 30/246 MS: 3 ChangeBit-InsertByte-CrossOver-
#49335	REDUCE cov: 2171 ft: 5302 corp: 603/45Kb lim: 246 exec/s: 3289 rss: 189Mb L: 128/246 MS: 5 ShuffleBytes-ShuffleBytes-InsertByte-ChangeASCIIInt-CrossOver-
#49372	REDUCE cov: 2171 ft: 5302 corp: 603/45Kb lim: 246 exec/s: 3291 rss: 189Mb L: 63/246 MS: 2 CMP-CrossOver- DE: "\000\000\000\000\000\000\0001"-
#49450	REDUCE cov: 2171 ft: 5302 corp: 603/45Kb lim: 246 exec/s: 3296 rss: 189Mb L: 37/246 MS: 3 ChangeASCIIInt-ChangeASCIIInt-EraseBytes-
#49466	REDUCE cov: 2171 ft: 5302 corp: 603/45Kb lim: 246 exec/s: 3297 rss: 189Mb L: 49/246 MS: 1 EraseBytes-
#49467	REDUCE cov: 2171 ft: 5302 corp: 603/45Kb lim: 246 exec/s: 3297 rss: 189Mb L: 212/246 MS: 1 EraseBytes-
#49478	REDUCE cov: 2171 ft: 5302 corp: 603/45Kb lim: 246 exec/s: 3298 rss: 189Mb L: 52/246 MS: 1 EraseBytes-
#49519	NEW    cov: 2171 ft: 5304 corp: 604/45Kb lim: 246 exec/s: 3094 rss: 189Mb L: 58/246 MS: 1 EraseBytes-
#49520	REDUCE cov: 2171 ft: 5304 corp: 604/45Kb lim: 246 exec/s: 3095 rss: 189Mb L: 18/246 MS: 1 EraseBytes-
#49533	NEW    cov: 2171 ft: 5305 corp: 605/45Kb lim: 246 exec/s: 3095 rss: 189Mb L: 71/246 MS: 3 ChangeBinInt-ChangeBit-PersAutoDict- DE: "\015\000\000\000\000\000\000\000"-
#49624	NEW    cov: 2171 ft: 5306 corp: 606/45Kb lim: 246 exec/s: 3101 rss: 189Mb L: 92/246 MS: 1 CrossOver-
#49667	REDUCE cov: 2171 ft: 5306 corp: 606/45Kb lim: 246 exec/s: 3104 rss: 189Mb L: 83/246 MS: 3 InsertByte-ChangeByte-EraseBytes-
#49797	REDUCE cov: 2171 ft: 5306 corp: 606/45Kb lim: 246 exec/s: 3112 rss: 189Mb L: 134/246 MS: 5 CrossOver-CMP-ShuffleBytes-CrossOver-EraseBytes- DE: "UNAUTHORIZED"-
#49819	REDUCE cov: 2171 ft: 5306 corp: 606/45Kb lim: 246 exec/s: 3113 rss: 189Mb L: 100/246 MS: 2 ShuffleBytes-EraseBytes-
#49860	REDUCE cov: 2171 ft: 5306 corp: 606/45Kb lim: 246 exec/s: 3116 rss: 191Mb L: 6/246 MS: 1 EraseBytes-
#49992	REDUCE cov: 2171 ft: 5306 corp: 606/45Kb lim: 246 exec/s: 3124 rss: 191Mb L: 13/246 MS: 2 InsertByte-EraseBytes-
#50010	REDUCE cov: 2171 ft: 5306 corp: 606/45Kb lim: 246 exec/s: 3125 rss: 191Mb L: 184/246 MS: 3 PersAutoDict-ChangeASCIIInt-EraseBytes- DE: "error0"-
#50036	NEW    cov: 2171 ft: 5312 corp: 607/45Kb lim: 246 exec/s: 3127 rss: 192Mb L: 135/246 MS: 1 ChangeBit-
#50087	NEW    cov: 2171 ft: 5332 corp: 608/45Kb lim: 246 exec/s: 3130 rss: 192Mb L: 168/246 MS: 1 ChangeByte-
#50108	REDUCE cov: 2171 ft: 5332 corp: 608/45Kb lim: 246 exec/s: 3131 rss: 192Mb L: 46/246 MS: 1 EraseBytes-
#50116	NEW    cov: 2172 ft: 5333 corp: 609/45Kb lim: 246 exec/s: 3132 rss: 192Mb L: 146/246 MS: 3 InsertByte-ShuffleBytes-EraseBytes-
#50134	REDUCE cov: 2172 ft: 5333 corp: 609/45Kb lim: 246 exec/s: 3133 rss: 192Mb L: 72/246 MS: 3 ChangeByte-ShuffleBytes-EraseBytes-
#50140	REDUCE cov: 2172 ft: 5333 corp: 609/45Kb lim: 246 exec/s: 3133 rss: 192Mb L: 88/246 MS: 1 CrossOver-
#50161	REDUCE cov: 2172 ft: 5333 corp: 609/45Kb lim: 246 exec/s: 3135 rss: 192Mb L: 23/246 MS: 1 EraseBytes-
#50163	REDUCE cov: 2172 ft: 5333 corp: 609/45Kb lim: 246 exec/s: 3135 rss: 192Mb L: 58/246 MS: 2 ChangeASCIIInt-EraseBytes-
#50201	REDUCE cov: 2172 ft: 5333 corp: 609/45Kb lim: 246 exec/s: 3137 rss: 192Mb L: 45/246 MS: 3 ChangeBinInt-CopyPart-EraseBytes-
#50307	REDUCE cov: 2172 ft: 5334 corp: 610/45Kb lim: 246 exec/s: 3144 rss: 192Mb L: 210/246 MS: 1 CrossOver-
#50617	REDUCE cov: 2172 ft: 5334 corp: 610/45Kb lim: 246 exec/s: 3163 rss: 192Mb L: 40/246 MS: 5 ChangeBit-ChangeBit-ShuffleBytes-InsertByte-EraseBytes-
#50644	REDUCE cov: 2172 ft: 5334 corp: 610/45Kb lim: 246 exec/s: 3165 rss: 192Mb L: 6/246 MS: 2 CMP-EraseBytes- DE: "\036\000\000\000"-
#50748	REDUCE cov: 2172 ft: 5334 corp: 610/45Kb lim: 246 exec/s: 3171 rss: 193Mb L: 181/246 MS: 4 ChangeBit-CopyPart-CMP-EraseBytes- DE: "\377\377"-
#50966	REDUCE cov: 2172 ft: 5334 corp: 610/45Kb lim: 246 exec/s: 3185 rss: 193Mb L: 67/246 MS: 3 ShuffleBytes-CopyPart-EraseBytes-
#51041	REDUCE cov: 2172 ft: 5334 corp: 610/45Kb lim: 246 exec/s: 3190 rss: 193Mb L: 37/246 MS: 5 ShuffleBytes-InsertByte-ChangeBit-CMP-EraseBytes- DE: "\000\000\000\000\000\000\000\015"-
#51087	REDUCE cov: 2172 ft: 5336 corp: 611/45Kb lim: 246 exec/s: 3192 rss: 193Mb L: 97/246 MS: 1 PersAutoDict- DE: "\001\000`^\224F\3574"-
#51207	REDUCE cov: 2172 ft: 5342 corp: 612/46Kb lim: 246 exec/s: 3200 rss: 193Mb L: 102/246 MS: 5 EraseBytes-CopyPart-ChangeBit-CrossOver-InsertRepeatedBytes-
#51214	NEW    cov: 2172 ft: 5343 corp: 613/46Kb lim: 246 exec/s: 3200 rss: 193Mb L: 238/246 MS: 2 ChangeASCIIInt-InsertRepeatedBytes-
#51505	REDUCE cov: 2172 ft: 5343 corp: 613/46Kb lim: 246 exec/s: 3219 rss: 194Mb L: 33/246 MS: 1 EraseBytes-
#51511	REDUCE cov: 2172 ft: 5343 corp: 613/46Kb lim: 246 exec/s: 3219 rss: 194Mb L: 11/246 MS: 1 EraseBytes-
#51572	NEW    cov: 2173 ft: 5346 corp: 614/46Kb lim: 246 exec/s: 3223 rss: 194Mb L: 39/246 MS: 1 ChangeBinInt-
#51658	REDUCE cov: 2173 ft: 5346 corp: 614/46Kb lim: 246 exec/s: 3228 rss: 194Mb L: 62/246 MS: 1 EraseBytes-
#51675	REDUCE cov: 2173 ft: 5346 corp: 614/46Kb lim: 246 exec/s: 3229 rss: 194Mb L: 7/246 MS: 2 EraseBytes-EraseBytes-
#51696	NEW    cov: 2173 ft: 5349 corp: 615/46Kb lim: 246 exec/s: 3231 rss: 194Mb L: 130/246 MS: 1 CopyPart-
#51712	REDUCE cov: 2173 ft: 5349 corp: 615/46Kb lim: 246 exec/s: 3232 rss: 194Mb L: 44/246 MS: 1 EraseBytes-
#51793	REDUCE cov: 2173 ft: 5349 corp: 615/46Kb lim: 246 exec/s: 3237 rss: 194Mb L: 88/246 MS: 1 EraseBytes-
#51857	REDUCE cov: 2173 ft: 5349 corp: 615/46Kb lim: 246 exec/s: 3241 rss: 194Mb L: 53/246 MS: 4 ChangeASCIIInt-ChangeASCIIInt-InsertByte-EraseBytes-
#51883	NEW    cov: 2175 ft: 5353 corp: 616/46Kb lim: 246 exec/s: 3242 rss: 194Mb L: 53/246 MS: 1 CopyPart-
#51900	REDUCE cov: 2175 ft: 5354 corp: 617/46Kb lim: 246 exec/s: 3243 rss: 194Mb L: 49/246 MS: 2 CopyPart-ChangeBinInt-
#51941	REDUCE cov: 2175 ft: 5354 corp: 617/46Kb lim: 246 exec/s: 3246 rss: 194Mb L: 176/246 MS: 1 EraseBytes-
#51974	REDUCE cov: 2175 ft: 5354 corp: 617/46Kb lim: 246 exec/s: 3248 rss: 194Mb L: 96/246 MS: 3 PersAutoDict-ChangeBit-EraseBytes- DE: "schVremaesion"-
#51990	REDUCE cov: 2175 ft: 5354 corp: 617/46Kb lim: 246 exec/s: 3249 rss: 194Mb L: 46/246 MS: 1 EraseBytes-
#51996	REDUCE cov: 2175 ft: 5354 corp: 617/46Kb lim: 246 exec/s: 3249 rss: 195Mb L: 7/246 MS: 1 EraseBytes-
#52022	REDUCE cov: 2175 ft: 5354 corp: 617/46Kb lim: 246 exec/s: 3251 rss: 195Mb L: 13/246 MS: 1 EraseBytes-
#52073	NEW    cov: 2177 ft: 5356 corp: 618/46Kb lim: 246 exec/s: 3254 rss: 195Mb L: 2/246 MS: 1 ChangeByte-
#52095	NEW    cov: 2178 ft: 5357 corp: 619/46Kb lim: 246 exec/s: 3255 rss: 195Mb L: 75/246 MS: 2 PersAutoDict-InsertByte- DE: "\377\377\377\377\377\377\377\000"-
#52187	REDUCE cov: 2178 ft: 5357 corp: 619/46Kb lim: 246 exec/s: 3261 rss: 195Mb L: 217/246 MS: 2 ChangeBit-EraseBytes-
#52395	NEW    cov: 2178 ft: 5359 corp: 620/46Kb lim: 246 exec/s: 3274 rss: 195Mb L: 142/246 MS: 3 ShuffleBytes-CrossOver-CopyPart-
#52436	REDUCE cov: 2178 ft: 5362 corp: 621/46Kb lim: 246 exec/s: 3277 rss: 195Mb L: 44/246 MS: 1 EraseBytes-
#52461	NEW    cov: 2178 ft: 5365 corp: 622/46Kb lim: 246 exec/s: 3278 rss: 195Mb L: 139/246 MS: 5 ShuffleBytes-ChangeBit-CopyPart-ChangeASCIIInt-InsertRepeatedBytes-
#52472	REDUCE cov: 2178 ft: 5366 corp: 623/46Kb lim: 246 exec/s: 3279 rss: 195Mb L: 221/246 MS: 1 CopyPart-
#52509	NEW    cov: 2178 ft: 5369 corp: 624/46Kb lim: 246 exec/s: 3281 rss: 195Mb L: 49/246 MS: 2 CopyPart-CrossOver-
#52593	REDUCE cov: 2178 ft: 5370 corp: 625/47Kb lim: 246 exec/s: 3287 rss: 196Mb L: 113/246 MS: 4 InsertByte-PersAutoDict-ChangeBit-CrossOver- DE: "co)e"-
#52680	REDUCE cov: 2178 ft: 5370 corp: 625/47Kb lim: 246 exec/s: 3292 rss: 196Mb L: 85/246 MS: 2 ChangeASCIIInt-EraseBytes-
#52746	REDUCE cov: 2178 ft: 5370 corp: 625/47Kb lim: 246 exec/s: 3296 rss: 196Mb L: 236/246 MS: 1 EraseBytes-
#52767	REDUCE cov: 2178 ft: 5370 corp: 625/46Kb lim: 246 exec/s: 3297 rss: 196Mb L: 168/246 MS: 1 CrossOver-
#53003	REDUCE cov: 2178 ft: 5371 corp: 626/47Kb lim: 246 exec/s: 3117 rss: 196Mb L: 43/246 MS: 1 InsertByte-
#53079	REDUCE cov: 2178 ft: 5371 corp: 626/47Kb lim: 246 exec/s: 3122 rss: 196Mb L: 28/246 MS: 1 EraseBytes-
#53114	REDUCE cov: 2178 ft: 5371 corp: 626/46Kb lim: 246 exec/s: 3124 rss: 196Mb L: 46/246 MS: 5 ChangeByte-ChangeBit-InsertByte-ChangeBinInt-EraseBytes-
#53121	REDUCE cov: 2178 ft: 5371 corp: 626/46Kb lim: 246 exec/s: 3124 rss: 196Mb L: 12/246 MS: 2 ChangeBinInt-EraseBytes-
#53213	REDUCE cov: 2178 ft: 5371 corp: 626/46Kb lim: 246 exec/s: 3130 rss: 196Mb L: 87/246 MS: 2 ChangeByte-EraseBytes-
#53379	REDUCE cov: 2178 ft: 5371 corp: 626/46Kb lim: 246 exec/s: 3139 rss: 198Mb L: 58/246 MS: 1 EraseBytes-
#53396	REDUCE cov: 2178 ft: 5371 corp: 626/46Kb lim: 246 exec/s: 3140 rss: 198Mb L: 97/246 MS: 2 ShuffleBytes-EraseBytes-
#53417	REDUCE cov: 2178 ft: 5371 corp: 626/46Kb lim: 246 exec/s: 3142 rss: 198Mb L: 51/246 MS: 1 EraseBytes-
	NEW_FUNC[1/1]: 0x00010460e288 in _RNvMs3_NtCsf4gegaz8yYg_10serde_json2deINtB5_12DeserializerNtNtB7_4read9SliceReadE13parse_decimalCs7djQdq5rSoW_10oci_client+0x0 (registry_responses:arm64+0x1003f6288)
#53449	REDUCE cov: 2186 ft: 5379 corp: 627/47Kb lim: 246 exec/s: 3144 rss: 198Mb L: 238/246 MS: 2 ChangeBit-ChangeByte-
#53461	REDUCE cov: 2186 ft: 5379 corp: 627/47Kb lim: 246 exec/s: 3144 rss: 198Mb L: 5/246 MS: 2 ChangeByte-EraseBytes-
#53512	REDUCE cov: 2186 ft: 5379 corp: 627/47Kb lim: 246 exec/s: 3147 rss: 199Mb L: 20/246 MS: 1 EraseBytes-
#53521	REDUCE cov: 2186 ft: 5379 corp: 627/47Kb lim: 246 exec/s: 3148 rss: 199Mb L: 23/246 MS: 4 InsertByte-CrossOver-EraseBytes-EraseBytes-
#53535	REDUCE cov: 2186 ft: 5379 corp: 627/47Kb lim: 246 exec/s: 3149 rss: 199Mb L: 54/246 MS: 4 InsertByte-ChangeBinInt-CrossOver-EraseBytes-
#53621	REDUCE cov: 2188 ft: 5383 corp: 628/47Kb lim: 246 exec/s: 3154 rss: 199Mb L: 15/246 MS: 1 EraseBytes-
#53748	REDUCE cov: 2188 ft: 5383 corp: 628/47Kb lim: 246 exec/s: 3161 rss: 199Mb L: 47/246 MS: 2 ChangeByte-EraseBytes-
#53798	REDUCE cov: 2188 ft: 5383 corp: 628/47Kb lim: 246 exec/s: 3164 rss: 199Mb L: 98/246 MS: 5 CopyPart-ChangeBinInt-CrossOver-EraseBytes-EraseBytes-
#53894	REDUCE cov: 2188 ft: 5383 corp: 628/47Kb lim: 246 exec/s: 3170 rss: 199Mb L: 25/246 MS: 1 EraseBytes-
#53949	NEW    cov: 2188 ft: 5384 corp: 629/47Kb lim: 246 exec/s: 3173 rss: 199Mb L: 225/246 MS: 5 CopyPart-CopyPart-CopyPart-ChangeBinInt-ChangeByte-
#54005	REDUCE cov: 2188 ft: 5384 corp: 629/47Kb lim: 246 exec/s: 3176 rss: 199Mb L: 31/246 MS: 1 EraseBytes-
#54034	REDUCE cov: 2188 ft: 5386 corp: 630/47Kb lim: 246 exec/s: 3178 rss: 199Mb L: 30/246 MS: 4 EraseBytes-ChangeBinInt-CopyPart-EraseBytes-
#54127	REDUCE cov: 2188 ft: 5386 corp: 630/47Kb lim: 246 exec/s: 3183 rss: 200Mb L: 42/246 MS: 3 ChangeBit-CMP-EraseBytes- DE: "c+de"-
#54143	REDUCE cov: 2190 ft: 5393 corp: 631/47Kb lim: 246 exec/s: 3184 rss: 200Mb L: 25/246 MS: 1 CrossOver-
#54169	NEW    cov: 2190 ft: 5396 corp: 632/47Kb lim: 246 exec/s: 3186 rss: 200Mb L: 99/246 MS: 1 EraseBytes-
#54185	REDUCE cov: 2190 ft: 5398 corp: 633/47Kb lim: 246 exec/s: 3187 rss: 200Mb L: 39/246 MS: 1 CrossOver-
#54291	REDUCE cov: 2190 ft: 5398 corp: 633/47Kb lim: 246 exec/s: 3193 rss: 200Mb L: 186/246 MS: 1 EraseBytes-
#54302	REDUCE cov: 2190 ft: 5398 corp: 633/47Kb lim: 246 exec/s: 3194 rss: 200Mb L: 2/246 MS: 1 EraseBytes-
#54353	REDUCE cov: 2190 ft: 5398 corp: 633/47Kb lim: 246 exec/s: 3197 rss: 200Mb L: 52/246 MS: 1 EraseBytes-
#54404	REDUCE cov: 2190 ft: 5401 corp: 634/47Kb lim: 246 exec/s: 3200 rss: 200Mb L: 85/246 MS: 1 ChangeBinInt-
#54440	REDUCE cov: 2191 ft: 5402 corp: 635/47Kb lim: 246 exec/s: 3202 rss: 200Mb L: 134/246 MS: 1 ChangeBinInt-
#54502	REDUCE cov: 2191 ft: 5402 corp: 635/47Kb lim: 246 exec/s: 3206 rss: 200Mb L: 90/246 MS: 2 ShuffleBytes-EraseBytes-
#54553	NEW    cov: 2193 ft: 5404 corp: 636/47Kb lim: 246 exec/s: 3209 rss: 200Mb L: 12/246 MS: 1 CrossOver-
#54599	REDUCE cov: 2193 ft: 5404 corp: 636/47Kb lim: 246 exec/s: 3211 rss: 200Mb L: 66/246 MS: 1 EraseBytes-
#54647	NEW    cov: 2193 ft: 5405 corp: 637/47Kb lim: 246 exec/s: 3214 rss: 200Mb L: 230/246 MS: 3 InsertRepeatedBytes-ChangeBit-ChangeBit-
#54715	REDUCE cov: 2193 ft: 5405 corp: 637/47Kb lim: 246 exec/s: 3218 rss: 201Mb L: 6/246 MS: 3 CopyPart-ShuffleBytes-EraseBytes-
#54761	REDUCE cov: 2193 ft: 5405 corp: 637/47Kb lim: 246 exec/s: 3221 rss: 201Mb L: 136/246 MS: 1 EraseBytes-
#54802	NEW    cov: 2193 ft: 5407 corp: 638/47Kb lim: 246 exec/s: 3223 rss: 201Mb L: 65/246 MS: 1 ChangeBinInt-
	NEW_FUNC[1/1]: 0x0001075cf2a0 in _RNvMs3_NtCsf4gegaz8yYg_10serde_json2deINtB5_12DeserializerNtNtB7_4read9SliceReadE10peek_errorCs7djQdq5rSoW_10oci_client+0x0 (registry_responses:arm64+0x1033b72a0)
#54809	NEW    cov: 2196 ft: 5410 corp: 639/48Kb lim: 246 exec/s: 3224 rss: 201Mb L: 238/246 MS: 2 ChangeBinInt-CrossOver-
#54820	NEW    cov: 2196 ft: 5413 corp: 640/48Kb lim: 246 exec/s: 3224 rss: 201Mb L: 72/246 MS: 1 CopyPart-
#54926	REDUCE cov: 2196 ft: 5413 corp: 640/48Kb lim: 246 exec/s: 3230 rss: 201Mb L: 27/246 MS: 1 EraseBytes-
#54962	REDUCE cov: 2196 ft: 5413 corp: 640/48Kb lim: 246 exec/s: 3233 rss: 201Mb L: 10/246 MS: 1 EraseBytes-
#54974	REDUCE cov: 2196 ft: 5413 corp: 640/48Kb lim: 246 exec/s: 3233 rss: 201Mb L: 58/246 MS: 2 ChangeBinInt-EraseBytes-
#55052	REDUCE cov: 2196 ft: 5413 corp: 640/48Kb lim: 246 exec/s: 3238 rss: 201Mb L: 79/246 MS: 3 ChangeBinInt-ChangeByte-EraseBytes-
#55063	REDUCE cov: 2196 ft: 5413 corp: 640/48Kb lim: 246 exec/s: 3239 rss: 201Mb L: 32/246 MS: 1 EraseBytes-
#55092	REDUCE cov: 2196 ft: 5414 corp: 641/48Kb lim: 246 exec/s: 3240 rss: 201Mb L: 5/246 MS: 4 CMP-ShuffleBytes-ChangeBinInt-CrossOver- DE: "\377\377\377\275"-
#55138	REDUCE cov: 2196 ft: 5414 corp: 641/48Kb lim: 246 exec/s: 3243 rss: 202Mb L: 89/246 MS: 1 EraseBytes-
#55224	REDUCE cov: 2196 ft: 5414 corp: 641/48Kb lim: 246 exec/s: 3248 rss: 202Mb L: 84/246 MS: 1 EraseBytes-
#55245	NEW    cov: 2196 ft: 5415 corp: 642/48Kb lim: 246 exec/s: 3249 rss: 202Mb L: 62/246 MS: 1 CrossOver-
#55263	REDUCE cov: 2196 ft: 5415 corp: 642/48Kb lim: 246 exec/s: 3250 rss: 202Mb L: 15/246 MS: 3 CrossOver-InsertByte-EraseBytes-
#55305	REDUCE cov: 2196 ft: 5415 corp: 642/48Kb lim: 246 exec/s: 3253 rss: 202Mb L: 92/246 MS: 2 ChangeBinInt-EraseBytes-
#55322	NEW    cov: 2197 ft: 5416 corp: 643/48Kb lim: 246 exec/s: 3254 rss: 202Mb L: 182/246 MS: 2 EraseBytes-CrossOver-
#55329	REDUCE cov: 2197 ft: 5416 corp: 643/48Kb lim: 246 exec/s: 3254 rss: 202Mb L: 3/246 MS: 2 ChangeBit-EraseBytes-
#55395	REDUCE cov: 2197 ft: 5416 corp: 643/48Kb lim: 246 exec/s: 3258 rss: 202Mb L: 47/246 MS: 1 EraseBytes-
#55467	NEW    cov: 2197 ft: 5418 corp: 644/48Kb lim: 246 exec/s: 3262 rss: 202Mb L: 89/246 MS: 2 ChangeByte-EraseBytes-
#55545	NEW    cov: 2197 ft: 5421 corp: 645/48Kb lim: 246 exec/s: 3267 rss: 202Mb L: 242/246 MS: 3 InsertRepeatedBytes-CopyPart-CMP- DE: "\001\000"-
#55602	REDUCE cov: 2197 ft: 5421 corp: 645/48Kb lim: 246 exec/s: 3270 rss: 202Mb L: 93/246 MS: 2 ChangeBit-EraseBytes-
#55629	REDUCE cov: 2197 ft: 5421 corp: 645/48Kb lim: 246 exec/s: 3272 rss: 202Mb L: 27/246 MS: 2 ShuffleBytes-EraseBytes-
#55635	NEW    cov: 2197 ft: 5423 corp: 646/48Kb lim: 246 exec/s: 3272 rss: 202Mb L: 9/246 MS: 1 CopyPart-
#55666	REDUCE cov: 2197 ft: 5423 corp: 646/48Kb lim: 246 exec/s: 3274 rss: 202Mb L: 73/246 MS: 1 EraseBytes-
#55688	REDUCE cov: 2197 ft: 5423 corp: 646/48Kb lim: 246 exec/s: 3275 rss: 203Mb L: 50/246 MS: 2 CMP-EraseBytes- DE: "manifests"-
#55801	REDUCE cov: 2197 ft: 5424 corp: 647/48Kb lim: 246 exec/s: 3282 rss: 203Mb L: 122/246 MS: 3 ChangeByte-ChangeASCIIInt-InsertByte-
#55848	NEW    cov: 2197 ft: 5425 corp: 648/48Kb lim: 246 exec/s: 3285 rss: 203Mb L: 8/246 MS: 2 CopyPart-CopyPart-
#55899	NEW    cov: 2198 ft: 5426 corp: 649/48Kb lim: 246 exec/s: 3288 rss: 203Mb L: 6/246 MS: 1 PersAutoDict- DE: "c+de"-
#56185	REDUCE cov: 2198 ft: 5426 corp: 649/48Kb lim: 246 exec/s: 3305 rss: 203Mb L: 22/246 MS: 1 EraseBytes-
#56261	REDUCE cov: 2198 ft: 5426 corp: 649/48Kb lim: 246 exec/s: 3309 rss: 203Mb L: 36/246 MS: 1 EraseBytes-
#56272	REDUCE cov: 2198 ft: 5426 corp: 649/48Kb lim: 246 exec/s: 3310 rss: 203Mb L: 228/246 MS: 1 EraseBytes-
#56349	REDUCE cov: 2198 ft: 5426 corp: 649/48Kb lim: 246 exec/s: 3130 rss: 203Mb L: 43/246 MS: 2 CopyPart-EraseBytes-
#56355	REDUCE cov: 2198 ft: 5426 corp: 649/48Kb lim: 246 exec/s: 3130 rss: 203Mb L: 20/246 MS: 1 EraseBytes-
#56431	REDUCE cov: 2198 ft: 5426 corp: 649/48Kb lim: 246 exec/s: 3135 rss: 204Mb L: 77/246 MS: 1 EraseBytes-
#56495	REDUCE cov: 2198 ft: 5426 corp: 649/48Kb lim: 246 exec/s: 3138 rss: 204Mb L: 67/246 MS: 4 InsertRepeatedBytes-ShuffleBytes-InsertRepeatedBytes-CrossOver-
#56553	REDUCE cov: 2198 ft: 5426 corp: 649/48Kb lim: 246 exec/s: 3141 rss: 204Mb L: 19/246 MS: 3 CopyPart-CrossOver-EraseBytes-
#56565	REDUCE cov: 2198 ft: 5426 corp: 649/48Kb lim: 246 exec/s: 3142 rss: 204Mb L: 132/246 MS: 2 InsertByte-EraseBytes-
#56592	NEW    cov: 2198 ft: 5427 corp: 650/48Kb lim: 246 exec/s: 3144 rss: 204Mb L: 98/246 MS: 2 ShuffleBytes-CopyPart-
#56643	NEW    cov: 2198 ft: 5428 corp: 651/48Kb lim: 246 exec/s: 3146 rss: 204Mb L: 47/246 MS: 1 PersAutoDict- DE: "\015\000\000\000\000\000\000\000"-
#56839	NEW    cov: 2198 ft: 5431 corp: 652/48Kb lim: 246 exec/s: 3157 rss: 206Mb L: 103/246 MS: 1 InsertByte-
#56876	REDUCE cov: 2198 ft: 5431 corp: 652/48Kb lim: 246 exec/s: 3159 rss: 206Mb L: 99/246 MS: 2 CrossOver-EraseBytes-
#56878	NEW    cov: 2199 ft: 5432 corp: 653/48Kb lim: 246 exec/s: 3159 rss: 206Mb L: 40/246 MS: 2 ShuffleBytes-CopyPart-
#56879	REDUCE cov: 2199 ft: 5432 corp: 653/48Kb lim: 246 exec/s: 3159 rss: 206Mb L: 228/246 MS: 1 EraseBytes-
#56910	REDUCE cov: 2199 ft: 5432 corp: 653/48Kb lim: 246 exec/s: 3161 rss: 206Mb L: 163/246 MS: 1 EraseBytes-
#56941	REDUCE cov: 2199 ft: 5432 corp: 653/48Kb lim: 246 exec/s: 3163 rss: 206Mb L: 70/246 MS: 1 EraseBytes-
#57012	REDUCE cov: 2199 ft: 5432 corp: 653/48Kb lim: 246 exec/s: 3167 rss: 207Mb L: 64/246 MS: 1 EraseBytes-
#57095	NEW    cov: 2199 ft: 5433 corp: 654/48Kb lim: 246 exec/s: 3171 rss: 207Mb L: 146/246 MS: 3 PersAutoDict-ChangeBinInt-ChangeBinInt- DE: "\377\377\377\006"-
#57172	REDUCE cov: 2199 ft: 5433 corp: 654/48Kb lim: 246 exec/s: 3176 rss: 207Mb L: 82/246 MS: 2 CrossOver-EraseBytes-
#57273	REDUCE cov: 2199 ft: 5434 corp: 655/49Kb lim: 246 exec/s: 3181 rss: 207Mb L: 196/246 MS: 1 CopyPart-
#57350	REDUCE cov: 2199 ft: 5434 corp: 655/49Kb lim: 246 exec/s: 3186 rss: 207Mb L: 75/246 MS: 2 CrossOver-EraseBytes-
#57446	NEW    cov: 2199 ft: 5437 corp: 656/49Kb lim: 246 exec/s: 3191 rss: 207Mb L: 113/246 MS: 1 CopyPart-
#57473	REDUCE cov: 2199 ft: 5437 corp: 656/49Kb lim: 246 exec/s: 3192 rss: 207Mb L: 9/246 MS: 2 ShuffleBytes-EraseBytes-
#57535	REDUCE cov: 2199 ft: 5437 corp: 656/49Kb lim: 246 exec/s: 3196 rss: 207Mb L: 61/246 MS: 2 InsertRepeatedBytes-EraseBytes-
#57661	REDUCE cov: 2199 ft: 5437 corp: 656/49Kb lim: 246 exec/s: 3203 rss: 207Mb L: 87/246 MS: 1 EraseBytes-
#57823	REDUCE cov: 2199 ft: 5437 corp: 656/49Kb lim: 246 exec/s: 3212 rss: 208Mb L: 210/246 MS: 2 ChangeBinInt-EraseBytes-
#57925	REDUCE cov: 2199 ft: 5437 corp: 656/49Kb lim: 246 exec/s: 3218 rss: 208Mb L: 69/246 MS: 2 InsertByte-EraseBytes-
#57981	REDUCE cov: 2199 ft: 5437 corp: 656/49Kb lim: 246 exec/s: 3221 rss: 208Mb L: 66/246 MS: 1 EraseBytes-
#58282	REDUCE cov: 2207 ft: 5445 corp: 657/49Kb lim: 246 exec/s: 3237 rss: 208Mb L: 149/246 MS: 1 InsertByte-
#58323	REDUCE cov: 2207 ft: 5445 corp: 657/49Kb lim: 246 exec/s: 3240 rss: 208Mb L: 41/246 MS: 1 EraseBytes-
#58429	REDUCE cov: 2207 ft: 5445 corp: 657/49Kb lim: 246 exec/s: 3246 rss: 208Mb L: 40/246 MS: 1 EraseBytes-
#58446	NEW    cov: 2208 ft: 5447 corp: 658/49Kb lim: 246 exec/s: 3247 rss: 208Mb L: 61/246 MS: 2 PersAutoDict-CrossOver- DE: "\001\000\000\000\000\000\000\000"-
#58487	REDUCE cov: 2208 ft: 5447 corp: 658/49Kb lim: 246 exec/s: 3249 rss: 209Mb L: 26/246 MS: 1 EraseBytes-
#58488	REDUCE cov: 2208 ft: 5447 corp: 658/49Kb lim: 246 exec/s: 3249 rss: 209Mb L: 57/246 MS: 1 EraseBytes-
#58670	NEW    cov: 2208 ft: 5448 corp: 659/49Kb lim: 246 exec/s: 3259 rss: 209Mb L: 126/246 MS: 2 CMP-CopyPart- DE: "MANIFEST_INVALID"-
#58702	NEW    cov: 2208 ft: 5451 corp: 660/49Kb lim: 246 exec/s: 3261 rss: 209Mb L: 204/246 MS: 2 PersAutoDict-InsertRepeatedBytes- DE: "schVremaesion"-
#58728	REDUCE cov: 2208 ft: 5451 corp: 660/49Kb lim: 246 exec/s: 3262 rss: 209Mb L: 48/246 MS: 1 EraseBytes-
#58769	REDUCE cov: 2208 ft: 5451 corp: 660/49Kb lim: 246 exec/s: 3264 rss: 209Mb L: 21/246 MS: 1 EraseBytes-
#58782	REDUCE cov: 2208 ft: 5452 corp: 661/49Kb lim: 246 exec/s: 3265 rss: 209Mb L: 171/246 MS: 3 ShuffleBytes-CopyPart-InsertRepeatedBytes-
#58834	REDUCE cov: 2208 ft: 5452 corp: 661/49Kb lim: 246 exec/s: 3268 rss: 209Mb L: 84/246 MS: 2 CrossOver-EraseBytes-
#58912	REDUCE cov: 2208 ft: 5452 corp: 661/49Kb lim: 246 exec/s: 3272 rss: 209Mb L: 19/246 MS: 3 ChangeBinInt-PersAutoDict-EraseBytes- DE: "\000\000\000\001"-
#58934	REDUCE cov: 2208 ft: 5452 corp: 661/49Kb lim: 246 exec/s: 3274 rss: 209Mb L: 109/246 MS: 2 CrossOver-EraseBytes-
#58935	NEW    cov: 2208 ft: 5453 corp: 662/49Kb lim: 246 exec/s: 3274 rss: 209Mb L: 8/246 MS: 1 CopyPart-
#58962	REDUCE cov: 2208 ft: 5453 corp: 662/49Kb lim: 246 exec/s: 3275 rss: 209Mb L: 29/246 MS: 2 ChangeBit-CrossOver-
#58988	REDUCE cov: 2208 ft: 5453 corp: 662/49Kb lim: 246 exec/s: 3277 rss: 209Mb L: 43/246 MS: 1 CrossOver-
#59119	REDUCE cov: 2208 ft: 5453 corp: 662/49Kb lim: 246 exec/s: 3284 rss: 210Mb L: 85/246 MS: 1 EraseBytes-
#59132	NEW    cov: 2208 ft: 5454 corp: 663/49Kb lim: 246 exec/s: 3285 rss: 210Mb L: 70/246 MS: 3 ShuffleBytes-ShuffleBytes-ChangeByte-
#59154	NEW    cov: 2208 ft: 5457 corp: 664/49Kb lim: 246 exec/s: 3286 rss: 210Mb L: 110/246 MS: 2 ChangeBit-PersAutoDict- DE: "\000\000\000\000\000\000\000\000"-
#59210	REDUCE cov: 2208 ft: 5457 corp: 664/49Kb lim: 246 exec/s: 3289 rss: 210Mb L: 34/246 MS: 1 EraseBytes-
#59261	REDUCE cov: 2208 ft: 5457 corp: 664/49Kb lim: 246 exec/s: 3292 rss: 210Mb L: 45/246 MS: 1 EraseBytes-
#59291	NEW    cov: 2208 ft: 5458 corp: 665/49Kb lim: 246 exec/s: 3293 rss: 210Mb L: 196/246 MS: 5 CopyPart-ChangeBit-ChangeBinInt-ShuffleBytes-CopyPart-
#59352	REDUCE cov: 2208 ft: 5458 corp: 665/49Kb lim: 246 exec/s: 3297 rss: 210Mb L: 59/246 MS: 1 EraseBytes-
#59369	REDUCE cov: 2208 ft: 5459 corp: 666/49Kb lim: 246 exec/s: 3298 rss: 210Mb L: 33/246 MS: 2 ChangeByte-ChangeByte-
#59417	NEW    cov: 2208 ft: 5461 corp: 667/49Kb lim: 246 exec/s: 3300 rss: 210Mb L: 42/246 MS: 3 ChangeBinInt-InsertByte-PersAutoDict- DE: "\001\000`^\224F\3574"-
#59439	NEW    cov: 2208 ft: 5462 corp: 668/50Kb lim: 246 exec/s: 3302 rss: 210Mb L: 12/246 MS: 2 InsertRepeatedBytes-CrossOver-
#59671	NEW    cov: 2208 ft: 5465 corp: 669/50Kb lim: 246 exec/s: 3315 rss: 211Mb L: 106/246 MS: 2 PersAutoDict-CMP- DE: "\000\000\000\000\000\000\0001"-"\034\000\000\000\000\000\000\000"-
#59677	REDUCE cov: 2208 ft: 5465 corp: 669/50Kb lim: 246 exec/s: 3315 rss: 211Mb L: 144/246 MS: 1 EraseBytes-
#59693	REDUCE cov: 2210 ft: 5467 corp: 670/50Kb lim: 246 exec/s: 3316 rss: 211Mb L: 101/246 MS: 1 CopyPart-
#59694	REDUCE cov: 2210 ft: 5467 corp: 670/50Kb lim: 246 exec/s: 3316 rss: 211Mb L: 23/246 MS: 1 EraseBytes-
#59775	NEW    cov: 2210 ft: 5470 corp: 671/50Kb lim: 246 exec/s: 3146 rss: 211Mb L: 66/246 MS: 1 InsertByte-
#59792	NEW    cov: 2210 ft: 5473 corp: 672/50Kb lim: 246 exec/s: 3146 rss: 211Mb L: 107/246 MS: 2 ChangeBit-PersAutoDict- DE: "\007\000"-
#59849	REDUCE cov: 2210 ft: 5473 corp: 672/50Kb lim: 246 exec/s: 3149 rss: 211Mb L: 13/246 MS: 2 ShuffleBytes-EraseBytes-
#59864	NEW    cov: 2210 ft: 5475 corp: 673/50Kb lim: 246 exec/s: 3150 rss: 211Mb L: 106/246 MS: 5 CMP-EraseBytes-ChangeByte-ShuffleBytes-CrossOver- DE: "\000\000\000\000"-
#59888	REDUCE cov: 2210 ft: 5476 corp: 674/50Kb lim: 246 exec/s: 3152 rss: 211Mb L: 32/246 MS: 4 ChangeBit-ChangeByte-CopyPart-ChangeBinInt-
#60075	NEW    cov: 2210 ft: 5477 corp: 675/50Kb lim: 246 exec/s: 3161 rss: 211Mb L: 99/246 MS: 2 CMP-CopyPart- DE: "\021\000\000\000\000\000\000\200"-
#60107	REDUCE cov: 2210 ft: 5477 corp: 675/50Kb lim: 246 exec/s: 3163 rss: 211Mb L: 23/246 MS: 2 CrossOver-EraseBytes-
#60160	REDUCE cov: 2210 ft: 5477 corp: 675/50Kb lim: 246 exec/s: 3166 rss: 211Mb L: 53/246 MS: 3 ChangeASCIIInt-ChangeBit-EraseBytes-
#60392	REDUCE cov: 2210 ft: 5477 corp: 675/50Kb lim: 246 exec/s: 3178 rss: 213Mb L: 59/246 MS: 2 ChangeBinInt-EraseBytes-
#60479	REDUCE cov: 2210 ft: 5477 corp: 675/50Kb lim: 246 exec/s: 3183 rss: 214Mb L: 9/246 MS: 2 ChangeByte-EraseBytes-
#60506	REDUCE cov: 2210 ft: 5477 corp: 675/50Kb lim: 246 exec/s: 3184 rss: 214Mb L: 136/246 MS: 2 ChangeByte-EraseBytes-
#60547	REDUCE cov: 2210 ft: 5477 corp: 675/50Kb lim: 246 exec/s: 3186 rss: 214Mb L: 81/246 MS: 1 EraseBytes-
#60571	REDUCE cov: 2210 ft: 5477 corp: 675/50Kb lim: 246 exec/s: 3187 rss: 214Mb L: 59/246 MS: 4 ChangeASCIIInt-ChangeByte-ChangeASCIIInt-EraseBytes-
	NEW_FUNC[1/2]: 0x000104314d50 in _RNvXs_NtCsgkcQzOkLUyr_10serde_core2deNtNvXsY_NtB4_5implshNtB4_11Deserialize11deserialize16PrimitiveVisitorNtB4_8Expected3fmtCs7uDUvble1e5_18registry_responses mod.rs:494
	NEW_FUNC[2/2]: 0x0001074ea458 in _RNvXNvXsY_NtNtCsgkcQzOkLUyr_10serde_core2de5implshNtBa_11Deserialize11deserializeNtB2_16PrimitiveVisitorNtBa_7Visitor9expecting+0x0 (registry_responses:arm64+0x1032d2458)
#60656	NEW    cov: 2215 ft: 5484 corp: 676/50Kb lim: 246 exec/s: 3192 rss: 214Mb L: 150/246 MS: 5 CopyPart-ChangeBinInt-ChangeBit-ChangeASCIIInt-CrossOver-
#60671	REDUCE cov: 2215 ft: 5484 corp: 676/50Kb lim: 246 exec/s: 3193 rss: 214Mb L: 134/246 MS: 5 ChangeBit-CMP-CrossOver-ChangeByte-EraseBytes- DE: "\377\377\377\377"-
#60677	REDUCE cov: 2215 ft: 5484 corp: 676/50Kb lim: 246 exec/s: 3193 rss: 214Mb L: 157/246 MS: 1 EraseBytes-
#60768	REDUCE cov: 2215 ft: 5484 corp: 676/50Kb lim: 246 exec/s: 3198 rss: 214Mb L: 62/246 MS: 1 EraseBytes-
#60791	REDUCE cov: 2215 ft: 5486 corp: 677/50Kb lim: 246 exec/s: 3199 rss: 214Mb L: 68/246 MS: 3 PersAutoDict-ShuffleBytes-PersAutoDict- DE: "NAME_UNKNOWN"-"ersors"-
#60827	REDUCE cov: 2215 ft: 5486 corp: 677/50Kb lim: 246 exec/s: 3201 rss: 214Mb L: 180/246 MS: 1 EraseBytes-
#60875	REDUCE cov: 2215 ft: 5486 corp: 677/50Kb lim: 246 exec/s: 3203 rss: 214Mb L: 28/246 MS: 3 ShuffleBytes-InsertByte-EraseBytes-
#61026	NEW    cov: 2215 ft: 5487 corp: 678/50Kb lim: 246 exec/s: 3211 rss: 214Mb L: 98/246 MS: 1 PersAutoDict- DE: "dige"-
#61039	REDUCE cov: 2215 ft: 5487 corp: 678/50Kb lim: 246 exec/s: 3212 rss: 214Mb L: 46/246 MS: 3 PersAutoDict-CMP-EraseBytes- DE: "SIZE_INVALID"-"\000\000\000\000"-
#61058	NEW    cov: 2215 ft: 5488 corp: 679/50Kb lim: 246 exec/s: 3213 rss: 215Mb L: 220/246 MS: 4 CopyPart-CopyPart-InsertRepeatedBytes-ChangeByte-
#61060	NEW    cov: 2215 ft: 5489 corp: 680/50Kb lim: 246 exec/s: 3213 rss: 215Mb L: 39/246 MS: 2 InsertByte-EraseBytes-
#61131	NEW    cov: 2215 ft: 5491 corp: 681/50Kb lim: 246 exec/s: 3217 rss: 215Mb L: 66/246 MS: 1 CMP- DE: "\377\377\377\377\377\377\377\377"-
#61138	REDUCE cov: 2215 ft: 5492 corp: 682/50Kb lim: 246 exec/s: 3217 rss: 215Mb L: 49/246 MS: 2 ChangeByte-EraseBytes-
#61460	REDUCE cov: 2215 ft: 5492 corp: 682/50Kb lim: 246 exec/s: 3234 rss: 215Mb L: 69/246 MS: 2 InsertByte-EraseBytes-
#61556	REDUCE cov: 2215 ft: 5492 corp: 682/50Kb lim: 246 exec/s: 3239 rss: 215Mb L: 12/246 MS: 1 EraseBytes-
#61657	REDUCE cov: 2215 ft: 5492 corp: 682/50Kb lim: 246 exec/s: 3245 rss: 216Mb L: 150/246 MS: 1 EraseBytes-
#61676	REDUCE cov: 2215 ft: 5492 corp: 682/50Kb lim: 246 exec/s: 3246 rss: 216Mb L: 127/246 MS: 4 ChangeByte-ShuffleBytes-PersAutoDict-EraseBytes- DE: " a"-
#61682	REDUCE cov: 2215 ft: 5492 corp: 682/50Kb lim: 246 exec/s: 3246 rss: 216Mb L: 144/246 MS: 1 EraseBytes-
#61723	REDUCE cov: 2215 ft: 5492 corp: 682/50Kb lim: 246 exec/s: 3248 rss: 216Mb L: 15/246 MS: 1 EraseBytes-
#61789	REDUCE cov: 2215 ft: 5492 corp: 682/50Kb lim: 246 exec/s: 3252 rss: 216Mb L: 48/246 MS: 1 EraseBytes-
#61866	REDUCE cov: 2215 ft: 5492 corp: 682/50Kb lim: 246 exec/s: 3256 rss: 216Mb L: 88/246 MS: 2 CopyPart-CrossOver-
#62077	REDUCE cov: 2217 ft: 5494 corp: 683/50Kb lim: 246 exec/s: 3267 rss: 216Mb L: 90/246 MS: 1 CrossOver-
#62150	REDUCE cov: 2217 ft: 5494 corp: 683/50Kb lim: 246 exec/s: 3271 rss: 216Mb L: 11/246 MS: 3 ChangeBit-ShuffleBytes-EraseBytes-
#62191	NEW    cov: 2217 ft: 5495 corp: 684/50Kb lim: 246 exec/s: 3273 rss: 216Mb L: 6/246 MS: 1 CopyPart-
#62204	REDUCE cov: 2217 ft: 5495 corp: 684/50Kb lim: 246 exec/s: 3273 rss: 216Mb L: 68/246 MS: 3 ChangeBit-ShuffleBytes-EraseBytes-
#62215	REDUCE cov: 2217 ft: 5495 corp: 684/50Kb lim: 246 exec/s: 3274 rss: 216Mb L: 81/246 MS: 1 EraseBytes-
#62232	REDUCE cov: 2217 ft: 5495 corp: 684/50Kb lim: 246 exec/s: 3275 rss: 216Mb L: 58/246 MS: 2 ShuffleBytes-EraseBytes-
#62262	REDUCE cov: 2217 ft: 5495 corp: 684/50Kb lim: 246 exec/s: 3276 rss: 216Mb L: 10/246 MS: 5 PersAutoDict-ChangeByte-ShuffleBytes-EraseBytes-ChangeBinInt- DE: "\000\000\000\271"-
#62309	REDUCE cov: 2217 ft: 5495 corp: 684/50Kb lim: 246 exec/s: 3279 rss: 216Mb L: 79/246 MS: 2 CopyPart-EraseBytes-
#62395	REDUCE cov: 2217 ft: 5495 corp: 684/50Kb lim: 246 exec/s: 3283 rss: 217Mb L: 31/246 MS: 1 EraseBytes-
#62409	NEW    cov: 2217 ft: 5496 corp: 685/50Kb lim: 246 exec/s: 3284 rss: 217Mb L: 228/246 MS: 4 ChangeBit-PersAutoDict-InsertRepeatedBytes-PersAutoDict- DE: "deuail"-"e "-
#62415	REDUCE cov: 2219 ft: 5509 corp: 686/51Kb lim: 246 exec/s: 3285 rss: 217Mb L: 89/246 MS: 1 CrossOver-
#62552	REDUCE cov: 2219 ft: 5510 corp: 687/51Kb lim: 246 exec/s: 3292 rss: 217Mb L: 79/246 MS: 2 ChangeBinInt-ChangeByte-
#62628	REDUCE cov: 2219 ft: 5510 corp: 687/51Kb lim: 246 exec/s: 3296 rss: 217Mb L: 150/246 MS: 1 EraseBytes-
#62695	REDUCE cov: 2219 ft: 5510 corp: 687/51Kb lim: 246 exec/s: 3299 rss: 217Mb L: 27/246 MS: 2 CopyPart-EraseBytes-
#62700	REDUCE cov: 2219 ft: 5510 corp: 687/51Kb lim: 246 exec/s: 3300 rss: 217Mb L: 40/246 MS: 5 ChangeBit-PersAutoDict-ChangeASCIIInt-ChangeASCIIInt-EraseBytes- DE: "\021\000\000\000\000\000\000\200"-
#62785	REDUCE cov: 2219 ft: 5512 corp: 688/51Kb lim: 246 exec/s: 3304 rss: 217Mb L: 236/246 MS: 5 ChangeBit-CrossOver-CopyPart-InsertRepeatedBytes-PersAutoDict- DE: "subject"-
#62816	REDUCE cov: 2219 ft: 5512 corp: 688/51Kb lim: 246 exec/s: 3306 rss: 217Mb L: 103/246 MS: 1 CrossOver-
#62863	REDUCE cov: 2219 ft: 5512 corp: 688/51Kb lim: 246 exec/s: 3308 rss: 217Mb L: 61/246 MS: 2 ChangeASCIIInt-EraseBytes-
#62924	REDUCE cov: 2219 ft: 5512 corp: 688/51Kb lim: 246 exec/s: 3311 rss: 217Mb L: 14/246 MS: 1 EraseBytes-
#62968	REDUCE cov: 2219 ft: 5512 corp: 688/51Kb lim: 246 exec/s: 3314 rss: 217Mb L: 4/246 MS: 4 ChangeBit-ChangeBit-InsertByte-EraseBytes-
#63006	REDUCE cov: 2219 ft: 5512 corp: 688/51Kb lim: 246 exec/s: 3316 rss: 218Mb L: 18/246 MS: 3 ChangeBinInt-CopyPart-EraseBytes-
#63028	REDUCE cov: 2219 ft: 5512 corp: 688/51Kb lim: 246 exec/s: 3317 rss: 218Mb L: 45/246 MS: 2 ChangeByte-EraseBytes-
#63044	REDUCE cov: 2219 ft: 5513 corp: 689/51Kb lim: 246 exec/s: 3318 rss: 218Mb L: 62/246 MS: 1 EraseBytes-
#63055	REDUCE cov: 2219 ft: 5514 corp: 690/51Kb lim: 246 exec/s: 3318 rss: 218Mb L: 157/246 MS: 1 InsertRepeatedBytes-
#63086	REDUCE cov: 2219 ft: 5514 corp: 690/51Kb lim: 246 exec/s: 3320 rss: 218Mb L: 109/246 MS: 1 EraseBytes-
#63138	REDUCE cov: 2219 ft: 5514 corp: 690/51Kb lim: 246 exec/s: 3323 rss: 218Mb L: 61/246 MS: 2 InsertByte-EraseBytes-
#63222	REDUCE cov: 2219 ft: 5514 corp: 690/51Kb lim: 246 exec/s: 3161 rss: 218Mb L: 36/246 MS: 4 InsertByte-InsertByte-ChangeBinInt-EraseBytes-
#63273	REDUCE cov: 2219 ft: 5514 corp: 690/51Kb lim: 246 exec/s: 3163 rss: 218Mb L: 43/246 MS: 1 CrossOver-
#63334	REDUCE cov: 2219 ft: 5514 corp: 690/51Kb lim: 246 exec/s: 3166 rss: 218Mb L: 64/246 MS: 1 EraseBytes-
#63385	NEW    cov: 2219 ft: 5515 corp: 691/51Kb lim: 246 exec/s: 3169 rss: 218Mb L: 138/246 MS: 1 CrossOver-
#63401	REDUCE cov: 2219 ft: 5515 corp: 691/51Kb lim: 246 exec/s: 3170 rss: 218Mb L: 7/246 MS: 1 EraseBytes-
#63422	REDUCE cov: 2219 ft: 5515 corp: 691/51Kb lim: 246 exec/s: 3171 rss: 218Mb L: 184/246 MS: 1 CrossOver-
#63469	REDUCE cov: 2219 ft: 5515 corp: 691/51Kb lim: 246 exec/s: 3173 rss: 218Mb L: 44/246 MS: 2 ChangeByte-EraseBytes-
#63503	REDUCE cov: 2219 ft: 5515 corp: 691/51Kb lim: 246 exec/s: 3175 rss: 218Mb L: 56/246 MS: 4 ChangeBit-InsertByte-ShuffleBytes-EraseBytes-
#63661	NEW    cov: 2219 ft: 5516 corp: 692/51Kb lim: 246 exec/s: 3183 rss: 220Mb L: 50/246 MS: 3 ChangeBit-ChangeBit-InsertByte-
#63727	NEW    cov: 2219 ft: 5518 corp: 693/51Kb lim: 246 exec/s: 3186 rss: 221Mb L: 126/246 MS: 1 ChangeByte-
#63869	REDUCE cov: 2219 ft: 5518 corp: 693/51Kb lim: 246 exec/s: 3193 rss: 221Mb L: 231/246 MS: 2 ChangeBinInt-CrossOver-
#63955	REDUCE cov: 2219 ft: 5518 corp: 693/51Kb lim: 246 exec/s: 3197 rss: 221Mb L: 174/246 MS: 1 EraseBytes-
#64066	REDUCE cov: 2220 ft: 5519 corp: 694/51Kb lim: 246 exec/s: 3203 rss: 221Mb L: 192/246 MS: 1 CrossOver-
#64097	NEW    cov: 2220 ft: 5520 corp: 695/51Kb lim: 246 exec/s: 3204 rss: 221Mb L: 105/246 MS: 1 CopyPart-
#64143	REDUCE cov: 2220 ft: 5520 corp: 695/51Kb lim: 246 exec/s: 3207 rss: 221Mb L: 76/246 MS: 1 EraseBytes-
#64219	REDUCE cov: 2220 ft: 5520 corp: 695/51Kb lim: 246 exec/s: 3210 rss: 221Mb L: 71/246 MS: 1 EraseBytes-
#64245	NEW    cov: 2220 ft: 5522 corp: 696/51Kb lim: 246 exec/s: 3212 rss: 221Mb L: 10/246 MS: 1 CopyPart-
#64266	REDUCE cov: 2220 ft: 5522 corp: 696/51Kb lim: 246 exec/s: 3213 rss: 221Mb L: 40/246 MS: 1 EraseBytes-
#64412	REDUCE cov: 2220 ft: 5522 corp: 696/51Kb lim: 246 exec/s: 3220 rss: 222Mb L: 79/246 MS: 1 EraseBytes-
#64463	REDUCE cov: 2220 ft: 5522 corp: 696/51Kb lim: 246 exec/s: 3223 rss: 222Mb L: 92/246 MS: 1 EraseBytes-
#64486	REDUCE cov: 2220 ft: 5522 corp: 696/51Kb lim: 246 exec/s: 3224 rss: 222Mb L: 71/246 MS: 3 ShuffleBytes-ChangeBit-EraseBytes-
#64494	REDUCE cov: 2220 ft: 5522 corp: 696/51Kb lim: 246 exec/s: 3224 rss: 222Mb L: 65/246 MS: 3 ChangeByte-InsertRepeatedBytes-EraseBytes-
#64503	REDUCE cov: 2220 ft: 5522 corp: 696/51Kb lim: 246 exec/s: 3225 rss: 222Mb L: 97/246 MS: 4 ShuffleBytes-ChangeBit-CopyPart-EraseBytes-
#64524	REDUCE cov: 2220 ft: 5522 corp: 696/51Kb lim: 246 exec/s: 3226 rss: 222Mb L: 89/246 MS: 1 EraseBytes-
#64555	REDUCE cov: 2220 ft: 5522 corp: 696/51Kb lim: 246 exec/s: 3227 rss: 222Mb L: 3/246 MS: 1 EraseBytes-
#64617	REDUCE cov: 2220 ft: 5522 corp: 696/51Kb lim: 246 exec/s: 3230 rss: 222Mb L: 77/246 MS: 2 ChangeBit-EraseBytes-
#64658	REDUCE cov: 2220 ft: 5522 corp: 696/51Kb lim: 246 exec/s: 3232 rss: 222Mb L: 54/246 MS: 1 EraseBytes-
#64714	REDUCE cov: 2220 ft: 5522 corp: 696/51Kb lim: 246 exec/s: 3235 rss: 222Mb L: 61/246 MS: 1 EraseBytes-
#64717	REDUCE cov: 2220 ft: 5522 corp: 696/51Kb lim: 246 exec/s: 3235 rss: 222Mb L: 110/246 MS: 3 PersAutoDict-ChangeASCIIInt-EraseBytes- DE: "DIGEST_INVALID"-
#64875	REDUCE cov: 2220 ft: 5522 corp: 696/51Kb lim: 246 exec/s: 3243 rss: 223Mb L: 31/246 MS: 3 CrossOver-ShuffleBytes-EraseBytes-
#64891	REDUCE cov: 2220 ft: 5522 corp: 696/51Kb lim: 246 exec/s: 3244 rss: 223Mb L: 85/246 MS: 1 EraseBytes-
#64977	REDUCE cov: 2220 ft: 5522 corp: 696/51Kb lim: 246 exec/s: 3248 rss: 223Mb L: 35/246 MS: 1 EraseBytes-
#65010	REDUCE cov: 2220 ft: 5522 corp: 696/51Kb lim: 246 exec/s: 3250 rss: 223Mb L: 182/246 MS: 3 ChangeASCIIInt-ChangeBinInt-EraseBytes-
#65086	REDUCE cov: 2221 ft: 5523 corp: 697/51Kb lim: 246 exec/s: 3254 rss: 223Mb L: 143/246 MS: 1 ChangeBinInt-
#65108	REDUCE cov: 2221 ft: 5523 corp: 697/51Kb lim: 246 exec/s: 3255 rss: 223Mb L: 43/246 MS: 2 ShuffleBytes-EraseBytes-
#65130	NEW    cov: 2221 ft: 5526 corp: 698/51Kb lim: 246 exec/s: 3256 rss: 223Mb L: 98/246 MS: 2 CrossOver-ChangeBit-
#65141	REDUCE cov: 2221 ft: 5526 corp: 698/51Kb lim: 246 exec/s: 3257 rss: 223Mb L: 77/246 MS: 1 EraseBytes-
#65173	REDUCE cov: 2221 ft: 5526 corp: 698/51Kb lim: 246 exec/s: 3258 rss: 223Mb L: 155/246 MS: 2 ChangeByte-EraseBytes-
#65199	REDUCE cov: 2221 ft: 5526 corp: 698/51Kb lim: 246 exec/s: 3259 rss: 223Mb L: 31/246 MS: 1 EraseBytes-
#65462	REDUCE cov: 2221 ft: 5526 corp: 698/51Kb lim: 246 exec/s: 3273 rss: 223Mb L: 101/246 MS: 3 ChangeASCIIInt-PersAutoDict-CrossOver- DE: "\000\000`\336\224A\344m"-
#65488	REDUCE cov: 2221 ft: 5526 corp: 698/51Kb lim: 246 exec/s: 3274 rss: 224Mb L: 22/246 MS: 1 EraseBytes-
#65510	REDUCE cov: 2221 ft: 5526 corp: 698/51Kb lim: 246 exec/s: 3275 rss: 224Mb L: 34/246 MS: 2 CrossOver-EraseBytes-
#65526	REDUCE cov: 2221 ft: 5526 corp: 698/51Kb lim: 246 exec/s: 3276 rss: 224Mb L: 29/246 MS: 1 EraseBytes-
#65536	pulse  cov: 2221 ft: 5526 corp: 698/51Kb lim: 246 exec/s: 3276 rss: 224Mb
#65575	NEW    cov: 2222 ft: 5527 corp: 699/51Kb lim: 246 exec/s: 3278 rss: 224Mb L: 88/246 MS: 4 CMP-ShuffleBytes-InsertByte-CrossOver- DE: "\200\377\377\377\377\377\377\377"-
#65586	REDUCE cov: 2222 ft: 5527 corp: 699/51Kb lim: 246 exec/s: 3279 rss: 224Mb L: 23/246 MS: 1 EraseBytes-
#65677	REDUCE cov: 2222 ft: 5527 corp: 699/51Kb lim: 246 exec/s: 3283 rss: 224Mb L: 58/246 MS: 1 EraseBytes-
#65683	NEW    cov: 2222 ft: 5540 corp: 700/51Kb lim: 246 exec/s: 3284 rss: 224Mb L: 196/246 MS: 1 CrossOver-
#65699	NEW    cov: 2222 ft: 5541 corp: 701/51Kb lim: 246 exec/s: 3284 rss: 224Mb L: 110/246 MS: 1 ChangeByte-
#65700	REDUCE cov: 2222 ft: 5541 corp: 701/51Kb lim: 246 exec/s: 3285 rss: 224Mb L: 11/246 MS: 1 EraseBytes-
#65702	REDUCE cov: 2222 ft: 5541 corp: 701/51Kb lim: 246 exec/s: 3285 rss: 224Mb L: 88/246 MS: 2 ChangeASCIIInt-EraseBytes-
#65740	REDUCE cov: 2222 ft: 5541 corp: 701/51Kb lim: 246 exec/s: 3287 rss: 224Mb L: 127/246 MS: 3 CrossOver-EraseBytes-CMP- DE: "d\000\000\000\000\000\000\000"-
#65822	REDUCE cov: 2222 ft: 5541 corp: 701/51Kb lim: 246 exec/s: 3291 rss: 224Mb L: 47/246 MS: 2 ChangeBit-EraseBytes-
#65839	REDUCE cov: 2222 ft: 5541 corp: 701/51Kb lim: 246 exec/s: 3291 rss: 224Mb L: 36/246 MS: 2 ShuffleBytes-EraseBytes-
#65871	REDUCE cov: 2222 ft: 5541 corp: 701/51Kb lim: 246 exec/s: 3293 rss: 224Mb L: 76/246 MS: 2 PersAutoDict-EraseBytes- DE: "JANIFES%_INVALID"-
#65897	NEW    cov: 2222 ft: 5543 corp: 702/52Kb lim: 246 exec/s: 3294 rss: 224Mb L: 89/246 MS: 1 ShuffleBytes-
#65928	REDUCE cov: 2222 ft: 5543 corp: 702/52Kb lim: 246 exec/s: 3296 rss: 224Mb L: 104/246 MS: 1 EraseBytes-
#66141	REDUCE cov: 2222 ft: 5544 corp: 703/52Kb lim: 246 exec/s: 3307 rss: 225Mb L: 225/246 MS: 3 ChangeByte-InsertByte-CrossOver-
#66170	REDUCE cov: 2222 ft: 5544 corp: 703/52Kb lim: 246 exec/s: 3308 rss: 225Mb L: 53/246 MS: 4 ChangeBit-InsertRepeatedBytes-InsertRepeatedBytes-CrossOver-
#66206	REDUCE cov: 2222 ft: 5544 corp: 703/52Kb lim: 246 exec/s: 3310 rss: 225Mb L: 73/246 MS: 1 EraseBytes-
#66312	REDUCE cov: 2222 ft: 5544 corp: 703/52Kb lim: 246 exec/s: 3315 rss: 225Mb L: 38/246 MS: 1 EraseBytes-
#66329	REDUCE cov: 2222 ft: 5544 corp: 703/52Kb lim: 246 exec/s: 3316 rss: 225Mb L: 210/246 MS: 2 ChangeASCIIInt-EraseBytes-
#66355	REDUCE cov: 2222 ft: 5544 corp: 703/52Kb lim: 246 exec/s: 3317 rss: 225Mb L: 193/246 MS: 1 EraseBytes-
#66392	REDUCE cov: 2222 ft: 5545 corp: 704/52Kb lim: 246 exec/s: 3319 rss: 225Mb L: 39/246 MS: 2 CopyPart-InsertByte-
#66501	REDUCE cov: 2222 ft: 5545 corp: 704/52Kb lim: 246 exec/s: 3325 rss: 225Mb L: 42/246 MS: 4 CopyPart-PersAutoDict-PersAutoDict-EraseBytes- DE: "(\000\000\000\000\000\000\000"-"layers"-
#66579	REDUCE cov: 2222 ft: 5545 corp: 704/52Kb lim: 246 exec/s: 3328 rss: 225Mb L: 81/246 MS: 3 InsertByte-ChangeBit-EraseBytes-
#66585	NEW    cov: 2224 ft: 5547 corp: 705/52Kb lim: 246 exec/s: 3329 rss: 225Mb L: 5/246 MS: 1 CopyPart-
#66593	REDUCE cov: 2224 ft: 5547 corp: 705/52Kb lim: 246 exec/s: 3329 rss: 225Mb L: 18/246 MS: 3 CopyPart-InsertByte-EraseBytes-
#66654	REDUCE cov: 2224 ft: 5547 corp: 705/52Kb lim: 246 exec/s: 3174 rss: 225Mb L: 6/246 MS: 1 EraseBytes-
#66665	REDUCE cov: 2224 ft: 5547 corp: 705/52Kb lim: 246 exec/s: 3174 rss: 225Mb L: 2/246 MS: 1 EraseBytes-
#66716	NEW    cov: 2224 ft: 5550 corp: 706/52Kb lim: 246 exec/s: 3176 rss: 226Mb L: 87/246 MS: 1 EraseBytes-
#66738	REDUCE cov: 2224 ft: 5550 corp: 706/52Kb lim: 246 exec/s: 3178 rss: 226Mb L: 111/246 MS: 2 ChangeBit-EraseBytes-
#66774	NEW    cov: 2224 ft: 5551 corp: 707/52Kb lim: 246 exec/s: 3179 rss: 226Mb L: 26/246 MS: 1 EraseBytes-
#66797	REDUCE cov: 2224 ft: 5551 corp: 707/52Kb lim: 246 exec/s: 3180 rss: 226Mb L: 63/246 MS: 3 EraseBytes-CMP-InsertByte- DE: "\356\377\377\377"-
#66828	REDUCE cov: 2224 ft: 5551 corp: 707/52Kb lim: 246 exec/s: 3182 rss: 226Mb L: 4/246 MS: 1 EraseBytes-
#66907	REDUCE cov: 2224 ft: 5551 corp: 707/52Kb lim: 246 exec/s: 3186 rss: 226Mb L: 127/246 MS: 4 CopyPart-ShuffleBytes-PersAutoDict-EraseBytes- DE: "\376\377\377\371"-
#66924	REDUCE cov: 2224 ft: 5551 corp: 707/52Kb lim: 246 exec/s: 3186 rss: 226Mb L: 80/246 MS: 2 CopyPart-EraseBytes-
#66972	REDUCE cov: 2224 ft: 5551 corp: 707/52Kb lim: 246 exec/s: 3189 rss: 226Mb L: 83/246 MS: 3 ChangeByte-ShuffleBytes-EraseBytes-
#67018	NEW    cov: 2224 ft: 5552 corp: 708/52Kb lim: 246 exec/s: 3191 rss: 226Mb L: 171/246 MS: 1 ChangeBinInt-
#67026	REDUCE cov: 2224 ft: 5552 corp: 708/52Kb lim: 246 exec/s: 3191 rss: 226Mb L: 113/246 MS: 3 InsertByte-ShuffleBytes-EraseBytes-
#67028	NEW    cov: 2224 ft: 5554 corp: 709/52Kb lim: 246 exec/s: 3191 rss: 226Mb L: 163/246 MS: 2 ChangeBinInt-InsertRepeatedBytes-
#67036	REDUCE cov: 2224 ft: 5554 corp: 709/52Kb lim: 246 exec/s: 3192 rss: 226Mb L: 4/246 MS: 3 ChangeBit-ChangeBit-EraseBytes-
#67051	REDUCE cov: 2224 ft: 5555 corp: 710/52Kb lim: 246 exec/s: 3192 rss: 226Mb L: 79/246 MS: 5 CrossOver-InsertByte-InsertByte-ChangeBinInt-CopyPart-
#67092	REDUCE cov: 2224 ft: 5555 corp: 710/52Kb lim: 246 exec/s: 3194 rss: 228Mb L: 54/246 MS: 1 EraseBytes-
#67095	REDUCE cov: 2224 ft: 5558 corp: 711/52Kb lim: 246 exec/s: 3195 rss: 228Mb L: 13/246 MS: 3 CopyPart-ChangeBit-CrossOver-
#67116	REDUCE cov: 2226 ft: 5563 corp: 712/52Kb lim: 246 exec/s: 3196 rss: 228Mb L: 34/246 MS: 1 ShuffleBytes-
#67121	REDUCE cov: 2226 ft: 5563 corp: 712/52Kb lim: 246 exec/s: 3196 rss: 228Mb L: 11/246 MS: 5 ShuffleBytes-InsertByte-ShuffleBytes-ChangeBit-EraseBytes-
#67152	REDUCE cov: 2226 ft: 5563 corp: 712/52Kb lim: 246 exec/s: 3197 rss: 228Mb L: 21/246 MS: 1 EraseBytes-
#67154	REDUCE cov: 2226 ft: 5563 corp: 712/52Kb lim: 246 exec/s: 3197 rss: 228Mb L: 120/246 MS: 2 PersAutoDict-EraseBytes- DE: "MANIFEST_UNKNOWN"-
#67180	NEW    cov: 2226 ft: 5597 corp: 713/52Kb lim: 246 exec/s: 3199 rss: 228Mb L: 152/246 MS: 1 CopyPart-
#67217	NEW    cov: 2226 ft: 5598 corp: 714/52Kb lim: 246 exec/s: 3200 rss: 229Mb L: 4/246 MS: 2 ShuffleBytes-CrossOver-
#67226	REDUCE cov: 2226 ft: 5598 corp: 714/52Kb lim: 246 exec/s: 3201 rss: 229Mb L: 21/246 MS: 4 InsertByte-CrossOver-EraseBytes-EraseBytes-
#67388	REDUCE cov: 2226 ft: 5598 corp: 714/52Kb lim: 246 exec/s: 3208 rss: 229Mb L: 34/246 MS: 2 ShuffleBytes-EraseBytes-
#67414	REDUCE cov: 2226 ft: 5598 corp: 714/52Kb lim: 246 exec/s: 3210 rss: 229Mb L: 4/246 MS: 1 EraseBytes-
#67456	REDUCE cov: 2226 ft: 5598 corp: 714/52Kb lim: 246 exec/s: 3212 rss: 229Mb L: 41/246 MS: 2 ChangeBit-EraseBytes-
#67502	REDUCE cov: 2226 ft: 5598 corp: 714/52Kb lim: 246 exec/s: 3214 rss: 229Mb L: 139/246 MS: 1 EraseBytes-
#67528	REDUCE cov: 2226 ft: 5598 corp: 714/52Kb lim: 246 exec/s: 3215 rss: 229Mb L: 25/246 MS: 1 EraseBytes-
#67546	REDUCE cov: 2226 ft: 5598 corp: 714/52Kb lim: 246 exec/s: 3216 rss: 229Mb L: 11/246 MS: 3 ShuffleBytes-CMP-EraseBytes- DE: "\010\000"-
#67564	NEW    cov: 2227 ft: 5599 corp: 715/52Kb lim: 246 exec/s: 3217 rss: 229Mb L: 79/246 MS: 3 ChangeASCIIInt-CopyPart-CMP- DE: "errors"-
#67571	REDUCE cov: 2227 ft: 5599 corp: 715/52Kb lim: 246 exec/s: 3217 rss: 229Mb L: 83/246 MS: 2 CMP-EraseBytes- DE: "\000\000\000!"-
#67590	REDUCE cov: 2227 ft: 5600 corp: 716/52Kb lim: 246 exec/s: 3218 rss: 229Mb L: 106/246 MS: 4 CrossOver-ChangeBinInt-InsertRepeatedBytes-CopyPart-
#67602	REDUCE cov: 2227 ft: 5600 corp: 716/52Kb lim: 246 exec/s: 3219 rss: 229Mb L: 142/246 MS: 2 ChangeBinInt-CrossOver-
#67658	REDUCE cov: 2227 ft: 5600 corp: 716/52Kb lim: 246 exec/s: 3221 rss: 229Mb L: 40/246 MS: 1 EraseBytes-
#67691	NEW    cov: 2229 ft: 5604 corp: 717/52Kb lim: 246 exec/s: 3223 rss: 230Mb L: 172/246 MS: 3 EraseBytes-ChangeBit-CrossOver-
#67718	NEW    cov: 2229 ft: 5605 corp: 718/52Kb lim: 246 exec/s: 3224 rss: 230Mb L: 13/246 MS: 2 ChangeByte-ShuffleBytes-
#67767	NEW    cov: 2229 ft: 5606 corp: 719/52Kb lim: 246 exec/s: 3227 rss: 230Mb L: 27/246 MS: 4 EraseBytes-ChangeBit-ShuffleBytes-EraseBytes-
#67819	NEW    cov: 2229 ft: 5607 corp: 720/52Kb lim: 246 exec/s: 3229 rss: 230Mb L: 129/246 MS: 2 ChangeByte-ChangeByte-
#67849	REDUCE cov: 2229 ft: 5607 corp: 720/52Kb lim: 246 exec/s: 3230 rss: 230Mb L: 37/246 MS: 5 InsertRepeatedBytes-ChangeASCIIInt-ChangeBinInt-InsertRepeatedBytes-EraseBytes-
#67853	REDUCE cov: 2229 ft: 5607 corp: 720/52Kb lim: 246 exec/s: 3231 rss: 230Mb L: 28/246 MS: 4 InsertByte-InsertByte-CrossOver-EraseBytes-
#67859	REDUCE cov: 2229 ft: 5607 corp: 720/52Kb lim: 246 exec/s: 3231 rss: 230Mb L: 67/246 MS: 1 EraseBytes-
#67938	REDUCE cov: 2229 ft: 5607 corp: 720/52Kb lim: 246 exec/s: 3235 rss: 230Mb L: 130/246 MS: 4 ChangeBinInt-ChangeByte-CrossOver-EraseBytes-
#67981	REDUCE cov: 2229 ft: 5607 corp: 720/52Kb lim: 246 exec/s: 3237 rss: 230Mb L: 79/246 MS: 3 ChangeBinInt-ChangeBinInt-EraseBytes-
#67988	REDUCE cov: 2229 ft: 5607 corp: 720/52Kb lim: 246 exec/s: 3237 rss: 230Mb L: 136/246 MS: 2 ChangeBit-EraseBytes-
#68080	REDUCE cov: 2229 ft: 5607 corp: 720/52Kb lim: 246 exec/s: 3241 rss: 230Mb L: 152/246 MS: 2 ChangeBinInt-EraseBytes-
#68082	REDUCE cov: 2229 ft: 5607 corp: 720/52Kb lim: 246 exec/s: 3242 rss: 230Mb L: 27/246 MS: 2 InsertByte-EraseBytes-
#68118	NEW    cov: 2229 ft: 5608 corp: 721/52Kb lim: 246 exec/s: 3243 rss: 230Mb L: 136/246 MS: 1 InsertRepeatedBytes-
#68119	NEW    cov: 2229 ft: 5609 corp: 722/52Kb lim: 246 exec/s: 3243 rss: 230Mb L: 166/246 MS: 1 CrossOver-
#68156	REDUCE cov: 2229 ft: 5609 corp: 722/52Kb lim: 246 exec/s: 3245 rss: 231Mb L: 35/246 MS: 2 CopyPart-EraseBytes-
#68175	REDUCE cov: 2229 ft: 5609 corp: 722/52Kb lim: 246 exec/s: 3246 rss: 231Mb L: 8/246 MS: 4 InsertByte-CopyPart-CrossOver-EraseBytes-
#68216	REDUCE cov: 2229 ft: 5609 corp: 722/52Kb lim: 246 exec/s: 3248 rss: 231Mb L: 235/246 MS: 1 EraseBytes-
#68237	REDUCE cov: 2229 ft: 5609 corp: 722/52Kb lim: 246 exec/s: 3249 rss: 231Mb L: 22/246 MS: 1 EraseBytes-
#68292	REDUCE cov: 2229 ft: 5609 corp: 722/52Kb lim: 246 exec/s: 3252 rss: 231Mb L: 146/246 MS: 5 ChangeBinInt-CopyPart-InsertByte-ChangeBit-EraseBytes-
#68477	REDUCE cov: 2229 ft: 5609 corp: 722/52Kb lim: 246 exec/s: 3260 rss: 231Mb L: 106/246 MS: 5 ShuffleBytes-CMP-ChangeByte-InsertByte-EraseBytes- DE: "\022\000\000\000\000\000\000\000"-
#68482	NEW    cov: 2229 ft: 5610 corp: 723/52Kb lim: 246 exec/s: 3261 rss: 231Mb L: 84/246 MS: 5 InsertByte-InsertByte-ChangeByte-ChangeBinInt-EraseBytes-
#68518	REDUCE cov: 2229 ft: 5610 corp: 723/52Kb lim: 246 exec/s: 3262 rss: 231Mb L: 3/246 MS: 1 EraseBytes-
#68556	REDUCE cov: 2229 ft: 5610 corp: 723/52Kb lim: 246 exec/s: 3264 rss: 231Mb L: 129/246 MS: 3 InsertByte-InsertRepeatedBytes-EraseBytes-
#68653	REDUCE cov: 2229 ft: 5610 corp: 723/52Kb lim: 246 exec/s: 3269 rss: 231Mb L: 91/246 MS: 2 InsertByte-EraseBytes-
#68844	REDUCE cov: 2229 ft: 5610 corp: 723/52Kb lim: 246 exec/s: 3278 rss: 231Mb L: 16/246 MS: 1 EraseBytes-
#68910	REDUCE cov: 2229 ft: 5610 corp: 723/52Kb lim: 246 exec/s: 3281 rss: 232Mb L: 151/246 MS: 1 EraseBytes-
#68926	REDUCE cov: 2229 ft: 5610 corp: 723/52Kb lim: 246 exec/s: 3282 rss: 232Mb L: 14/246 MS: 1 EraseBytes-
#69122	REDUCE cov: 2229 ft: 5610 corp: 723/52Kb lim: 246 exec/s: 3291 rss: 232Mb L: 86/246 MS: 1 EraseBytes-
#69248	REDUCE cov: 2229 ft: 5610 corp: 723/52Kb lim: 246 exec/s: 3297 rss: 232Mb L: 115/246 MS: 1 EraseBytes-
#69254	REDUCE cov: 2229 ft: 5610 corp: 723/52Kb lim: 246 exec/s: 3297 rss: 232Mb L: 67/246 MS: 1 EraseBytes-
#69255	REDUCE cov: 2229 ft: 5610 corp: 723/52Kb lim: 246 exec/s: 3297 rss: 232Mb L: 22/246 MS: 1 EraseBytes-
#69362	REDUCE cov: 2229 ft: 5610 corp: 723/52Kb lim: 246 exec/s: 3302 rss: 232Mb L: 6/246 MS: 2 InsertByte-EraseBytes-
#69408	REDUCE cov: 2229 ft: 5610 corp: 723/52Kb lim: 246 exec/s: 3305 rss: 232Mb L: 17/246 MS: 1 EraseBytes-
#69464	REDUCE cov: 2229 ft: 5610 corp: 723/52Kb lim: 246 exec/s: 3307 rss: 232Mb L: 36/246 MS: 1 EraseBytes-
#69486	REDUCE cov: 2229 ft: 5610 corp: 723/52Kb lim: 246 exec/s: 3308 rss: 232Mb L: 9/246 MS: 2 CMP-EraseBytes- DE: "\023\000\000\000"-
#69510	NEW    cov: 2229 ft: 5611 corp: 724/52Kb lim: 246 exec/s: 3310 rss: 232Mb L: 117/246 MS: 4 CopyPart-ChangeByte-EraseBytes-InsertByte-
#69514	REDUCE cov: 2229 ft: 5612 corp: 725/52Kb lim: 246 exec/s: 3310 rss: 232Mb L: 56/246 MS: 4 ShuffleBytes-ChangeByte-ChangeBit-InsertRepeatedBytes-
#69662	REDUCE cov: 2229 ft: 5612 corp: 725/52Kb lim: 246 exec/s: 3317 rss: 233Mb L: 216/246 MS: 3 ChangeBit-ShuffleBytes-EraseBytes-
#69677	REDUCE cov: 2229 ft: 5612 corp: 725/52Kb lim: 246 exec/s: 3317 rss: 233Mb L: 10/246 MS: 5 ChangeBit-ChangeASCIIInt-ChangeBit-InsertByte-EraseBytes-
#69714	REDUCE cov: 2229 ft: 5612 corp: 725/52Kb lim: 246 exec/s: 3319 rss: 233Mb L: 234/246 MS: 2 EraseBytes-CrossOver-
#69736	REDUCE cov: 2229 ft: 5612 corp: 725/52Kb lim: 246 exec/s: 3320 rss: 233Mb L: 12/246 MS: 2 CopyPart-EraseBytes-
#69804	NEW    cov: 2229 ft: 5614 corp: 726/52Kb lim: 246 exec/s: 3324 rss: 233Mb L: 75/246 MS: 3 ChangeASCIIInt-CopyPart-EraseBytes-
#69850	REDUCE cov: 2229 ft: 5615 corp: 727/53Kb lim: 246 exec/s: 3326 rss: 233Mb L: 13/246 MS: 1 EraseBytes-
#69912	REDUCE cov: 2229 ft: 5615 corp: 727/53Kb lim: 246 exec/s: 3329 rss: 233Mb L: 8/246 MS: 2 ShuffleBytes-EraseBytes-
#70019	REDUCE cov: 2230 ft: 5616 corp: 728/53Kb lim: 246 exec/s: 3334 rss: 233Mb L: 82/246 MS: 2 EraseBytes-ChangeASCIIInt-
#70030	REDUCE cov: 2230 ft: 5616 corp: 728/53Kb lim: 246 exec/s: 3334 rss: 233Mb L: 27/246 MS: 1 EraseBytes-
#70049	REDUCE cov: 2230 ft: 5616 corp: 728/53Kb lim: 246 exec/s: 3184 rss: 233Mb L: 86/246 MS: 4 ChangeBit-ChangeByte-ChangeByte-EraseBytes-
#70085	REDUCE cov: 2230 ft: 5616 corp: 728/53Kb lim: 246 exec/s: 3185 rss: 233Mb L: 109/246 MS: 1 EraseBytes-
#70136	REDUCE cov: 2230 ft: 5616 corp: 728/53Kb lim: 246 exec/s: 3188 rss: 233Mb L: 4/246 MS: 1 EraseBytes-
#70152	REDUCE cov: 2230 ft: 5616 corp: 728/52Kb lim: 246 exec/s: 3188 rss: 233Mb L: 61/246 MS: 1 EraseBytes-
#70168	REDUCE cov: 2230 ft: 5617 corp: 729/53Kb lim: 246 exec/s: 3189 rss: 233Mb L: 167/246 MS: 1 InsertRepeatedBytes-
#70244	REDUCE cov: 2230 ft: 5617 corp: 729/53Kb lim: 246 exec/s: 3192 rss: 234Mb L: 20/246 MS: 1 EraseBytes-
#70381	REDUCE cov: 2230 ft: 5619 corp: 730/53Kb lim: 246 exec/s: 3199 rss: 234Mb L: 31/246 MS: 2 EraseBytes-EraseBytes-
#70382	REDUCE cov: 2230 ft: 5622 corp: 731/53Kb lim: 246 exec/s: 3199 rss: 234Mb L: 76/246 MS: 1 ChangeBinInt-
#70384	REDUCE cov: 2230 ft: 5622 corp: 731/53Kb lim: 246 exec/s: 3199 rss: 234Mb L: 14/246 MS: 2 PersAutoDict-EraseBytes- DE: "dsgest"-
#70440	REDUCE cov: 2230 ft: 5622 corp: 731/53Kb lim: 246 exec/s: 3201 rss: 234Mb L: 29/246 MS: 1 EraseBytes-
#70479	REDUCE cov: 2230 ft: 5623 corp: 732/53Kb lim: 246 exec/s: 3203 rss: 234Mb L: 41/246 MS: 4 InsertRepeatedBytes-InsertByte-CMP-ChangeBit- DE: "\001\000\000\000\000\000\0008"-
#70505	NEW    cov: 2230 ft: 5624 corp: 733/53Kb lim: 246 exec/s: 3204 rss: 234Mb L: 45/246 MS: 1 CopyPart-
#70581	REDUCE cov: 2230 ft: 5624 corp: 733/53Kb lim: 246 exec/s: 3208 rss: 236Mb L: 108/246 MS: 1 EraseBytes-
#70617	REDUCE cov: 2230 ft: 5624 corp: 733/53Kb lim: 246 exec/s: 3209 rss: 236Mb L: 49/246 MS: 1 EraseBytes-
#70870	NEW    cov: 2230 ft: 5625 corp: 734/53Kb lim: 246 exec/s: 3221 rss: 237Mb L: 39/246 MS: 3 ChangeBinInt-ChangeBinInt-ChangeBinInt-
#70871	REDUCE cov: 2230 ft: 5625 corp: 734/53Kb lim: 246 exec/s: 3221 rss: 237Mb L: 95/246 MS: 1 EraseBytes-
#70872	NEW    cov: 2230 ft: 5627 corp: 735/53Kb lim: 246 exec/s: 3221 rss: 237Mb L: 25/246 MS: 1 ChangeBinInt-
#70874	REDUCE cov: 2230 ft: 5628 corp: 736/53Kb lim: 246 exec/s: 3221 rss: 237Mb L: 136/246 MS: 2 InsertRepeatedBytes-ChangeBinInt-
#70936	REDUCE cov: 2232 ft: 5632 corp: 737/53Kb lim: 246 exec/s: 3224 rss: 237Mb L: 95/246 MS: 2 ChangeBit-CrossOver-
#71034	REDUCE cov: 2232 ft: 5633 corp: 738/53Kb lim: 246 exec/s: 3228 rss: 237Mb L: 220/246 MS: 3 CrossOver-PersAutoDict-CopyPart- DE: "JANIFES%_INVALID"-
#71101	REDUCE cov: 2232 ft: 5633 corp: 738/53Kb lim: 246 exec/s: 3231 rss: 237Mb L: 77/246 MS: 2 CrossOver-EraseBytes-
#71162	REDUCE cov: 2232 ft: 5633 corp: 738/53Kb lim: 246 exec/s: 3234 rss: 237Mb L: 66/246 MS: 1 EraseBytes-
#71203	REDUCE cov: 2232 ft: 5633 corp: 738/53Kb lim: 246 exec/s: 3236 rss: 237Mb L: 86/246 MS: 1 EraseBytes-
#71215	NEW    cov: 2234 ft: 5635 corp: 739/53Kb lim: 246 exec/s: 3237 rss: 237Mb L: 192/246 MS: 2 CopyPart-PersAutoDict- DE: "DIGEST_INVALID"-
#71216	REDUCE cov: 2234 ft: 5635 corp: 739/53Kb lim: 246 exec/s: 3237 rss: 237Mb L: 76/246 MS: 1 EraseBytes-
#71230	REDUCE cov: 2234 ft: 5635 corp: 739/53Kb lim: 246 exec/s: 3237 rss: 237Mb L: 107/246 MS: 4 CrossOver-ChangeASCIIInt-PersAutoDict-EraseBytes- DE: "\377\377\377\275"-
#71306	REDUCE cov: 2234 ft: 5635 corp: 739/53Kb lim: 246 exec/s: 3241 rss: 238Mb L: 67/246 MS: 1 EraseBytes-
#71430	REDUCE cov: 2234 ft: 5635 corp: 739/53Kb lim: 246 exec/s: 3246 rss: 238Mb L: 117/246 MS: 4 ShuffleBytes-ChangeByte-ChangeASCIIInt-EraseBytes-
#71469	NEW    cov: 2234 ft: 5637 corp: 740/53Kb lim: 246 exec/s: 3248 rss: 238Mb L: 102/246 MS: 4 EraseBytes-InsertByte-EraseBytes-CrossOver-
#71500	REDUCE cov: 2234 ft: 5637 corp: 740/53Kb lim: 246 exec/s: 3250 rss: 238Mb L: 37/246 MS: 1 EraseBytes-
#71510	REDUCE cov: 2234 ft: 5638 corp: 741/53Kb lim: 246 exec/s: 3250 rss: 238Mb L: 75/246 MS: 5 ChangeBit-InsertByte-CopyPart-InsertByte-CrossOver-
#71612	REDUCE cov: 2234 ft: 5638 corp: 741/53Kb lim: 246 exec/s: 3255 rss: 238Mb L: 118/246 MS: 2 ShuffleBytes-CrossOver-
#71614	REDUCE cov: 2234 ft: 5638 corp: 741/53Kb lim: 246 exec/s: 3255 rss: 238Mb L: 22/246 MS: 2 ChangeBit-EraseBytes-
#71640	REDUCE cov: 2234 ft: 5638 corp: 741/53Kb lim: 246 exec/s: 3256 rss: 238Mb L: 16/246 MS: 1 EraseBytes-
#71673	REDUCE cov: 2234 ft: 5642 corp: 742/53Kb lim: 246 exec/s: 3257 rss: 238Mb L: 65/246 MS: 3 PersAutoDict-ChangeBit-EraseBytes- DE: "MANIFEST_UNKNOWN"-
#71699	REDUCE cov: 2234 ft: 5642 corp: 742/53Kb lim: 246 exec/s: 3259 rss: 238Mb L: 11/246 MS: 1 EraseBytes-
#71705	NEW    cov: 2234 ft: 5644 corp: 743/54Kb lim: 246 exec/s: 3259 rss: 238Mb L: 176/246 MS: 1 PersAutoDict- DE: "\015\000\000\000\000\000\000\000"-
#71776	REDUCE cov: 2234 ft: 5644 corp: 743/54Kb lim: 246 exec/s: 3262 rss: 239Mb L: 12/246 MS: 1 EraseBytes-
#72203	REDUCE cov: 2234 ft: 5644 corp: 743/54Kb lim: 246 exec/s: 3281 rss: 239Mb L: 58/246 MS: 2 CrossOver-EraseBytes-
#72240	REDUCE cov: 2234 ft: 5644 corp: 743/54Kb lim: 246 exec/s: 3283 rss: 239Mb L: 13/246 MS: 2 ChangeBinInt-EraseBytes-
#72242	REDUCE cov: 2234 ft: 5644 corp: 743/54Kb lim: 246 exec/s: 3283 rss: 239Mb L: 57/246 MS: 2 InsertRepeatedBytes-EraseBytes-
#72263	NEW    cov: 2238 ft: 5648 corp: 744/54Kb lim: 246 exec/s: 3284 rss: 239Mb L: 5/246 MS: 1 CrossOver-
#72414	REDUCE cov: 2238 ft: 5648 corp: 744/54Kb lim: 246 exec/s: 3291 rss: 239Mb L: 74/246 MS: 1 EraseBytes-
#72460	REDUCE cov: 2238 ft: 5648 corp: 744/54Kb lim: 246 exec/s: 3293 rss: 239Mb L: 23/246 MS: 1 EraseBytes-
#72561	REDUCE cov: 2238 ft: 5648 corp: 744/53Kb lim: 246 exec/s: 3298 rss: 239Mb L: 116/246 MS: 1 EraseBytes-
#72583	REDUCE cov: 2238 ft: 5648 corp: 744/53Kb lim: 246 exec/s: 3299 rss: 239Mb L: 81/246 MS: 2 CopyPart-EraseBytes-
#72604	REDUCE cov: 2238 ft: 5648 corp: 744/53Kb lim: 246 exec/s: 3300 rss: 239Mb L: 225/246 MS: 1 EraseBytes-
#72668	NEW    cov: 2238 ft: 5651 corp: 745/53Kb lim: 246 exec/s: 3303 rss: 240Mb L: 43/246 MS: 4 CopyPart-PersAutoDict-ShuffleBytes-ChangeBit- DE: "\376\377\377\377"-
#72719	REDUCE cov: 2238 ft: 5651 corp: 745/53Kb lim: 246 exec/s: 3305 rss: 240Mb L: 133/246 MS: 1 EraseBytes-
#72793	REDUCE cov: 2238 ft: 5651 corp: 745/53Kb lim: 246 exec/s: 3308 rss: 240Mb L: 80/246 MS: 4 CMP-ChangeBit-ShuffleBytes-EraseBytes- DE: "\030\000\000\000\000\000\000\000"-
#72913	NEW    cov: 2238 ft: 5652 corp: 746/54Kb lim: 246 exec/s: 3314 rss: 240Mb L: 186/246 MS: 5 PersAutoDict-ChangeASCIIInt-ChangeASCIIInt-PersAutoDict-CrossOver- DE: "\001\000\000\007"-"\023\000\000\000"-
#72945	REDUCE cov: 2238 ft: 5652 corp: 746/54Kb lim: 246 exec/s: 3315 rss: 240Mb L: 58/246 MS: 2 CrossOver-EraseBytes-
#73031	REDUCE cov: 2240 ft: 5654 corp: 747/54Kb lim: 246 exec/s: 3319 rss: 240Mb L: 188/246 MS: 1 PersAutoDict- DE: "\011\000\000\000\000\000\000\000"-
#73052	NEW    cov: 2241 ft: 5656 corp: 748/54Kb lim: 246 exec/s: 3320 rss: 240Mb L: 125/246 MS: 1 CrossOver-
#73175	REDUCE cov: 2241 ft: 5656 corp: 748/54Kb lim: 246 exec/s: 3326 rss: 240Mb L: 95/246 MS: 3 ShuffleBytes-ShuffleBytes-EraseBytes-
#73401	REDUCE cov: 2241 ft: 5656 corp: 748/54Kb lim: 246 exec/s: 3336 rss: 241Mb L: 51/246 MS: 1 EraseBytes-
#73538	REDUCE cov: 2241 ft: 5656 corp: 748/54Kb lim: 246 exec/s: 3197 rss: 241Mb L: 69/246 MS: 2 ShuffleBytes-EraseBytes-
#73549	REDUCE cov: 2241 ft: 5656 corp: 748/54Kb lim: 246 exec/s: 3197 rss: 241Mb L: 66/246 MS: 1 EraseBytes-
#73550	REDUCE cov: 2241 ft: 5656 corp: 748/54Kb lim: 246 exec/s: 3197 rss: 241Mb L: 96/246 MS: 1 EraseBytes-
#73661	NEW    cov: 2241 ft: 5657 corp: 749/54Kb lim: 246 exec/s: 3202 rss: 241Mb L: 14/246 MS: 1 InsertByte-
#73667	REDUCE cov: 2241 ft: 5657 corp: 749/54Kb lim: 246 exec/s: 3202 rss: 241Mb L: 61/246 MS: 1 EraseBytes-
#73745	NEW    cov: 2241 ft: 5658 corp: 750/54Kb lim: 246 exec/s: 3206 rss: 241Mb L: 80/246 MS: 3 ChangeBit-CrossOver-EraseBytes-
#73770	NEW    cov: 2243 ft: 5660 corp: 751/54Kb lim: 246 exec/s: 3207 rss: 241Mb L: 243/246 MS: 5 InsertRepeatedBytes-ChangeASCIIInt-ChangeByte-PersAutoDict-CopyPart- DE: "X\001\000\000\000\000\000\000"-
#73861	REDUCE cov: 2243 ft: 5660 corp: 751/54Kb lim: 246 exec/s: 3211 rss: 242Mb L: 24/246 MS: 1 EraseBytes-
#73868	REDUCE cov: 2243 ft: 5660 corp: 751/54Kb lim: 246 exec/s: 3211 rss: 242Mb L: 59/246 MS: 2 ChangeASCIIInt-EraseBytes-
#73949	NEW    cov: 2244 ft: 5661 corp: 752/54Kb lim: 246 exec/s: 3215 rss: 242Mb L: 204/246 MS: 1 InsertRepeatedBytes-
#73985	REDUCE cov: 2244 ft: 5662 corp: 753/54Kb lim: 246 exec/s: 3216 rss: 242Mb L: 62/246 MS: 1 CrossOver-
#74112	NEW    cov: 2245 ft: 5664 corp: 754/54Kb lim: 246 exec/s: 3222 rss: 244Mb L: 46/246 MS: 2 ShuffleBytes-EraseBytes-
#74123	REDUCE cov: 2245 ft: 5664 corp: 754/54Kb lim: 246 exec/s: 3222 rss: 244Mb L: 39/246 MS: 1 EraseBytes-
#74144	REDUCE cov: 2245 ft: 5664 corp: 754/54Kb lim: 246 exec/s: 3223 rss: 244Mb L: 138/246 MS: 1 EraseBytes-
#74158	REDUCE cov: 2245 ft: 5664 corp: 754/54Kb lim: 246 exec/s: 3224 rss: 244Mb L: 145/246 MS: 4 InsertByte-ChangeByte-ChangeBit-EraseBytes-
#74267	REDUCE cov: 2245 ft: 5665 corp: 755/54Kb lim: 246 exec/s: 3229 rss: 244Mb L: 170/246 MS: 4 PersAutoDict-CMP-CopyPart-CrossOver- DE: "tcil"-"\004\000"-
#74654	REDUCE cov: 2245 ft: 5668 corp: 756/55Kb lim: 246 exec/s: 3245 rss: 244Mb L: 66/246 MS: 2 ChangeBinInt-CopyPart-
#74655	REDUCE cov: 2245 ft: 5668 corp: 756/55Kb lim: 246 exec/s: 3245 rss: 244Mb L: 38/246 MS: 1 EraseBytes-
#74771	REDUCE cov: 2245 ft: 5668 corp: 756/55Kb lim: 246 exec/s: 3250 rss: 245Mb L: 181/246 MS: 1 EraseBytes-
#74809	NEW    cov: 2245 ft: 5670 corp: 757/55Kb lim: 246 exec/s: 3252 rss: 245Mb L: 95/246 MS: 3 CMP-ShuffleBytes-CrossOver- DE: "\000\000\000\000\000\000\000\010"-
#74817	REDUCE cov: 2245 ft: 5670 corp: 757/55Kb lim: 246 exec/s: 3252 rss: 245Mb L: 33/246 MS: 3 InsertByte-ChangeBit-EraseBytes-
#74870	REDUCE cov: 2245 ft: 5670 corp: 757/55Kb lim: 246 exec/s: 3255 rss: 245Mb L: 11/246 MS: 3 ChangeByte-ChangeBit-EraseBytes-
#74952	REDUCE cov: 2245 ft: 5670 corp: 757/55Kb lim: 246 exec/s: 3258 rss: 245Mb L: 82/246 MS: 2 ChangeBinInt-EraseBytes-
#75018	NEW    cov: 2246 ft: 5683 corp: 758/55Kb lim: 246 exec/s: 3261 rss: 245Mb L: 63/246 MS: 1 CrossOver-
#75098	REDUCE cov: 2246 ft: 5683 corp: 758/55Kb lim: 246 exec/s: 3265 rss: 245Mb L: 61/246 MS: 5 ChangeASCIIInt-ChangeBinInt-CrossOver-ChangeASCIIInt-EraseBytes-
#75134	REDUCE cov: 2246 ft: 5683 corp: 758/55Kb lim: 246 exec/s: 3266 rss: 245Mb L: 45/246 MS: 1 EraseBytes-
#75170	REDUCE cov: 2246 ft: 5683 corp: 758/55Kb lim: 246 exec/s: 3268 rss: 245Mb L: 47/246 MS: 1 EraseBytes-
#75230	REDUCE cov: 2246 ft: 5683 corp: 758/55Kb lim: 246 exec/s: 3270 rss: 245Mb L: 56/246 MS: 5 ChangeBinInt-CopyPart-ChangeBit-ChangeASCIIInt-EraseBytes-
#75236	REDUCE cov: 2246 ft: 5683 corp: 758/55Kb lim: 246 exec/s: 3271 rss: 245Mb L: 67/246 MS: 1 EraseBytes-
#75243	REDUCE cov: 2246 ft: 5683 corp: 758/55Kb lim: 246 exec/s: 3271 rss: 245Mb L: 201/246 MS: 2 ShuffleBytes-EraseBytes-
#75264	REDUCE cov: 2246 ft: 5683 corp: 758/55Kb lim: 246 exec/s: 3272 rss: 246Mb L: 39/246 MS: 1 EraseBytes-
#75270	REDUCE cov: 2246 ft: 5683 corp: 758/55Kb lim: 246 exec/s: 3272 rss: 246Mb L: 61/246 MS: 1 EraseBytes-
#75321	NEW    cov: 2246 ft: 5684 corp: 759/55Kb lim: 246 exec/s: 3274 rss: 246Mb L: 136/246 MS: 1 ChangeBinInt-
#75360	REDUCE cov: 2246 ft: 5686 corp: 760/55Kb lim: 246 exec/s: 3276 rss: 246Mb L: 98/246 MS: 4 ChangeBit-ChangeByte-ShuffleBytes-InsertRepeatedBytes-
#75562	REDUCE cov: 2246 ft: 5686 corp: 760/55Kb lim: 246 exec/s: 3285 rss: 246Mb L: 143/246 MS: 2 ChangeBinInt-EraseBytes-
#75658	REDUCE cov: 2246 ft: 5686 corp: 760/55Kb lim: 246 exec/s: 3289 rss: 246Mb L: 88/246 MS: 1 EraseBytes-
#75796	REDUCE cov: 2246 ft: 5686 corp: 760/55Kb lim: 246 exec/s: 3295 rss: 246Mb L: 7/246 MS: 3 InsertByte-PersAutoDict-EraseBytes- DE: "\023\000\000\000"-
#75800	REDUCE cov: 2246 ft: 5688 corp: 761/55Kb lim: 246 exec/s: 3295 rss: 246Mb L: 68/246 MS: 4 CrossOver-PersAutoDict-EraseBytes-CrossOver- DE: "\000\000\000\364"-
#75807	REDUCE cov: 2246 ft: 5688 corp: 761/55Kb lim: 246 exec/s: 3295 rss: 246Mb L: 4/246 MS: 2 ChangeBit-EraseBytes-
#75815	REDUCE cov: 2246 ft: 5688 corp: 761/55Kb lim: 246 exec/s: 3296 rss: 246Mb L: 60/246 MS: 3 ChangeBinInt-ChangeBinInt-EraseBytes-
#75982	REDUCE cov: 2247 ft: 5690 corp: 762/55Kb lim: 246 exec/s: 3303 rss: 247Mb L: 145/246 MS: 2 InsertByte-ChangeBinInt-
#76005	REDUCE cov: 2247 ft: 5691 corp: 763/55Kb lim: 246 exec/s: 3304 rss: 247Mb L: 146/246 MS: 3 InsertRepeatedBytes-CMP-CrossOver- DE: "\001\000\000\000\000\000\000\020"-
#76036	NEW    cov: 2248 ft: 5692 corp: 764/55Kb lim: 246 exec/s: 3305 rss: 247Mb L: 41/246 MS: 1 EraseBytes-
#76131	REDUCE cov: 2248 ft: 5692 corp: 764/55Kb lim: 246 exec/s: 3310 rss: 247Mb L: 8/246 MS: 5 PersAutoDict-InsertByte-ChangeASCIIInt-ChangeByte-EraseBytes- DE: "\000\012"-
#76453	REDUCE cov: 2248 ft: 5692 corp: 764/55Kb lim: 246 exec/s: 3324 rss: 247Mb L: 87/246 MS: 2 ChangeBit-EraseBytes-
#76505	REDUCE cov: 2248 ft: 5692 corp: 764/55Kb lim: 246 exec/s: 3326 rss: 247Mb L: 24/246 MS: 2 CMP-EraseBytes- DE: "\377\377\377\377\377\377\377\024"-
#76536	NEW    cov: 2248 ft: 5693 corp: 765/55Kb lim: 246 exec/s: 3327 rss: 247Mb L: 96/246 MS: 1 CrossOver-
#76547	REDUCE cov: 2248 ft: 5693 corp: 765/55Kb lim: 246 exec/s: 3328 rss: 247Mb L: 70/246 MS: 1 EraseBytes-
#76603	REDUCE cov: 2248 ft: 5696 corp: 766/55Kb lim: 246 exec/s: 3330 rss: 248Mb L: 196/246 MS: 1 CopyPart-
#76644	REDUCE cov: 2248 ft: 5696 corp: 766/55Kb lim: 246 exec/s: 3332 rss: 248Mb L: 16/246 MS: 1 EraseBytes-
#76711	REDUCE cov: 2248 ft: 5696 corp: 766/55Kb lim: 246 exec/s: 3335 rss: 248Mb L: 37/246 MS: 2 InsertByte-EraseBytes-
#76745	REDUCE cov: 2248 ft: 5696 corp: 766/55Kb lim: 246 exec/s: 3336 rss: 248Mb L: 54/246 MS: 4 PersAutoDict-InsertByte-PersAutoDict-EraseBytes- DE: "NAME_UNKNOWN"-"\000\000\000\364"-
#76757	NEW    cov: 2249 ft: 5697 corp: 767/55Kb lim: 246 exec/s: 3337 rss: 248Mb L: 95/246 MS: 2 ShuffleBytes-PersAutoDict- DE: "\015\000\000\000\000\000\000\000"-
#76958	REDUCE cov: 2249 ft: 5697 corp: 767/55Kb lim: 246 exec/s: 3206 rss: 248Mb L: 5/246 MS: 1 EraseBytes-
#77024	REDUCE cov: 2249 ft: 5697 corp: 767/55Kb lim: 246 exec/s: 3209 rss: 248Mb L: 6/246 MS: 1 EraseBytes-
#77132	REDUCE cov: 2249 ft: 5697 corp: 767/55Kb lim: 246 exec/s: 3213 rss: 249Mb L: 170/246 MS: 3 ChangeBinInt-ChangeASCIIInt-EraseBytes-
#77143	REDUCE cov: 2249 ft: 5697 corp: 767/55Kb lim: 246 exec/s: 3214 rss: 249Mb L: 79/246 MS: 1 EraseBytes-
#77159	REDUCE cov: 2249 ft: 5697 corp: 767/55Kb lim: 246 exec/s: 3214 rss: 249Mb L: 43/246 MS: 1 EraseBytes-
#77161	REDUCE cov: 2249 ft: 5697 corp: 767/55Kb lim: 246 exec/s: 3215 rss: 249Mb L: 28/246 MS: 2 CopyPart-EraseBytes-
#77222	NEW    cov: 2249 ft: 5698 corp: 768/55Kb lim: 246 exec/s: 3217 rss: 249Mb L: 25/246 MS: 1 ShuffleBytes-
#77225	REDUCE cov: 2249 ft: 5698 corp: 768/55Kb lim: 246 exec/s: 3217 rss: 249Mb L: 93/246 MS: 3 ShuffleBytes-ChangeBit-EraseBytes-
#77242	REDUCE cov: 2249 ft: 5698 corp: 768/55Kb lim: 246 exec/s: 3218 rss: 249Mb L: 106/246 MS: 2 PersAutoDict-EraseBytes- DE: "manifests"-
#77311	REDUCE cov: 2249 ft: 5698 corp: 768/55Kb lim: 246 exec/s: 3221 rss: 249Mb L: 77/246 MS: 4 ChangeBinInt-ChangeByte-ChangeASCIIInt-CrossOver-
#77383	REDUCE cov: 2249 ft: 5698 corp: 768/55Kb lim: 246 exec/s: 3224 rss: 249Mb L: 44/246 MS: 2 ChangeASCIIInt-EraseBytes-
#77396	REDUCE cov: 2249 ft: 5698 corp: 768/55Kb lim: 246 exec/s: 3224 rss: 249Mb L: 79/246 MS: 3 ShuffleBytes-PersAutoDict-EraseBytes- DE: "MANIFEST_INVALID"-
#77704	REDUCE cov: 2249 ft: 5698 corp: 768/55Kb lim: 246 exec/s: 3237 rss: 251Mb L: 125/246 MS: 3 ChangeASCIIInt-ChangeBit-EraseBytes-
#77740	REDUCE cov: 2249 ft: 5698 corp: 768/55Kb lim: 246 exec/s: 3239 rss: 251Mb L: 52/246 MS: 1 EraseBytes-
#77781	REDUCE cov: 2249 ft: 5698 corp: 768/55Kb lim: 246 exec/s: 3240 rss: 251Mb L: 119/246 MS: 1 CrossOver-
#77963	REDUCE cov: 2249 ft: 5698 corp: 768/55Kb lim: 246 exec/s: 3248 rss: 252Mb L: 185/246 MS: 2 ChangeByte-EraseBytes-
#77980	NEW    cov: 2249 ft: 5699 corp: 769/55Kb lim: 246 exec/s: 3249 rss: 252Mb L: 137/246 MS: 2 ChangeBit-CrossOver-
#78036	REDUCE cov: 2249 ft: 5699 corp: 769/55Kb lim: 246 exec/s: 3251 rss: 252Mb L: 32/246 MS: 1 EraseBytes-
#78083	REDUCE cov: 2249 ft: 5699 corp: 769/55Kb lim: 246 exec/s: 3253 rss: 252Mb L: 30/246 MS: 2 InsertRepeatedBytes-EraseBytes-
#78095	NEW    cov: 2249 ft: 5701 corp: 770/55Kb lim: 246 exec/s: 3253 rss: 252Mb L: 95/246 MS: 2 CopyPart-ChangeBit-
#78161	REDUCE cov: 2249 ft: 5702 corp: 771/55Kb lim: 246 exec/s: 3256 rss: 252Mb L: 147/246 MS: 1 InsertByte-
#78173	REDUCE cov: 2249 ft: 5702 corp: 771/55Kb lim: 246 exec/s: 3257 rss: 252Mb L: 82/246 MS: 2 InsertByte-EraseBytes-
#78227	REDUCE cov: 2250 ft: 5703 corp: 772/55Kb lim: 246 exec/s: 3259 rss: 252Mb L: 38/246 MS: 4 ChangeASCIIInt-ChangeASCIIInt-CopyPart-ChangeBit-
#78245	REDUCE cov: 2250 ft: 5703 corp: 772/55Kb lim: 246 exec/s: 3260 rss: 252Mb L: 138/246 MS: 3 PersAutoDict-ShuffleBytes-CrossOver- DE: "\377\377\377\377\377\377\377\016"-
#78371	NEW    cov: 2250 ft: 5705 corp: 773/55Kb lim: 246 exec/s: 3265 rss: 252Mb L: 87/246 MS: 1 ChangeByte-
#78373	REDUCE cov: 2250 ft: 5705 corp: 773/55Kb lim: 246 exec/s: 3265 rss: 252Mb L: 18/246 MS: 2 ShuffleBytes-EraseBytes-
#78439	REDUCE cov: 2250 ft: 5705 corp: 773/55Kb lim: 246 exec/s: 3268 rss: 252Mb L: 53/246 MS: 1 EraseBytes-
#78465	REDUCE cov: 2250 ft: 5705 corp: 773/55Kb lim: 246 exec/s: 3269 rss: 252Mb L: 98/246 MS: 1 EraseBytes-
#78467	REDUCE cov: 2250 ft: 5707 corp: 774/56Kb lim: 246 exec/s: 3269 rss: 253Mb L: 150/246 MS: 2 CrossOver-PersAutoDict- DE: "\010\000"-
#78504	NEW    cov: 2250 ft: 5708 corp: 775/56Kb lim: 246 exec/s: 3271 rss: 253Mb L: 89/246 MS: 2 PersAutoDict-ChangeBit- DE: "\377\377\377\372"-
#78616	REDUCE cov: 2250 ft: 5708 corp: 775/56Kb lim: 246 exec/s: 3275 rss: 253Mb L: 12/246 MS: 2 ChangeBit-EraseBytes-
#78682	REDUCE cov: 2250 ft: 5708 corp: 775/56Kb lim: 246 exec/s: 3278 rss: 253Mb L: 68/246 MS: 1 EraseBytes-
#78699	NEW    cov: 2250 ft: 5710 corp: 776/56Kb lim: 246 exec/s: 3279 rss: 253Mb L: 178/246 MS: 2 InsertRepeatedBytes-CrossOver-
#78727	REDUCE cov: 2250 ft: 5710 corp: 776/56Kb lim: 246 exec/s: 3280 rss: 253Mb L: 99/246 MS: 3 ChangeBit-ChangeBit-EraseBytes-
#78759	REDUCE cov: 2250 ft: 5710 corp: 776/56Kb lim: 246 exec/s: 3281 rss: 253Mb L: 113/246 MS: 2 ChangeByte-EraseBytes-
#78880	REDUCE cov: 2250 ft: 5710 corp: 776/56Kb lim: 246 exec/s: 3286 rss: 253Mb L: 77/246 MS: 1 EraseBytes-
#78977	REDUCE cov: 2250 ft: 5710 corp: 776/56Kb lim: 246 exec/s: 3290 rss: 253Mb L: 35/246 MS: 2 PersAutoDict-EraseBytes- DE: "deuail"-
#79004	REDUCE cov: 2250 ft: 5710 corp: 776/56Kb lim: 246 exec/s: 3291 rss: 253Mb L: 60/246 MS: 2 CMP-EraseBytes- DE: "\354\000\000\000\000\000\000\000"-
#79041	REDUCE cov: 2250 ft: 5710 corp: 776/56Kb lim: 246 exec/s: 3293 rss: 254Mb L: 59/246 MS: 2 InsertByte-EraseBytes-
#79128	REDUCE cov: 2250 ft: 5710 corp: 776/56Kb lim: 246 exec/s: 3297 rss: 254Mb L: 58/246 MS: 2 ChangeBit-EraseBytes-
#79129	REDUCE cov: 2250 ft: 5710 corp: 776/56Kb lim: 246 exec/s: 3297 rss: 254Mb L: 68/246 MS: 1 EraseBytes-
#79202	REDUCE cov: 2250 ft: 5710 corp: 776/56Kb lim: 246 exec/s: 3300 rss: 254Mb L: 59/246 MS: 3 InsertByte-PersAutoDict-EraseBytes- DE: "\022\000\000\000\000\000\000\000"-
#79309	REDUCE cov: 2251 ft: 5712 corp: 777/56Kb lim: 246 exec/s: 3304 rss: 254Mb L: 14/246 MS: 2 ChangeBinInt-CrossOver-
#79310	REDUCE cov: 2251 ft: 5712 corp: 777/56Kb lim: 246 exec/s: 3304 rss: 254Mb L: 17/246 MS: 1 EraseBytes-
#79387	REDUCE cov: 2251 ft: 5712 corp: 777/56Kb lim: 246 exec/s: 3307 rss: 254Mb L: 11/246 MS: 2 CMP-EraseBytes- DE: "\377\377\377\377"-
#79533	REDUCE cov: 2251 ft: 5712 corp: 777/56Kb lim: 246 exec/s: 3313 rss: 254Mb L: 101/246 MS: 1 EraseBytes-
#79599	REDUCE cov: 2251 ft: 5712 corp: 777/56Kb lim: 246 exec/s: 3316 rss: 254Mb L: 137/246 MS: 1 EraseBytes-
#79667	REDUCE cov: 2251 ft: 5713 corp: 778/56Kb lim: 246 exec/s: 3319 rss: 255Mb L: 35/246 MS: 3 EraseBytes-ShuffleBytes-EraseBytes-
#79723	REDUCE cov: 2251 ft: 5713 corp: 778/56Kb lim: 246 exec/s: 3321 rss: 255Mb L: 4/246 MS: 1 EraseBytes-
#79810	REDUCE cov: 2251 ft: 5713 corp: 778/56Kb lim: 246 exec/s: 3325 rss: 255Mb L: 42/246 MS: 2 ChangeASCIIInt-EraseBytes-
#79812	NEW    cov: 2251 ft: 5714 corp: 779/56Kb lim: 246 exec/s: 3325 rss: 255Mb L: 121/246 MS: 2 ShuffleBytes-PersAutoDict- DE: "\377\377\377\006"-
#79993	NEW    cov: 2251 ft: 5715 corp: 780/56Kb lim: 246 exec/s: 3333 rss: 255Mb L: 159/246 MS: 1 CopyPart-
#80122	REDUCE cov: 2251 ft: 5715 corp: 780/56Kb lim: 246 exec/s: 3338 rss: 255Mb L: 174/246 MS: 4 ShuffleBytes-ChangeBinInt-ChangeBit-CrossOver-
#80133	REDUCE cov: 2251 ft: 5715 corp: 780/56Kb lim: 246 exec/s: 3338 rss: 255Mb L: 2/246 MS: 1 EraseBytes-
#80244	REDUCE cov: 2251 ft: 5715 corp: 780/56Kb lim: 246 exec/s: 3343 rss: 255Mb L: 21/246 MS: 1 EraseBytes-
#80247	REDUCE cov: 2251 ft: 5716 corp: 781/56Kb lim: 246 exec/s: 3343 rss: 255Mb L: 90/246 MS: 3 ChangeASCIIInt-EraseBytes-PersAutoDict- DE: "\011\000\000\000\000\000\000\000"-
#80263	REDUCE cov: 2251 ft: 5716 corp: 781/56Kb lim: 246 exec/s: 3344 rss: 256Mb L: 75/246 MS: 1 CrossOver-
#80329	REDUCE cov: 2251 ft: 5716 corp: 781/56Kb lim: 246 exec/s: 3347 rss: 256Mb L: 165/246 MS: 1 EraseBytes-
#80343	NEW    cov: 2251 ft: 5717 corp: 782/56Kb lim: 246 exec/s: 3347 rss: 256Mb L: 122/246 MS: 4 CrossOver-InsertRepeatedBytes-ChangeByte-CrossOver-
#80350	REDUCE cov: 2251 ft: 5717 corp: 782/56Kb lim: 246 exec/s: 3347 rss: 256Mb L: 50/246 MS: 2 ChangeBit-EraseBytes-
#80596	REDUCE cov: 2251 ft: 5717 corp: 782/56Kb lim: 246 exec/s: 3223 rss: 256Mb L: 52/246 MS: 1 EraseBytes-
#80602	REDUCE cov: 2251 ft: 5717 corp: 782/56Kb lim: 246 exec/s: 3224 rss: 256Mb L: 7/246 MS: 1 EraseBytes-
#80668	REDUCE cov: 2251 ft: 5718 corp: 783/56Kb lim: 246 exec/s: 3226 rss: 256Mb L: 71/246 MS: 1 CrossOver-
#80684	REDUCE cov: 2251 ft: 5718 corp: 783/56Kb lim: 246 exec/s: 3227 rss: 256Mb L: 76/246 MS: 1 EraseBytes-
#80760	REDUCE cov: 2251 ft: 5719 corp: 784/56Kb lim: 246 exec/s: 3230 rss: 256Mb L: 147/246 MS: 1 CrossOver-
#80772	REDUCE cov: 2251 ft: 5719 corp: 784/56Kb lim: 246 exec/s: 3230 rss: 256Mb L: 63/246 MS: 2 PersAutoDict-EraseBytes- DE: "cod$"-
#80878	REDUCE cov: 2251 ft: 5719 corp: 784/56Kb lim: 246 exec/s: 3235 rss: 256Mb L: 163/246 MS: 1 EraseBytes-
#81040	REDUCE cov: 2251 ft: 5719 corp: 784/56Kb lim: 246 exec/s: 3241 rss: 258Mb L: 103/246 MS: 2 PersAutoDict-EraseBytes- DE: "\010\000"-
#81141	NEW    cov: 2251 ft: 5721 corp: 785/56Kb lim: 246 exec/s: 3245 rss: 259Mb L: 232/246 MS: 1 CrossOver-
#81173	NEW    cov: 2251 ft: 5722 corp: 786/56Kb lim: 246 exec/s: 3246 rss: 259Mb L: 59/246 MS: 2 ChangeByte-EraseBytes-
#81254	REDUCE cov: 2251 ft: 5722 corp: 786/56Kb lim: 246 exec/s: 3250 rss: 259Mb L: 54/246 MS: 1 EraseBytes-
#81270	REDUCE cov: 2251 ft: 5722 corp: 786/56Kb lim: 246 exec/s: 3250 rss: 259Mb L: 54/246 MS: 1 EraseBytes-
#81691	NEW    cov: 2251 ft: 5723 corp: 787/56Kb lim: 246 exec/s: 3267 rss: 259Mb L: 121/246 MS: 1 CrossOver-
#81698	REDUCE cov: 2251 ft: 5723 corp: 787/56Kb lim: 246 exec/s: 3267 rss: 259Mb L: 65/246 MS: 2 InsertByte-EraseBytes-
#81699	REDUCE cov: 2251 ft: 5723 corp: 787/56Kb lim: 246 exec/s: 3267 rss: 259Mb L: 2/246 MS: 1 EraseBytes-
#81780	NEW    cov: 2251 ft: 5724 corp: 788/56Kb lim: 246 exec/s: 3271 rss: 259Mb L: 89/246 MS: 1 PersAutoDict- DE: "TOOMANYREQUESTS"-
#81798	REDUCE cov: 2251 ft: 5724 corp: 788/56Kb lim: 246 exec/s: 3271 rss: 259Mb L: 83/246 MS: 3 InsertByte-InsertRepeatedBytes-CrossOver-
#81942	REDUCE cov: 2251 ft: 5724 corp: 788/56Kb lim: 246 exec/s: 3277 rss: 260Mb L: 69/246 MS: 4 CMP-ChangeBit-CopyPart-CrossOver- DE: "\021\000\000\000\000\000\000\000"-
#81953	REDUCE cov: 2251 ft: 5724 corp: 788/56Kb lim: 246 exec/s: 3278 rss: 260Mb L: 76/246 MS: 1 EraseBytes-
#81995	REDUCE cov: 2251 ft: 5724 corp: 788/56Kb lim: 246 exec/s: 3279 rss: 260Mb L: 53/246 MS: 2 InsertByte-EraseBytes-
#82011	REDUCE cov: 2251 ft: 5725 corp: 789/56Kb lim: 246 exec/s: 3280 rss: 260Mb L: 70/246 MS: 1 ChangeByte-
#82039	REDUCE cov: 2251 ft: 5725 corp: 789/56Kb lim: 246 exec/s: 3281 rss: 260Mb L: 30/246 MS: 3 CopyPart-CopyPart-EraseBytes-
#82242	REDUCE cov: 2251 ft: 5725 corp: 789/56Kb lim: 246 exec/s: 3289 rss: 260Mb L: 104/246 MS: 3 CrossOver-CopyPart-EraseBytes-
#82364	REDUCE cov: 2251 ft: 5726 corp: 790/56Kb lim: 246 exec/s: 3294 rss: 260Mb L: 81/246 MS: 2 ChangeByte-ChangeBinInt-
#82385	REDUCE cov: 2251 ft: 5726 corp: 790/56Kb lim: 246 exec/s: 3295 rss: 260Mb L: 34/246 MS: 1 EraseBytes-
#82483	REDUCE cov: 2251 ft: 5726 corp: 790/56Kb lim: 246 exec/s: 3299 rss: 260Mb L: 64/246 MS: 3 InsertByte-InsertRepeatedBytes-EraseBytes-
#82515	REDUCE cov: 2251 ft: 5726 corp: 790/56Kb lim: 246 exec/s: 3300 rss: 260Mb L: 20/246 MS: 2 InsertByte-EraseBytes-
#82517	REDUCE cov: 2251 ft: 5727 corp: 791/57Kb lim: 246 exec/s: 3300 rss: 261Mb L: 145/246 MS: 2 PersAutoDict-PersAutoDict- DE: "\012\000"-"\015\000\000\000\000\000\000\000"-
#82537	REDUCE cov: 2251 ft: 5727 corp: 791/57Kb lim: 246 exec/s: 3301 rss: 261Mb L: 169/246 MS: 5 ShuffleBytes-ShuffleBytes-CMP-ChangeBit-EraseBytes- DE: "\334\000\000\000\000\000\000\000"-
#82543	REDUCE cov: 2251 ft: 5727 corp: 791/57Kb lim: 246 exec/s: 3301 rss: 261Mb L: 43/246 MS: 1 CrossOver-
#82549	REDUCE cov: 2251 ft: 5727 corp: 791/57Kb lim: 246 exec/s: 3301 rss: 261Mb L: 80/246 MS: 1 EraseBytes-
#82552	NEW    cov: 2255 ft: 5731 corp: 792/57Kb lim: 246 exec/s: 3302 rss: 261Mb L: 6/246 MS: 3 ChangeBinInt-ChangeBit-InsertByte-
#82575	REDUCE cov: 2255 ft: 5732 corp: 793/57Kb lim: 246 exec/s: 3303 rss: 261Mb L: 37/246 MS: 3 InsertByte-ChangeByte-PersAutoDict- DE: "\377\377\377\377\377\377\377\013"-
#82591	NEW    cov: 2255 ft: 5733 corp: 794/57Kb lim: 246 exec/s: 3303 rss: 261Mb L: 84/246 MS: 1 CrossOver-
#82602	REDUCE cov: 2255 ft: 5734 corp: 795/57Kb lim: 246 exec/s: 3304 rss: 261Mb L: 63/246 MS: 1 EraseBytes-
#82703	REDUCE cov: 2255 ft: 5734 corp: 795/57Kb lim: 246 exec/s: 3308 rss: 261Mb L: 27/246 MS: 1 EraseBytes-
#82805	REDUCE cov: 2255 ft: 5734 corp: 795/57Kb lim: 246 exec/s: 3312 rss: 261Mb L: 27/246 MS: 2 ChangeASCIIInt-EraseBytes-
#82866	REDUCE cov: 2255 ft: 5734 corp: 795/57Kb lim: 246 exec/s: 3314 rss: 261Mb L: 11/246 MS: 1 EraseBytes-
#82950	REDUCE cov: 2255 ft: 5734 corp: 795/57Kb lim: 246 exec/s: 3318 rss: 262Mb L: 60/246 MS: 4 PersAutoDict-ChangeASCIIInt-ShuffleBytes-CrossOver- DE: "layers"-
#83011	REDUCE cov: 2255 ft: 5734 corp: 795/57Kb lim: 246 exec/s: 3320 rss: 262Mb L: 15/246 MS: 1 EraseBytes-
#83027	REDUCE cov: 2255 ft: 5734 corp: 795/57Kb lim: 246 exec/s: 3321 rss: 262Mb L: 28/246 MS: 1 EraseBytes-
#83093	REDUCE cov: 2255 ft: 5734 corp: 795/57Kb lim: 246 exec/s: 3323 rss: 262Mb L: 121/246 MS: 1 EraseBytes-
#83120	REDUCE cov: 2255 ft: 5734 corp: 795/57Kb lim: 246 exec/s: 3324 rss: 262Mb L: 173/246 MS: 2 CrossOver-EraseBytes-
#83141	NEW    cov: 2255 ft: 5735 corp: 796/57Kb lim: 246 exec/s: 3325 rss: 262Mb L: 13/246 MS: 1 CrossOver-
#83412	REDUCE cov: 2255 ft: 5735 corp: 796/57Kb lim: 246 exec/s: 3336 rss: 262Mb L: 35/246 MS: 1 EraseBytes-
#83418	REDUCE cov: 2255 ft: 5735 corp: 796/57Kb lim: 246 exec/s: 3336 rss: 262Mb L: 3/246 MS: 1 EraseBytes-
#83424	REDUCE cov: 2255 ft: 5735 corp: 796/57Kb lim: 246 exec/s: 3336 rss: 262Mb L: 74/246 MS: 1 EraseBytes-
#83500	REDUCE cov: 2255 ft: 5735 corp: 796/57Kb lim: 246 exec/s: 3340 rss: 262Mb L: 30/246 MS: 1 EraseBytes-
#83544	REDUCE cov: 2255 ft: 5735 corp: 796/57Kb lim: 246 exec/s: 3341 rss: 262Mb L: 100/246 MS: 4 InsertByte-InsertByte-CopyPart-EraseBytes-
#83545	REDUCE cov: 2255 ft: 5735 corp: 796/57Kb lim: 246 exec/s: 3341 rss: 262Mb L: 220/246 MS: 1 EraseBytes-
#83586	REDUCE cov: 2255 ft: 5735 corp: 796/56Kb lim: 246 exec/s: 3343 rss: 263Mb L: 69/246 MS: 1 EraseBytes-
#83617	REDUCE cov: 2255 ft: 5735 corp: 796/56Kb lim: 246 exec/s: 3344 rss: 263Mb L: 18/246 MS: 1 EraseBytes-
#83679	REDUCE cov: 2255 ft: 5735 corp: 796/56Kb lim: 246 exec/s: 3347 rss: 263Mb L: 36/246 MS: 2 PersAutoDict-EraseBytes- DE: "dige"-
#83750	REDUCE cov: 2255 ft: 5735 corp: 796/56Kb lim: 246 exec/s: 3350 rss: 263Mb L: 23/246 MS: 1 EraseBytes-
#83896	REDUCE cov: 2255 ft: 5735 corp: 796/56Kb lim: 246 exec/s: 3226 rss: 263Mb L: 9/246 MS: 1 EraseBytes-
#83898	NEW    cov: 2256 ft: 5736 corp: 797/57Kb lim: 246 exec/s: 3226 rss: 263Mb L: 61/246 MS: 2 ChangeASCIIInt-ChangeASCIIInt-
#83992	NEW    cov: 2256 ft: 5737 corp: 798/57Kb lim: 246 exec/s: 3230 rss: 263Mb L: 110/246 MS: 4 ChangeBinInt-InsertByte-PersAutoDict-PersAutoDict- DE: "\377\377\377\377\377\377\377\000"-"layers"-
#84263	REDUCE cov: 2256 ft: 5737 corp: 798/57Kb lim: 246 exec/s: 3240 rss: 263Mb L: 139/246 MS: 1 EraseBytes-
#84354	REDUCE cov: 2256 ft: 5737 corp: 798/57Kb lim: 246 exec/s: 3244 rss: 263Mb L: 139/246 MS: 1 EraseBytes-
#84435	REDUCE cov: 2256 ft: 5737 corp: 798/57Kb lim: 246 exec/s: 3247 rss: 265Mb L: 69/246 MS: 1 EraseBytes-
#84471	NEW    cov: 2258 ft: 5739 corp: 799/57Kb lim: 246 exec/s: 3248 rss: 265Mb L: 8/246 MS: 1 PersAutoDict- DE: "\007\000"-
#84657	REDUCE cov: 2258 ft: 5739 corp: 799/57Kb lim: 246 exec/s: 3256 rss: 266Mb L: 43/246 MS: 1 EraseBytes-
#84674	REDUCE cov: 2258 ft: 5739 corp: 799/57Kb lim: 246 exec/s: 3256 rss: 266Mb L: 46/246 MS: 2 ShuffleBytes-EraseBytes-
#84707	REDUCE cov: 2258 ft: 5739 corp: 799/57Kb lim: 246 exec/s: 3257 rss: 266Mb L: 18/246 MS: 3 ChangeBinInt-ChangeBit-EraseBytes-
#84775	REDUCE cov: 2258 ft: 5739 corp: 799/57Kb lim: 246 exec/s: 3260 rss: 266Mb L: 26/246 MS: 3 ShuffleBytes-ChangeBinInt-EraseBytes-
#84901	REDUCE cov: 2258 ft: 5739 corp: 799/57Kb lim: 246 exec/s: 3265 rss: 266Mb L: 60/246 MS: 1 EraseBytes-
#84936	REDUCE cov: 2258 ft: 5739 corp: 799/57Kb lim: 246 exec/s: 3266 rss: 266Mb L: 55/246 MS: 5 CrossOver-ShuffleBytes-PersAutoDict-ShuffleBytes-EraseBytes- DE: "\021\000\000\000\000\000\000\200"-
#84961	NEW    cov: 2259 ft: 5741 corp: 800/57Kb lim: 246 exec/s: 3267 rss: 266Mb L: 80/246 MS: 5 InsertByte-ChangeASCIIInt-ChangeBit-ChangeBinInt-CopyPart-
#85078	REDUCE cov: 2259 ft: 5741 corp: 800/57Kb lim: 246 exec/s: 3272 rss: 266Mb L: 49/246 MS: 2 ChangeBit-EraseBytes-
#85080	REDUCE cov: 2259 ft: 5741 corp: 800/57Kb lim: 246 exec/s: 3272 rss: 266Mb L: 35/246 MS: 2 ChangeBit-EraseBytes-
#85186	REDUCE cov: 2259 ft: 5741 corp: 800/57Kb lim: 246 exec/s: 3276 rss: 266Mb L: 37/246 MS: 1 EraseBytes-
#85203	REDUCE cov: 2261 ft: 5743 corp: 801/57Kb lim: 246 exec/s: 3277 rss: 266Mb L: 122/246 MS: 2 ShuffleBytes-InsertRepeatedBytes-
#85215	REDUCE cov: 2261 ft: 5743 corp: 801/57Kb lim: 246 exec/s: 3277 rss: 267Mb L: 57/246 MS: 2 ShuffleBytes-EraseBytes-
#85319	NEW    cov: 2261 ft: 5744 corp: 802/57Kb lim: 246 exec/s: 3281 rss: 267Mb L: 186/246 MS: 4 ChangeByte-CopyPart-ChangeBit-EraseBytes-
#85445	REDUCE cov: 2261 ft: 5744 corp: 802/57Kb lim: 246 exec/s: 3286 rss: 267Mb L: 74/246 MS: 1 EraseBytes-
#85528	REDUCE cov: 2261 ft: 5744 corp: 802/57Kb lim: 246 exec/s: 3289 rss: 267Mb L: 55/246 MS: 3 ChangeByte-ShuffleBytes-EraseBytes-
#85664	REDUCE cov: 2261 ft: 5744 corp: 802/57Kb lim: 246 exec/s: 3294 rss: 267Mb L: 60/246 MS: 1 EraseBytes-
#85701	REDUCE cov: 2261 ft: 5745 corp: 803/57Kb lim: 246 exec/s: 3296 rss: 267Mb L: 124/246 MS: 2 ChangeBit-PersAutoDict- DE: "TOOMANYREQUESTS"-
#85817	REDUCE cov: 2261 ft: 5745 corp: 803/57Kb lim: 246 exec/s: 3300 rss: 267Mb L: 61/246 MS: 1 EraseBytes-
#85879	REDUCE cov: 2261 ft: 5745 corp: 803/57Kb lim: 246 exec/s: 3303 rss: 267Mb L: 99/246 MS: 2 InsertRepeatedBytes-EraseBytes-
#85886	REDUCE cov: 2261 ft: 5745 corp: 803/57Kb lim: 246 exec/s: 3303 rss: 267Mb L: 48/246 MS: 2 PersAutoDict-EraseBytes- DE: "\001\000\000\000\000\000\000="-
#85938	REDUCE cov: 2261 ft: 5745 corp: 803/57Kb lim: 246 exec/s: 3305 rss: 267Mb L: 44/246 MS: 2 InsertByte-EraseBytes-
#85990	NEW    cov: 2263 ft: 5753 corp: 804/57Kb lim: 246 exec/s: 3307 rss: 267Mb L: 6/246 MS: 2 InsertByte-ShuffleBytes-
#86026	REDUCE cov: 2263 ft: 5753 corp: 804/57Kb lim: 246 exec/s: 3308 rss: 268Mb L: 206/246 MS: 1 EraseBytes-
#86119	REDUCE cov: 2264 ft: 5754 corp: 805/57Kb lim: 246 exec/s: 3312 rss: 268Mb L: 15/246 MS: 3 EraseBytes-CopyPart-CrossOver-
#86196	REDUCE cov: 2264 ft: 5754 corp: 805/57Kb lim: 246 exec/s: 3315 rss: 268Mb L: 44/246 MS: 2 ChangeBit-CrossOver-
#86437	REDUCE cov: 2264 ft: 5754 corp: 805/57Kb lim: 246 exec/s: 3324 rss: 268Mb L: 175/246 MS: 1 EraseBytes-
#86498	REDUCE cov: 2264 ft: 5754 corp: 805/57Kb lim: 246 exec/s: 3326 rss: 268Mb L: 63/246 MS: 1 EraseBytes-
#86512	REDUCE cov: 2264 ft: 5755 corp: 806/57Kb lim: 246 exec/s: 3327 rss: 268Mb L: 156/246 MS: 4 EraseBytes-ShuffleBytes-InsertByte-InsertRepeatedBytes-
#86603	NEW    cov: 2264 ft: 5757 corp: 807/57Kb lim: 246 exec/s: 3330 rss: 268Mb L: 95/246 MS: 1 ChangeBinInt-
#86659	REDUCE cov: 2264 ft: 5757 corp: 807/57Kb lim: 246 exec/s: 3333 rss: 269Mb L: 58/246 MS: 1 EraseBytes-
#86670	REDUCE cov: 2264 ft: 5757 corp: 807/57Kb lim: 246 exec/s: 3333 rss: 269Mb L: 164/246 MS: 1 EraseBytes-
#86682	REDUCE cov: 2264 ft: 5757 corp: 807/57Kb lim: 246 exec/s: 3333 rss: 269Mb L: 43/246 MS: 2 PersAutoDict-EraseBytes- DE: "\000\000\000\356"-
#86686	REDUCE cov: 2264 ft: 5757 corp: 807/57Kb lim: 246 exec/s: 3334 rss: 269Mb L: 140/246 MS: 4 CrossOver-CopyPart-ShuffleBytes-EraseBytes-
#86703	REDUCE cov: 2264 ft: 5757 corp: 807/57Kb lim: 246 exec/s: 3334 rss: 269Mb L: 62/246 MS: 2 ChangeByte-EraseBytes-
#86734	REDUCE cov: 2264 ft: 5757 corp: 807/57Kb lim: 246 exec/s: 3335 rss: 269Mb L: 26/246 MS: 1 EraseBytes-
#86750	REDUCE cov: 2264 ft: 5757 corp: 807/57Kb lim: 246 exec/s: 3336 rss: 269Mb L: 56/246 MS: 1 EraseBytes-
#86762	REDUCE cov: 2264 ft: 5758 corp: 808/57Kb lim: 246 exec/s: 3337 rss: 269Mb L: 178/246 MS: 2 CrossOver-CrossOver-
#86833	REDUCE cov: 2264 ft: 5758 corp: 808/57Kb lim: 246 exec/s: 3339 rss: 269Mb L: 92/246 MS: 1 EraseBytes-
#86836	REDUCE cov: 2264 ft: 5758 corp: 808/57Kb lim: 246 exec/s: 3339 rss: 269Mb L: 38/246 MS: 3 ChangeByte-InsertByte-EraseBytes-
#86970	REDUCE cov: 2264 ft: 5758 corp: 808/57Kb lim: 246 exec/s: 3345 rss: 269Mb L: 69/246 MS: 4 ShuffleBytes-InsertByte-ChangeByte-EraseBytes-
#87032	REDUCE cov: 2264 ft: 5758 corp: 808/57Kb lim: 246 exec/s: 3347 rss: 269Mb L: 85/246 MS: 2 PersAutoDict-EraseBytes- DE: "\000\011"-
#87093	REDUCE cov: 2264 ft: 5758 corp: 808/57Kb lim: 246 exec/s: 3349 rss: 269Mb L: 60/246 MS: 1 EraseBytes-
#87144	REDUCE cov: 2264 ft: 5758 corp: 808/57Kb lim: 246 exec/s: 3351 rss: 269Mb L: 41/246 MS: 1 EraseBytes-
#87167	REDUCE cov: 2264 ft: 5758 corp: 808/57Kb lim: 246 exec/s: 3352 rss: 269Mb L: 22/246 MS: 3 ChangeBit-CMP-EraseBytes- DE: "errors"-
#87229	REDUCE cov: 2264 ft: 5758 corp: 808/57Kb lim: 246 exec/s: 3354 rss: 270Mb L: 90/246 MS: 2 InsertRepeatedBytes-EraseBytes-
#87230	REDUCE cov: 2264 ft: 5758 corp: 808/57Kb lim: 246 exec/s: 3355 rss: 270Mb L: 71/246 MS: 1 EraseBytes-
#87303	REDUCE cov: 2264 ft: 5758 corp: 808/57Kb lim: 246 exec/s: 3233 rss: 270Mb L: 89/246 MS: 3 ChangeASCIIInt-ChangeByte-EraseBytes-
#87313	REDUCE cov: 2264 ft: 5758 corp: 808/57Kb lim: 246 exec/s: 3233 rss: 270Mb L: 96/246 MS: 5 PersAutoDict-ChangeBinInt-CMP-CrossOver-EraseBytes- DE: "\021\000\000\000\000\000\000\000"-"MAN_INVALID"-
#87446	REDUCE cov: 2264 ft: 5758 corp: 808/57Kb lim: 246 exec/s: 3238 rss: 270Mb L: 16/246 MS: 3 CopyPart-InsertByte-EraseBytes-
#87492	REDUCE cov: 2264 ft: 5758 corp: 808/57Kb lim: 246 exec/s: 3240 rss: 270Mb L: 33/246 MS: 1 EraseBytes-
#87531	NEW    cov: 2264 ft: 5759 corp: 809/57Kb lim: 246 exec/s: 3241 rss: 270Mb L: 86/246 MS: 4 ChangeByte-InsertByte-ChangeASCIIInt-CrossOver-
#87677	REDUCE cov: 2264 ft: 5759 corp: 809/57Kb lim: 246 exec/s: 3247 rss: 270Mb L: 32/246 MS: 1 EraseBytes-
#87704	REDUCE cov: 2264 ft: 5759 corp: 809/57Kb lim: 246 exec/s: 3248 rss: 270Mb L: 27/246 MS: 2 ChangeBit-EraseBytes-
#87771	REDUCE cov: 2264 ft: 5759 corp: 809/57Kb lim: 246 exec/s: 3250 rss: 270Mb L: 71/246 MS: 2 ShuffleBytes-EraseBytes-
#87793	REDUCE cov: 2264 ft: 5759 corp: 809/57Kb lim: 246 exec/s: 3251 rss: 270Mb L: 55/246 MS: 2 InsertByte-EraseBytes-
#87969	REDUCE cov: 2264 ft: 5759 corp: 809/57Kb lim: 246 exec/s: 3258 rss: 272Mb L: 12/246 MS: 1 EraseBytes-
#88041	REDUCE cov: 2264 ft: 5759 corp: 809/57Kb lim: 246 exec/s: 3260 rss: 272Mb L: 34/246 MS: 2 ChangeBit-EraseBytes-
#88053	REDUCE cov: 2264 ft: 5759 corp: 809/57Kb lim: 246 exec/s: 3261 rss: 272Mb L: 25/246 MS: 2 CrossOver-EraseBytes-
#88064	REDUCE cov: 2264 ft: 5759 corp: 809/57Kb lim: 246 exec/s: 3261 rss: 273Mb L: 68/246 MS: 1 CrossOver-
#88120	REDUCE cov: 2264 ft: 5759 corp: 809/57Kb lim: 246 exec/s: 3263 rss: 273Mb L: 38/246 MS: 1 EraseBytes-
#88223	REDUCE cov: 2264 ft: 5759 corp: 809/57Kb lim: 246 exec/s: 3267 rss: 273Mb L: 73/246 MS: 3 ChangeBinInt-InsertRepeatedBytes-CrossOver-
#88339	REDUCE cov: 2264 ft: 5759 corp: 809/57Kb lim: 246 exec/s: 3271 rss: 273Mb L: 57/246 MS: 1 EraseBytes-
#88366	REDUCE cov: 2264 ft: 5759 corp: 809/57Kb lim: 246 exec/s: 3272 rss: 273Mb L: 58/246 MS: 2 PersAutoDict-EraseBytes- DE: "\001\000"-
#88380	REDUCE cov: 2264 ft: 5760 corp: 810/57Kb lim: 246 exec/s: 3273 rss: 273Mb L: 118/246 MS: 4 CopyPart-EraseBytes-ChangeBinInt-InsertRepeatedBytes-
#88474	REDUCE cov: 2264 ft: 5760 corp: 810/57Kb lim: 246 exec/s: 3276 rss: 273Mb L: 3/246 MS: 4 ChangeByte-CopyPart-EraseBytes-EraseBytes-
#88610	REDUCE cov: 2264 ft: 5760 corp: 810/57Kb lim: 246 exec/s: 3281 rss: 273Mb L: 97/246 MS: 1 EraseBytes-
#88612	NEW    cov: 2264 ft: 5761 corp: 811/57Kb lim: 246 exec/s: 3281 rss: 273Mb L: 34/246 MS: 2 EraseBytes-CrossOver-
#88731	REDUCE cov: 2264 ft: 5761 corp: 811/57Kb lim: 246 exec/s: 3286 rss: 274Mb L: 34/246 MS: 4 ChangeByte-ChangeByte-ChangeBit-EraseBytes-
#88774	REDUCE cov: 2264 ft: 5762 corp: 812/57Kb lim: 246 exec/s: 3287 rss: 274Mb L: 189/246 MS: 3 CrossOver-InsertByte-InsertRepeatedBytes-
#88845	REDUCE cov: 2264 ft: 5762 corp: 812/57Kb lim: 246 exec/s: 3290 rss: 274Mb L: 57/246 MS: 1 CrossOver-
#88851	REDUCE cov: 2264 ft: 5762 corp: 812/57Kb lim: 246 exec/s: 3290 rss: 274Mb L: 38/246 MS: 1 EraseBytes-
#88882	REDUCE cov: 2264 ft: 5762 corp: 812/57Kb lim: 246 exec/s: 3291 rss: 274Mb L: 9/246 MS: 1 EraseBytes-
#88991	REDUCE cov: 2264 ft: 5762 corp: 812/57Kb lim: 246 exec/s: 3295 rss: 274Mb L: 150/246 MS: 4 CMP-CopyPart-ChangeBinInt-EraseBytes- DE: "\022\000\000\000"-
#89153	REDUCE cov: 2264 ft: 5762 corp: 812/57Kb lim: 246 exec/s: 3301 rss: 274Mb L: 131/246 MS: 2 ChangeBinInt-EraseBytes-
#89180	REDUCE cov: 2264 ft: 5764 corp: 813/57Kb lim: 246 exec/s: 3302 rss: 274Mb L: 39/246 MS: 2 ChangeBinInt-CopyPart-
#89449	REDUCE cov: 2264 ft: 5764 corp: 813/57Kb lim: 246 exec/s: 3312 rss: 275Mb L: 42/246 MS: 4 CMP-ChangeByte-ChangeBit-EraseBytes- DE: "\001\000\000\000\000\000\000\000"-
#89465	NEW    cov: 2264 ft: 5765 corp: 814/57Kb lim: 246 exec/s: 3313 rss: 275Mb L: 168/246 MS: 1 ChangeASCIIInt-
#89498	REDUCE cov: 2264 ft: 5765 corp: 814/57Kb lim: 246 exec/s: 3314 rss: 275Mb L: 130/246 MS: 3 ShuffleBytes-ChangeASCIIInt-EraseBytes-
#89579	REDUCE cov: 2264 ft: 5765 corp: 814/57Kb lim: 246 exec/s: 3317 rss: 275Mb L: 40/246 MS: 1 EraseBytes-
#89641	REDUCE cov: 2264 ft: 5765 corp: 814/57Kb lim: 246 exec/s: 3320 rss: 275Mb L: 115/246 MS: 2 ChangeBinInt-EraseBytes-
#89683	REDUCE cov: 2264 ft: 5765 corp: 814/57Kb lim: 246 exec/s: 3321 rss: 275Mb L: 36/246 MS: 2 ChangeByte-EraseBytes-
#89854	REDUCE cov: 2264 ft: 5765 corp: 814/57Kb lim: 246 exec/s: 3327 rss: 275Mb L: 22/246 MS: 1 EraseBytes-
#89916	REDUCE cov: 2264 ft: 5765 corp: 814/57Kb lim: 246 exec/s: 3330 rss: 275Mb L: 26/246 MS: 2 ShuffleBytes-EraseBytes-
#89974	REDUCE cov: 2264 ft: 5765 corp: 814/57Kb lim: 246 exec/s: 3332 rss: 275Mb L: 17/246 MS: 3 ShuffleBytes-ChangeByte-EraseBytes-
#90033	REDUCE cov: 2264 ft: 5765 corp: 814/57Kb lim: 246 exec/s: 3334 rss: 275Mb L: 48/246 MS: 4 InsertByte-ChangeByte-ChangeASCIIInt-EraseBytes-
#90102	REDUCE cov: 2264 ft: 5765 corp: 814/57Kb lim: 246 exec/s: 3337 rss: 276Mb L: 167/246 MS: 4 ChangeASCIIInt-InsertByte-ChangeByte-EraseBytes-
#90108	REDUCE cov: 2264 ft: 5765 corp: 814/57Kb lim: 246 exec/s: 3337 rss: 276Mb L: 117/246 MS: 1 CrossOver-
#90147	REDUCE cov: 2264 ft: 5765 corp: 814/57Kb lim: 246 exec/s: 3338 rss: 276Mb L: 74/246 MS: 4 ChangeByte-InsertByte-PersAutoDict-EraseBytes- DE: "manifests"-
#90214	REDUCE cov: 2264 ft: 5765 corp: 814/57Kb lim: 246 exec/s: 3341 rss: 276Mb L: 179/246 MS: 2 InsertByte-EraseBytes-
#90240	REDUCE cov: 2264 ft: 5765 corp: 814/57Kb lim: 246 exec/s: 3342 rss: 276Mb L: 18/246 MS: 1 EraseBytes-
#90282	REDUCE cov: 2264 ft: 5765 corp: 814/57Kb lim: 246 exec/s: 3343 rss: 276Mb L: 45/246 MS: 2 ShuffleBytes-EraseBytes-
#90300	REDUCE cov: 2264 ft: 5765 corp: 814/57Kb lim: 246 exec/s: 3344 rss: 276Mb L: 76/246 MS: 3 InsertByte-CrossOver-EraseBytes-
#90401	REDUCE cov: 2264 ft: 5765 corp: 814/57Kb lim: 246 exec/s: 3348 rss: 276Mb L: 48/246 MS: 1 EraseBytes-
#90540	REDUCE cov: 2264 ft: 5765 corp: 814/57Kb lim: 246 exec/s: 3353 rss: 276Mb L: 60/246 MS: 4 ChangeByte-ChangeBinInt-ShuffleBytes-EraseBytes-
#90571	REDUCE cov: 2264 ft: 5765 corp: 814/57Kb lim: 246 exec/s: 3354 rss: 276Mb L: 6/246 MS: 1 EraseBytes-
#90609	REDUCE cov: 2264 ft: 5765 corp: 814/57Kb lim: 246 exec/s: 3355 rss: 276Mb L: 69/246 MS: 3 ShuffleBytes-PersAutoDict-EraseBytes- DE: "\354\000\000\000\000\000\000\000"-
#90689	NEW    cov: 2264 ft: 5767 corp: 815/57Kb lim: 246 exec/s: 3358 rss: 276Mb L: 67/246 MS: 5 CopyPart-ChangeBinInt-ChangeByte-ChangeBinInt-EraseBytes-
#90691	REDUCE cov: 2264 ft: 5767 corp: 815/57Kb lim: 246 exec/s: 3358 rss: 276Mb L: 23/246 MS: 2 ChangeBinInt-EraseBytes-
#90697	REDUCE cov: 2264 ft: 5767 corp: 815/57Kb lim: 246 exec/s: 3359 rss: 276Mb L: 19/246 MS: 1 EraseBytes-
#90718	REDUCE cov: 2264 ft: 5767 corp: 815/57Kb lim: 246 exec/s: 3359 rss: 276Mb L: 21/246 MS: 1 EraseBytes-
#90795	REDUCE cov: 2264 ft: 5767 corp: 815/57Kb lim: 246 exec/s: 3362 rss: 277Mb L: 37/246 MS: 2 CopyPart-EraseBytes-
#90887	NEW    cov: 2264 ft: 5769 corp: 816/57Kb lim: 246 exec/s: 3245 rss: 277Mb L: 179/246 MS: 2 CopyPart-InsertByte-
#90924	REDUCE cov: 2264 ft: 5769 corp: 816/57Kb lim: 246 exec/s: 3247 rss: 277Mb L: 46/246 MS: 2 InsertByte-EraseBytes-
#90927	REDUCE cov: 2264 ft: 5778 corp: 817/57Kb lim: 246 exec/s: 3247 rss: 277Mb L: 191/246 MS: 3 InsertByte-CopyPart-EraseBytes-
#91028	REDUCE cov: 2264 ft: 5778 corp: 817/57Kb lim: 246 exec/s: 3251 rss: 277Mb L: 132/246 MS: 1 EraseBytes-
#91124	NEW    cov: 2264 ft: 5779 corp: 818/57Kb lim: 246 exec/s: 3254 rss: 277Mb L: 95/246 MS: 1 CopyPart-
#91174	REDUCE cov: 2264 ft: 5780 corp: 819/57Kb lim: 246 exec/s: 3256 rss: 277Mb L: 58/246 MS: 5 ChangeASCIIInt-ChangeByte-ChangeASCIIInt-PersAutoDict-ShuffleBytes- DE: "\000\000\000\000\000\000\000\350"-
#91238	REDUCE cov: 2270 ft: 5786 corp: 820/58Kb lim: 246 exec/s: 3258 rss: 277Mb L: 242/246 MS: 4 InsertRepeatedBytes-ChangeBit-CopyPart-CopyPart-
#91311	REDUCE cov: 2270 ft: 5786 corp: 820/58Kb lim: 246 exec/s: 3261 rss: 277Mb L: 22/246 MS: 3 CopyPart-InsertByte-EraseBytes-
#91312	REDUCE cov: 2270 ft: 5786 corp: 820/58Kb lim: 246 exec/s: 3261 rss: 278Mb L: 92/246 MS: 1 EraseBytes-
#91317	REDUCE cov: 2270 ft: 5787 corp: 821/58Kb lim: 246 exec/s: 3261 rss: 278Mb L: 246/246 MS: 5 InsertRepeatedBytes-CopyPart-ChangeBinInt-CopyPart-CrossOver-
#91331	REDUCE cov: 2270 ft: 5787 corp: 821/58Kb lim: 246 exec/s: 3261 rss: 278Mb L: 98/246 MS: 4 InsertByte-CMP-ShuffleBytes-EraseBytes- DE: "mediaType"-
#91342	REDUCE cov: 2270 ft: 5787 corp: 821/58Kb lim: 246 exec/s: 3262 rss: 278Mb L: 103/246 MS: 1 CrossOver-
#91346	REDUCE cov: 2270 ft: 5787 corp: 821/58Kb lim: 246 exec/s: 3262 rss: 278Mb L: 141/246 MS: 4 ChangeBit-CopyPart-ShuffleBytes-EraseBytes-
#91417	REDUCE cov: 2272 ft: 5789 corp: 822/58Kb lim: 246 exec/s: 3264 rss: 280Mb L: 29/246 MS: 1 CrossOver-
#91424	REDUCE cov: 2272 ft: 5789 corp: 822/58Kb lim: 246 exec/s: 3265 rss: 280Mb L: 33/246 MS: 2 ChangeASCIIInt-EraseBytes-
#91490	REDUCE cov: 2272 ft: 5789 corp: 822/58Kb lim: 246 exec/s: 3267 rss: 280Mb L: 8/246 MS: 1 EraseBytes-
#91493	REDUCE cov: 2272 ft: 5789 corp: 822/58Kb lim: 246 exec/s: 3267 rss: 280Mb L: 166/246 MS: 3 ShuffleBytes-ChangeBinInt-EraseBytes-
#91501	REDUCE cov: 2272 ft: 5789 corp: 822/58Kb lim: 246 exec/s: 3267 rss: 280Mb L: 42/246 MS: 3 PersAutoDict-CopyPart-EraseBytes- DE: "\200\377\377\377\377\377\377\377"-
#91503	REDUCE cov: 2272 ft: 5789 corp: 822/58Kb lim: 246 exec/s: 3267 rss: 280Mb L: 33/246 MS: 2 ChangeASCIIInt-EraseBytes-
#91510	REDUCE cov: 2272 ft: 5789 corp: 822/58Kb lim: 246 exec/s: 3268 rss: 280Mb L: 63/246 MS: 2 ChangeBit-EraseBytes-
#91536	REDUCE cov: 2272 ft: 5789 corp: 822/58Kb lim: 246 exec/s: 3269 rss: 280Mb L: 18/246 MS: 1 EraseBytes-
#91617	REDUCE cov: 2272 ft: 5789 corp: 822/58Kb lim: 246 exec/s: 3272 rss: 280Mb L: 52/246 MS: 1 EraseBytes-
#91658	REDUCE cov: 2274 ft: 5791 corp: 823/58Kb lim: 246 exec/s: 3273 rss: 280Mb L: 3/246 MS: 1 CrossOver-
#91674	REDUCE cov: 2274 ft: 5791 corp: 823/58Kb lim: 246 exec/s: 3274 rss: 280Mb L: 106/246 MS: 1 EraseBytes-
#91696	REDUCE cov: 2274 ft: 5791 corp: 823/58Kb lim: 246 exec/s: 3274 rss: 280Mb L: 61/246 MS: 2 PersAutoDict-EraseBytes- DE: "\000\012"-
#91761	REDUCE cov: 2274 ft: 5791 corp: 823/58Kb lim: 246 exec/s: 3277 rss: 280Mb L: 8/246 MS: 5 ChangeByte-ChangeBinInt-ShuffleBytes-CopyPart-EraseBytes-
#91778	REDUCE cov: 2274 ft: 5791 corp: 823/58Kb lim: 246 exec/s: 3277 rss: 280Mb L: 20/246 MS: 2 InsertByte-EraseBytes-
#91810	REDUCE cov: 2274 ft: 5791 corp: 823/58Kb lim: 246 exec/s: 3278 rss: 280Mb L: 70/246 MS: 2 ChangeASCIIInt-EraseBytes-
#91854	REDUCE cov: 2274 ft: 5791 corp: 823/58Kb lim: 246 exec/s: 3280 rss: 280Mb L: 25/246 MS: 4 ChangeBit-PersAutoDict-InsertByte-EraseBytes- DE: "\377\377\377\372"-
#92157	REDUCE cov: 2274 ft: 5792 corp: 824/58Kb lim: 246 exec/s: 3291 rss: 281Mb L: 106/246 MS: 3 ChangeASCIIInt-CrossOver-EraseBytes-
#92178	REDUCE cov: 2274 ft: 5792 corp: 824/58Kb lim: 246 exec/s: 3292 rss: 281Mb L: 56/246 MS: 1 EraseBytes-
#92325	REDUCE cov: 2274 ft: 5792 corp: 824/58Kb lim: 246 exec/s: 3297 rss: 281Mb L: 74/246 MS: 2 PersAutoDict-EraseBytes- DE: "\377\377\377\377\377\377\377\000"-
#92347	REDUCE cov: 2274 ft: 5792 corp: 824/58Kb lim: 246 exec/s: 3298 rss: 281Mb L: 67/246 MS: 2 CrossOver-EraseBytes-
#92353	REDUCE cov: 2274 ft: 5792 corp: 824/58Kb lim: 246 exec/s: 3298 rss: 281Mb L: 16/246 MS: 1 EraseBytes-
#92392	NEW    cov: 2274 ft: 5793 corp: 825/58Kb lim: 246 exec/s: 3299 rss: 281Mb L: 93/246 MS: 4 ChangeByte-PersAutoDict-ChangeBinInt-InsertByte- DE: "\001\000\000\000\000\000\000\020"-
#92478	REDUCE cov: 2274 ft: 5793 corp: 825/58Kb lim: 246 exec/s: 3302 rss: 281Mb L: 93/246 MS: 1 EraseBytes-
#92489	REDUCE cov: 2274 ft: 5793 corp: 825/58Kb lim: 246 exec/s: 3303 rss: 281Mb L: 26/246 MS: 1 EraseBytes-
#92618	REDUCE cov: 2274 ft: 5793 corp: 825/58Kb lim: 246 exec/s: 3307 rss: 282Mb L: 54/246 MS: 4 InsertByte-ShuffleBytes-InsertByte-EraseBytes-
#92619	REDUCE cov: 2274 ft: 5793 corp: 825/58Kb lim: 246 exec/s: 3307 rss: 282Mb L: 62/246 MS: 1 EraseBytes-
#92632	REDUCE cov: 2274 ft: 5793 corp: 825/58Kb lim: 246 exec/s: 3308 rss: 282Mb L: 53/246 MS: 3 ChangeBit-InsertRepeatedBytes-CrossOver-
#92687	REDUCE cov: 2274 ft: 5793 corp: 825/58Kb lim: 246 exec/s: 3310 rss: 282Mb L: 67/246 MS: 5 CopyPart-ChangeBinInt-InsertRepeatedBytes-CrossOver-CrossOver-
#92758	REDUCE cov: 2274 ft: 5793 corp: 825/58Kb lim: 246 exec/s: 3312 rss: 282Mb L: 204/246 MS: 1 EraseBytes-
#92776	REDUCE cov: 2274 ft: 5793 corp: 825/58Kb lim: 246 exec/s: 3313 rss: 282Mb L: 92/246 MS: 3 ChangeBit-ShuffleBytes-EraseBytes-
#92802	REDUCE cov: 2274 ft: 5794 corp: 826/58Kb lim: 246 exec/s: 3314 rss: 282Mb L: 82/246 MS: 1 ChangeBinInt-
#92843	REDUCE cov: 2274 ft: 5794 corp: 826/58Kb lim: 246 exec/s: 3315 rss: 282Mb L: 9/246 MS: 1 EraseBytes-
#92874	REDUCE cov: 2274 ft: 5794 corp: 826/58Kb lim: 246 exec/s: 3316 rss: 282Mb L: 70/246 MS: 1 EraseBytes-
#92897	REDUCE cov: 2274 ft: 5794 corp: 826/58Kb lim: 246 exec/s: 3317 rss: 282Mb L: 72/246 MS: 3 ChangeByte-CopyPart-EraseBytes-
#92948	NEW    cov: 2274 ft: 5795 corp: 827/58Kb lim: 246 exec/s: 3319 rss: 282Mb L: 40/246 MS: 1 PersAutoDict- DE: "mediaT"-
#92979	REDUCE cov: 2274 ft: 5795 corp: 827/58Kb lim: 246 exec/s: 3320 rss: 282Mb L: 18/246 MS: 1 EraseBytes-
#93000	REDUCE cov: 2274 ft: 5795 corp: 827/58Kb lim: 246 exec/s: 3321 rss: 282Mb L: 76/246 MS: 1 EraseBytes-
#93026	NEW    cov: 2274 ft: 5797 corp: 828/58Kb lim: 246 exec/s: 3322 rss: 282Mb L: 137/246 MS: 1 EraseBytes-
#93244	REDUCE cov: 2274 ft: 5797 corp: 828/58Kb lim: 246 exec/s: 3330 rss: 283Mb L: 100/246 MS: 3 PersAutoDict-ChangeBit-EraseBytes- DE: "\000\000\000\000\000\000\000\350"-
#93250	REDUCE cov: 2274 ft: 5797 corp: 828/58Kb lim: 246 exec/s: 3330 rss: 283Mb L: 65/246 MS: 1 EraseBytes-
#93260	REDUCE cov: 2274 ft: 5797 corp: 828/58Kb lim: 246 exec/s: 3330 rss: 283Mb L: 2/246 MS: 5 CopyPart-CopyPart-ChangeBit-InsertByte-EraseBytes-
#93267	REDUCE cov: 2274 ft: 5797 corp: 828/58Kb lim: 246 exec/s: 3330 rss: 283Mb L: 164/246 MS: 2 ShuffleBytes-EraseBytes-
#93528	REDUCE cov: 2274 ft: 5797 corp: 828/58Kb lim: 246 exec/s: 3340 rss: 283Mb L: 10/246 MS: 1 EraseBytes-
#93611	REDUCE cov: 2274 ft: 5797 corp: 828/58Kb lim: 246 exec/s: 3343 rss: 283Mb L: 28/246 MS: 3 ChangeByte-PersAutoDict-EraseBytes- DE: "\377\377\377\377"-
#93633	REDUCE cov: 2274 ft: 5797 corp: 828/58Kb lim: 246 exec/s: 3344 rss: 283Mb L: 31/246 MS: 2 CMP-EraseBytes- DE: "code"-
#93644	REDUCE cov: 2274 ft: 5797 corp: 828/58Kb lim: 246 exec/s: 3344 rss: 283Mb L: 68/246 MS: 1 EraseBytes-
#93685	REDUCE cov: 2274 ft: 5797 corp: 828/58Kb lim: 246 exec/s: 3345 rss: 283Mb L: 73/246 MS: 1 EraseBytes-
#93696	REDUCE cov: 2274 ft: 5797 corp: 828/58Kb lim: 246 exec/s: 3346 rss: 283Mb L: 84/246 MS: 1 EraseBytes-
#93717	REDUCE cov: 2274 ft: 5798 corp: 829/58Kb lim: 246 exec/s: 3347 rss: 283Mb L: 46/246 MS: 1 PersAutoDict- DE: "dsgest"-
#93733	REDUCE cov: 2274 ft: 5800 corp: 830/58Kb lim: 246 exec/s: 3347 rss: 284Mb L: 29/246 MS: 1 EraseBytes-
#93851	REDUCE cov: 2274 ft: 5800 corp: 830/58Kb lim: 246 exec/s: 3351 rss: 284Mb L: 59/246 MS: 3 ChangeByte-ChangeBinInt-EraseBytes-
#93981	NEW    cov: 2274 ft: 5804 corp: 831/58Kb lim: 246 exec/s: 3356 rss: 284Mb L: 159/246 MS: 5 ChangeBinInt-CMP-ChangeBinInt-PersAutoDict-InsertByte- DE: "manifests"-"\015\000\000\000\000\000\000\000"-
#94004	REDUCE cov: 2274 ft: 5804 corp: 831/58Kb lim: 246 exec/s: 3357 rss: 284Mb L: 175/246 MS: 3 ChangeASCIIInt-CMP-EraseBytes- DE: "eorrrs"-
#94140	REDUCE cov: 2274 ft: 5804 corp: 831/58Kb lim: 246 exec/s: 3362 rss: 284Mb L: 112/246 MS: 1 EraseBytes-
#94252	NEW    cov: 2274 ft: 5805 corp: 832/58Kb lim: 246 exec/s: 3366 rss: 284Mb L: 14/246 MS: 2 ChangeASCIIInt-CopyPart-
#94274	NEW    cov: 2274 ft: 5806 corp: 833/58Kb lim: 246 exec/s: 3250 rss: 284Mb L: 85/246 MS: 2 ShuffleBytes-InsertByte-
#94355	REDUCE cov: 2274 ft: 5806 corp: 833/58Kb lim: 246 exec/s: 3253 rss: 284Mb L: 37/246 MS: 1 EraseBytes-
#94388	REDUCE cov: 2274 ft: 5806 corp: 833/58Kb lim: 246 exec/s: 3254 rss: 284Mb L: 35/246 MS: 3 CMP-InsertByte-EraseBytes- DE: "c+de"-
#94474	REDUCE cov: 2274 ft: 5806 corp: 833/58Kb lim: 246 exec/s: 3257 rss: 284Mb L: 134/246 MS: 1 EraseBytes-
#94556	REDUCE cov: 2274 ft: 5806 corp: 833/58Kb lim: 246 exec/s: 3260 rss: 285Mb L: 50/246 MS: 2 CrossOver-EraseBytes-
#94590	REDUCE cov: 2274 ft: 5806 corp: 833/58Kb lim: 246 exec/s: 3261 rss: 285Mb L: 79/246 MS: 4 ChangeByte-ChangeASCIIInt-CMP-EraseBytes- DE: "MANIFESTALID"-
#94606	REDUCE cov: 2274 ft: 5806 corp: 833/58Kb lim: 246 exec/s: 3262 rss: 285Mb L: 57/246 MS: 1 EraseBytes-
#94800	NEW    cov: 2274 ft: 5807 corp: 834/58Kb lim: 246 exec/s: 3268 rss: 285Mb L: 7/246 MS: 4 ChangeByte-PersAutoDict-ShuffleBytes-EraseBytes- DE: "deta"-
#94837	REDUCE cov: 2274 ft: 5807 corp: 834/58Kb lim: 246 exec/s: 3270 rss: 285Mb L: 57/246 MS: 2 ChangeByte-EraseBytes-
#94868	NEW    cov: 2275 ft: 5808 corp: 835/58Kb lim: 246 exec/s: 3271 rss: 285Mb L: 83/246 MS: 1 CrossOver-
#94899	REDUCE cov: 2275 ft: 5808 corp: 835/58Kb lim: 246 exec/s: 3272 rss: 287Mb L: 59/246 MS: 1 EraseBytes-
#94965	NEW    cov: 2275 ft: 5809 corp: 836/58Kb lim: 246 exec/s: 3274 rss: 287Mb L: 59/246 MS: 1 EraseBytes-
#94971	REDUCE cov: 2275 ft: 5809 corp: 836/58Kb lim: 246 exec/s: 3274 rss: 287Mb L: 38/246 MS: 1 EraseBytes-
#94992	REDUCE cov: 2275 ft: 5809 corp: 836/58Kb lim: 246 exec/s: 3275 rss: 287Mb L: 23/246 MS: 1 EraseBytes-
#95059	REDUCE cov: 2275 ft: 5809 corp: 836/58Kb lim: 246 exec/s: 3277 rss: 287Mb L: 26/246 MS: 2 ChangeBinInt-EraseBytes-
#95210	REDUCE cov: 2275 ft: 5809 corp: 836/58Kb lim: 246 exec/s: 3283 rss: 288Mb L: 208/246 MS: 1 EraseBytes-
#95248	REDUCE cov: 2275 ft: 5809 corp: 836/58Kb lim: 246 exec/s: 3284 rss: 288Mb L: 28/246 MS: 3 CopyPart-ChangeBinInt-EraseBytes-
#95499	REDUCE cov: 2275 ft: 5809 corp: 836/58Kb lim: 246 exec/s: 3293 rss: 288Mb L: 93/246 MS: 1 EraseBytes-
#95585	REDUCE cov: 2275 ft: 5809 corp: 836/58Kb lim: 246 exec/s: 3296 rss: 288Mb L: 114/246 MS: 1 EraseBytes-
#95600	REDUCE cov: 2275 ft: 5809 corp: 836/58Kb lim: 246 exec/s: 3296 rss: 288Mb L: 7/246 MS: 5 ChangeBit-EraseBytes-ShuffleBytes-EraseBytes-CopyPart-
#95672	REDUCE cov: 2275 ft: 5809 corp: 836/58Kb lim: 246 exec/s: 3299 rss: 288Mb L: 72/246 MS: 2 ChangeByte-EraseBytes-
#95677	NEW    cov: 2275 ft: 5810 corp: 837/58Kb lim: 246 exec/s: 3299 rss: 288Mb L: 177/246 MS: 5 InsertByte-CopyPart-ChangeBit-CrossOver-InsertByte-
#95724	REDUCE cov: 2275 ft: 5810 corp: 837/58Kb lim: 246 exec/s: 3300 rss: 288Mb L: 32/246 MS: 2 PersAutoDict-EraseBytes- DE: "\022\000\000\000"-
#95855	REDUCE cov: 2275 ft: 5810 corp: 837/58Kb lim: 246 exec/s: 3305 rss: 288Mb L: 73/246 MS: 1 EraseBytes-
#95857	REDUCE cov: 2275 ft: 5810 corp: 837/58Kb lim: 246 exec/s: 3305 rss: 288Mb L: 59/246 MS: 2 ShuffleBytes-EraseBytes-
#95878	REDUCE cov: 2275 ft: 5810 corp: 837/58Kb lim: 246 exec/s: 3306 rss: 288Mb L: 77/246 MS: 1 EraseBytes-
#95879	REDUCE cov: 2275 ft: 5810 corp: 837/58Kb lim: 246 exec/s: 3306 rss: 289Mb L: 18/246 MS: 1 EraseBytes-
#95932	REDUCE cov: 2275 ft: 5810 corp: 837/58Kb lim: 246 exec/s: 3308 rss: 289Mb L: 32/246 MS: 3 CopyPart-ShuffleBytes-EraseBytes-
#95940	REDUCE cov: 2275 ft: 5811 corp: 838/58Kb lim: 246 exec/s: 3308 rss: 289Mb L: 111/246 MS: 3 ChangeASCIIInt-PersAutoDict-CrossOver- DE: "MANIFEST_UNKNOWN"-
#96031	REDUCE cov: 2275 ft: 5811 corp: 838/58Kb lim: 246 exec/s: 3311 rss: 289Mb L: 63/246 MS: 1 EraseBytes-
#96102	REDUCE cov: 2275 ft: 5811 corp: 838/58Kb lim: 246 exec/s: 3313 rss: 289Mb L: 38/246 MS: 1 EraseBytes-
#96123	NEW    cov: 2275 ft: 5812 corp: 839/58Kb lim: 246 exec/s: 3314 rss: 289Mb L: 11/246 MS: 1 EraseBytes-
#96139	REDUCE cov: 2275 ft: 5812 corp: 839/58Kb lim: 246 exec/s: 3315 rss: 289Mb L: 48/246 MS: 1 EraseBytes-
#96210	REDUCE cov: 2275 ft: 5812 corp: 839/58Kb lim: 246 exec/s: 3317 rss: 289Mb L: 82/246 MS: 1 CrossOver-
#96431	REDUCE cov: 2275 ft: 5812 corp: 839/58Kb lim: 246 exec/s: 3325 rss: 289Mb L: 55/246 MS: 1 EraseBytes-
#96458	REDUCE cov: 2275 ft: 5812 corp: 839/58Kb lim: 246 exec/s: 3326 rss: 289Mb L: 124/246 MS: 2 ChangeByte-EraseBytes-
#96479	REDUCE cov: 2275 ft: 5812 corp: 839/58Kb lim: 246 exec/s: 3326 rss: 290Mb L: 52/246 MS: 1 EraseBytes-
#96545	REDUCE cov: 2275 ft: 5812 corp: 839/58Kb lim: 246 exec/s: 3329 rss: 290Mb L: 55/246 MS: 1 EraseBytes-
#96591	REDUCE cov: 2275 ft: 5812 corp: 839/58Kb lim: 246 exec/s: 3330 rss: 290Mb L: 97/246 MS: 1 EraseBytes-
#96633	REDUCE cov: 2275 ft: 5812 corp: 839/58Kb lim: 246 exec/s: 3332 rss: 290Mb L: 71/246 MS: 2 InsertRepeatedBytes-CrossOver-
#96646	NEW    cov: 2276 ft: 5814 corp: 840/58Kb lim: 246 exec/s: 3332 rss: 290Mb L: 82/246 MS: 3 PersAutoDict-CrossOver-CopyPart- DE: "\000\000\000\000\000\000\000\012"-
#96712	REDUCE cov: 2276 ft: 5814 corp: 840/58Kb lim: 246 exec/s: 3334 rss: 290Mb L: 54/246 MS: 1 EraseBytes-
#96740	REDUCE cov: 2276 ft: 5815 corp: 841/58Kb lim: 246 exec/s: 3335 rss: 290Mb L: 179/246 MS: 3 ChangeBinInt-ChangeBinInt-CMP- DE: "UNAUTHORIZED"-
#96814	REDUCE cov: 2276 ft: 5815 corp: 841/58Kb lim: 246 exec/s: 3338 rss: 290Mb L: 62/246 MS: 4 ChangeBinInt-InsertRepeatedBytes-ShuffleBytes-EraseBytes-
#96835	REDUCE cov: 2276 ft: 5815 corp: 841/58Kb lim: 246 exec/s: 3339 rss: 290Mb L: 29/246 MS: 1 EraseBytes-
#96886	REDUCE cov: 2276 ft: 5815 corp: 841/58Kb lim: 246 exec/s: 3340 rss: 290Mb L: 122/246 MS: 1 EraseBytes-
#96933	REDUCE cov: 2276 ft: 5815 corp: 841/58Kb lim: 246 exec/s: 3342 rss: 290Mb L: 76/246 MS: 2 ChangeBinInt-EraseBytes-
#96948	REDUCE cov: 2276 ft: 5815 corp: 841/58Kb lim: 246 exec/s: 3343 rss: 290Mb L: 121/246 MS: 5 ChangeASCIIInt-InsertByte-InsertByte-ChangeBit-EraseBytes-
#97005	NEW    cov: 2276 ft: 5818 corp: 842/58Kb lim: 246 exec/s: 3345 rss: 290Mb L: 29/246 MS: 2 ChangeByte-ChangeBit-
#97147	REDUCE cov: 2276 ft: 5818 corp: 842/58Kb lim: 246 exec/s: 3349 rss: 291Mb L: 61/246 MS: 2 ChangeByte-EraseBytes-
#97235	REDUCE cov: 2276 ft: 5818 corp: 842/58Kb lim: 246 exec/s: 3352 rss: 291Mb L: 97/246 MS: 3 InsertByte-ChangeBit-EraseBytes-
#97246	REDUCE cov: 2276 ft: 5818 corp: 842/58Kb lim: 246 exec/s: 3353 rss: 291Mb L: 52/246 MS: 1 EraseBytes-
#97306	REDUCE cov: 2276 ft: 5818 corp: 842/58Kb lim: 246 exec/s: 3355 rss: 291Mb L: 61/246 MS: 5 CMP-ChangeBit-PersAutoDict-ShuffleBytes-EraseBytes- DE: "errjrs"-"\377\377\377\377"-
#97332	NEW    cov: 2276 ft: 5819 corp: 843/58Kb lim: 246 exec/s: 3356 rss: 291Mb L: 209/246 MS: 1 InsertRepeatedBytes-
#97341	NEW    cov: 2277 ft: 5820 corp: 844/58Kb lim: 246 exec/s: 3356 rss: 291Mb L: 234/246 MS: 4 ChangeByte-ShuffleBytes-ChangeByte-CrossOver-
#97363	REDUCE cov: 2277 ft: 5820 corp: 844/58Kb lim: 246 exec/s: 3357 rss: 291Mb L: 205/246 MS: 2 ChangeBit-EraseBytes-
#97426	REDUCE cov: 2277 ft: 5820 corp: 844/58Kb lim: 246 exec/s: 3359 rss: 291Mb L: 97/246 MS: 3 PersAutoDict-InsertByte-EraseBytes- DE: " a"-
#97459	NEW    cov: 2277 ft: 5821 corp: 845/58Kb lim: 246 exec/s: 3360 rss: 291Mb L: 41/246 MS: 3 ChangeByte-PersAutoDict-EraseBytes- DE: "\000\000\000\000\000\000\0001"-
#97526	REDUCE cov: 2277 ft: 5821 corp: 845/58Kb lim: 246 exec/s: 3362 rss: 291Mb L: 43/246 MS: 2 CrossOver-EraseBytes-
#97555	REDUCE cov: 2277 ft: 5821 corp: 845/58Kb lim: 246 exec/s: 3363 rss: 291Mb L: 9/246 MS: 4 CopyPart-CrossOver-InsertByte-EraseBytes-
#97616	REDUCE cov: 2277 ft: 5821 corp: 845/58Kb lim: 246 exec/s: 3366 rss: 291Mb L: 29/246 MS: 1 EraseBytes-
#97677	NEW    cov: 2277 ft: 5822 corp: 846/58Kb lim: 246 exec/s: 3368 rss: 292Mb L: 103/246 MS: 1 CMP- DE: "NAME_INVALID"-
#97683	NEW    cov: 2277 ft: 5823 corp: 847/58Kb lim: 246 exec/s: 3368 rss: 292Mb L: 19/246 MS: 1 EraseBytes-
#97687	REDUCE cov: 2277 ft: 5823 corp: 847/58Kb lim: 246 exec/s: 3368 rss: 292Mb L: 8/246 MS: 4 InsertByte-CrossOver-ChangeBinInt-EraseBytes-
#97693	REDUCE cov: 2277 ft: 5823 corp: 847/58Kb lim: 246 exec/s: 3368 rss: 292Mb L: 50/246 MS: 1 EraseBytes-
#97909	REDUCE cov: 2277 ft: 5823 corp: 847/58Kb lim: 246 exec/s: 3263 rss: 292Mb L: 30/246 MS: 1 EraseBytes-
#97925	REDUCE cov: 2277 ft: 5823 corp: 847/58Kb lim: 246 exec/s: 3264 rss: 292Mb L: 46/246 MS: 1 CrossOver-
#98008	NEW    cov: 2277 ft: 5824 corp: 848/58Kb lim: 246 exec/s: 3266 rss: 292Mb L: 39/246 MS: 3 ChangeBinInt-CopyPart-ChangeBit-
#98019	REDUCE cov: 2277 ft: 5827 corp: 849/58Kb lim: 246 exec/s: 3267 rss: 292Mb L: 55/246 MS: 1 CMP- DE: "requ"-
#98070	REDUCE cov: 2277 ft: 5827 corp: 849/58Kb lim: 246 exec/s: 3269 rss: 292Mb L: 30/246 MS: 1 CrossOver-
#98098	REDUCE cov: 2277 ft: 5827 corp: 849/58Kb lim: 246 exec/s: 3269 rss: 292Mb L: 90/246 MS: 3 CMP-ChangeBit-EraseBytes- DE: "$\000\000\000\000\000\000\000"-
#98100	REDUCE cov: 2277 ft: 5827 corp: 849/58Kb lim: 246 exec/s: 3270 rss: 292Mb L: 19/246 MS: 2 CopyPart-EraseBytes-
#98313	REDUCE cov: 2277 ft: 5827 corp: 849/58Kb lim: 246 exec/s: 3277 rss: 293Mb L: 52/246 MS: 3 ChangeByte-ChangeBit-EraseBytes-
#98319	NEW    cov: 2277 ft: 5828 corp: 850/58Kb lim: 246 exec/s: 3277 rss: 293Mb L: 55/246 MS: 1 ChangeBit-
#98376	REDUCE cov: 2277 ft: 5828 corp: 850/58Kb lim: 246 exec/s: 3279 rss: 293Mb L: 73/246 MS: 2 CopyPart-EraseBytes-
#98428	REDUCE cov: 2277 ft: 5828 corp: 850/58Kb lim: 246 exec/s: 3280 rss: 295Mb L: 60/246 MS: 2 InsertRepeatedBytes-EraseBytes-
#98499	NEW    cov: 2277 ft: 5829 corp: 851/58Kb lim: 246 exec/s: 3283 rss: 295Mb L: 137/246 MS: 1 InsertRepeatedBytes-
#98520	REDUCE cov: 2277 ft: 5829 corp: 851/58Kb lim: 246 exec/s: 3284 rss: 295Mb L: 123/246 MS: 1 EraseBytes-
#98533	NEW    cov: 2277 ft: 5830 corp: 852/59Kb lim: 246 exec/s: 3284 rss: 295Mb L: 167/246 MS: 3 EraseBytes-ChangeBinInt-CrossOver-
#98549	REDUCE cov: 2277 ft: 5830 corp: 852/59Kb lim: 246 exec/s: 3284 rss: 295Mb L: 41/246 MS: 1 EraseBytes-
#98685	REDUCE cov: 2277 ft: 5830 corp: 852/59Kb lim: 246 exec/s: 3289 rss: 295Mb L: 43/246 MS: 1 EraseBytes-
#98769	REDUCE cov: 2277 ft: 5830 corp: 852/59Kb lim: 246 exec/s: 3292 rss: 295Mb L: 25/246 MS: 4 ChangeBinInt-InsertByte-ChangeByte-EraseBytes-
#98791	REDUCE cov: 2277 ft: 5830 corp: 852/58Kb lim: 246 exec/s: 3293 rss: 295Mb L: 22/246 MS: 2 CopyPart-EraseBytes-
#99044	NEW    cov: 2277 ft: 5831 corp: 853/59Kb lim: 246 exec/s: 3301 rss: 296Mb L: 180/246 MS: 3 PersAutoDict-ChangeByte-InsertRepeatedBytes- DE: "\377\377\377\377\377\377\377\024"-
#99073	REDUCE cov: 2277 ft: 5832 corp: 854/59Kb lim: 246 exec/s: 3302 rss: 296Mb L: 186/246 MS: 4 ChangeBinInt-ChangeBit-InsertRepeatedBytes-CrossOver-
#99180	NEW    cov: 2277 ft: 5833 corp: 855/59Kb lim: 246 exec/s: 3306 rss: 296Mb L: 13/246 MS: 2 CrossOver-CrossOver-
#99259	REDUCE cov: 2277 ft: 5833 corp: 855/59Kb lim: 246 exec/s: 3308 rss: 296Mb L: 88/246 MS: 4 ChangeByte-ChangeByte-InsertByte-EraseBytes-
#99295	NEW    cov: 2277 ft: 5835 corp: 856/59Kb lim: 246 exec/s: 3309 rss: 296Mb L: 30/246 MS: 1 InsertByte-
#99347	REDUCE cov: 2277 ft: 5835 corp: 856/59Kb lim: 246 exec/s: 3311 rss: 296Mb L: 48/246 MS: 2 ChangeByte-EraseBytes-
#99348	REDUCE cov: 2277 ft: 5835 corp: 856/59Kb lim: 246 exec/s: 3311 rss: 296Mb L: 11/246 MS: 1 EraseBytes-
#99436	REDUCE cov: 2277 ft: 5835 corp: 856/59Kb lim: 246 exec/s: 3314 rss: 296Mb L: 49/246 MS: 3 CopyPart-ChangeBinInt-EraseBytes-
#99442	NEW    cov: 2277 ft: 5836 corp: 857/59Kb lim: 246 exec/s: 3314 rss: 297Mb L: 29/246 MS: 1 ChangeBit-
#99533	REDUCE cov: 2277 ft: 5836 corp: 857/59Kb lim: 246 exec/s: 3317 rss: 297Mb L: 5/246 MS: 1 EraseBytes-
#99619	NEW    cov: 2277 ft: 5837 corp: 858/59Kb lim: 246 exec/s: 3320 rss: 297Mb L: 72/246 MS: 1 InsertRepeatedBytes-
#99622	REDUCE cov: 2277 ft: 5837 corp: 858/59Kb lim: 246 exec/s: 3320 rss: 297Mb L: 97/246 MS: 3 ChangeASCIIInt-CrossOver-EraseBytes-
#99728	NEW    cov: 2277 ft: 5848 corp: 859/59Kb lim: 246 exec/s: 3324 rss: 297Mb L: 30/246 MS: 1 CopyPart-
#99734	NEW    cov: 2277 ft: 5849 corp: 860/59Kb lim: 246 exec/s: 3324 rss: 297Mb L: 46/246 MS: 1 ChangeByte-
#99855	REDUCE cov: 2277 ft: 5849 corp: 860/59Kb lim: 246 exec/s: 3328 rss: 297Mb L: 37/246 MS: 1 EraseBytes-
#99998	REDUCE cov: 2277 ft: 5849 corp: 860/59Kb lim: 246 exec/s: 3333 rss: 297Mb L: 96/246 MS: 3 PersAutoDict-ChangeBinInt-EraseBytes- DE: "\000\000`\336\224A\344m"-
#99999	REDUCE cov: 2277 ft: 5849 corp: 860/59Kb lim: 246 exec/s: 3333 rss: 297Mb L: 69/246 MS: 1 EraseBytes-
#100115	NEW    cov: 2277 ft: 5850 corp: 861/59Kb lim: 246 exec/s: 3337 rss: 297Mb L: 123/246 MS: 1 EraseBytes-
#100341	REDUCE cov: 2277 ft: 5850 corp: 861/59Kb lim: 246 exec/s: 3344 rss: 298Mb L: 54/246 MS: 1 EraseBytes-
#100364	REDUCE cov: 2277 ft: 5851 corp: 862/59Kb lim: 246 exec/s: 3345 rss: 298Mb L: 30/246 MS: 3 ShuffleBytes-ChangeBit-EraseBytes-
#100450	REDUCE cov: 2277 ft: 5851 corp: 862/59Kb lim: 246 exec/s: 3348 rss: 298Mb L: 58/246 MS: 1 EraseBytes-
#100496	REDUCE cov: 2277 ft: 5851 corp: 862/59Kb lim: 246 exec/s: 3349 rss: 298Mb L: 55/246 MS: 1 EraseBytes-
#100589	REDUCE cov: 2277 ft: 5851 corp: 862/59Kb lim: 246 exec/s: 3352 rss: 298Mb L: 94/246 MS: 3 ShuffleBytes-CrossOver-EraseBytes-
#100725	REDUCE cov: 2277 ft: 5851 corp: 862/59Kb lim: 246 exec/s: 3357 rss: 298Mb L: 8/246 MS: 1 EraseBytes-
#100851	REDUCE cov: 2277 ft: 5851 corp: 862/59Kb lim: 246 exec/s: 3361 rss: 298Mb L: 21/246 MS: 1 EraseBytes-
#100872	REDUCE cov: 2277 ft: 5852 corp: 863/59Kb lim: 246 exec/s: 3362 rss: 299Mb L: 59/246 MS: 1 CrossOver-
#100932	REDUCE cov: 2277 ft: 5852 corp: 863/59Kb lim: 246 exec/s: 3364 rss: 299Mb L: 63/246 MS: 5 ChangeBit-PersAutoDict-CrossOver-CopyPart-EraseBytes- DE: "error0"-
#101150	REDUCE cov: 2277 ft: 5852 corp: 863/59Kb lim: 246 exec/s: 3371 rss: 299Mb L: 85/246 MS: 3 ChangeByte-ChangeByte-EraseBytes-
#101225	DONE   cov: 2277 ft: 5852 corp: 863/59Kb lim: 246 exec/s: 3265 rss: 299Mb
###### Recommended dictionary. ######
"\001\000\000\000" # Uses: 148
"X\001\000\000\000\000\000\000" # Uses: 146
"\001\000\000\000\000\000\000\366" # Uses: 122
"\002\000\000\000\000\000\000\000" # Uses: 138
"error0" # Uses: 163
"\000\000`\336\224A\344m" # Uses: 144
"\377\377\377\377\377\377\377\016" # Uses: 143
"SIZE_INVALID" # Uses: 124
"\000\000\000\000\000\000\000\000" # Uses: 130
"\377\377\377\377\377\377\377\004" # Uses: 133
"layers" # Uses: 127
"e " # Uses: 147
"subject" # Uses: 124
"deta" # Uses: 142
"\000\000\000\000\000\000\000\012" # Uses: 130
"\012\000" # Uses: 131
"co)e" # Uses: 138
"\000\011" # Uses: 115
"\377\377\377\377" # Uses: 115
"\001\000\000\000\000\000\000=" # Uses: 115
"\377\377\377\006" # Uses: 133
":\000\000\000\000\000\000\000" # Uses: 115
"\011\000\000\000\000\000\000\000" # Uses: 130
"\000\000\000\271" # Uses: 119
"\377\377\377\377\377\377\377\000" # Uses: 116
"\001\000\000\000\000\000\000\000" # Uses: 129
"\000\000\000\362" # Uses: 132
"\001\000`^\224F\3574" # Uses: 97
"AUUNTHORIZED" # Uses: 103
"\007\000" # Uses: 111
"\015\000\000\000\000\000\000\000" # Uses: 109
"\012\000\000\000\000\000\000\000" # Uses: 105
"schVremaesion" # Uses: 110
"\001\000" # Uses: 99
"ersors" # Uses: 99
"\376\377\377\377" # Uses: 103
"V\000\000\000\000\000\000\000" # Uses: 85
"MANIFEST_UNKNOWN" # Uses: 105
"dige" # Uses: 117
"\001\000\000\000\000\000\000\002" # Uses: 114
"A\253C\224\356`\000\000" # Uses: 85
"UNAUTHORIZED" # Uses: 94
"\000\000\000\356" # Uses: 113
"\356\377\377\377" # Uses: 98
"\377\377\377\372" # Uses: 102
"NAME_UNKNOWN" # Uses: 92
"\377\377\377\003" # Uses: 89
"errors" # Uses: 92
"JANIFES%_INVALID" # Uses: 89
" a" # Uses: 91
"\000\000\000\364" # Uses: 123
"goDe" # Uses: 102
"\000\000" # Uses: 95
"\000\000\000\000" # Uses: 78
"\010\000\000\000" # Uses: 91
"UNAHIRUOTZED" # Uses: 75
"(\000\000\000\000\000\000\000" # Uses: 74
"\000\012" # Uses: 90
"tcil" # Uses: 73
"DIGEST_INVALID" # Uses: 81
"TOOMANYREQUESTS" # Uses: 69
"\000\000\000\375" # Uses: 63
"mediaT" # Uses: 86
"\001\000\000\007" # Uses: 62
"detail" # Uses: 59
"MANIFEST_INVALID" # Uses: 76
"NOT_FOUND" # Uses: 66
"\376\377\377\355" # Uses: 74
"dsgest" # Uses: 58
"\377\377\377\377\377\377\377\377" # Uses: 58
"\000\000\000\000\000\000\000\350" # Uses: 69
"MANIFEST_UNVERIFIED" # Uses: 50
"\002\000" # Uses: 66
"deuail" # Uses: 65
"q\000\000\000\000\000\000\000" # Uses: 57
"\377\377\377\377\377\377\377\013" # Uses: 62
"\000\002" # Uses: 52
"\000\000\000\001" # Uses: 44
"\000\000\000\000\000\000\000\020" # Uses: 59
"cod$" # Uses: 39
"\376\377\377\371" # Uses: 46
"\000\000\000\000\000\000\0001" # Uses: 43
"\036\000\000\000" # Uses: 41
"\377\377" # Uses: 45
"\000\000\000\000\000\000\000\015" # Uses: 43
"c+de" # Uses: 32
"\377\377\377\275" # Uses: 36
"manifests" # Uses: 42
"\034\000\000\000\000\000\000\000" # Uses: 32
"\021\000\000\000\000\000\000\200" # Uses: 34
"\200\377\377\377\377\377\377\377" # Uses: 34
"d\000\000\000\000\000\000\000" # Uses: 33
"\010\000" # Uses: 31
"\000\000\000!" # Uses: 28
"\022\000\000\000\000\000\000\000" # Uses: 30
"\023\000\000\000" # Uses: 18
"\001\000\000\000\000\000\0008" # Uses: 33
"\030\000\000\000\000\000\000\000" # Uses: 24
"\004\000" # Uses: 22
"\000\000\000\000\000\000\000\010" # Uses: 20
"\001\000\000\000\000\000\000\020" # Uses: 18
"\377\377\377\377\377\377\377\024" # Uses: 27
"\354\000\000\000\000\000\000\000" # Uses: 24
"\021\000\000\000\000\000\000\000" # Uses: 16
"\334\000\000\000\000\000\000\000" # Uses: 16
"MAN_INVALID" # Uses: 10
"\022\000\000\000" # Uses: 10
"mediaType" # Uses: 6
"code" # Uses: 5
"eorrrs" # Uses: 4
"MANIFESTALID" # Uses: 6
"errjrs" # Uses: 3
"NAME_INVALID" # Uses: 3
"requ" # Uses: 7
"$\000\000\000\000\000\000\000" # Uses: 1
###### End of recommended dictionary. ######
Done 101225 runs in 31 second(s)
