   Compiling proc-macro2 v1.0.107
   Compiling quote v1.0.47
   Compiling unicode-ident v1.0.26
   Compiling libc v0.2.190
   Compiling syn v3.0.6
   Compiling jobserver v0.1.35
   Compiling shlex v2.0.1
   Compiling find-msvc-tools v0.1.14
   Compiling cc v1.6.0
   Compiling synstructure v0.14.0
   Compiling pkg-config v0.3.34
   Compiling zerofrom-derive v0.1.8
   Compiling cfg-if v1.0.5
   Compiling yoke-derive v0.8.4
   Compiling syn v2.0.119
   Compiling zerofrom v0.1.8
   Compiling stable_deref_trait v1.2.1
   Compiling yoke v0.8.3
   Compiling itoa v1.0.18
   Compiling once_cell v1.21.4
   Compiling zerovec-derive v0.11.6
   Compiling bitflags v2.13.2
   Compiling zerovec v0.11.8
   Compiling displaydoc v0.2.7
   Compiling cmake v0.1.58
   Compiling bytes v1.12.1
   Compiling pin-project-lite v0.2.17
   Compiling fs_extra v1.3.0
   Compiling dunce v1.0.5
   Compiling rustix v1.1.5
   Compiling aws-lc-sys v0.45.0
   Compiling futures-core v0.3.34
   Compiling serde_core v1.0.229
   Compiling memchr v2.8.3
   Compiling linux-raw-sys v0.12.1
   Compiling typenum v1.20.1
   Compiling tinystr v0.8.4
   Compiling tokio-macros v2.7.2
   Compiling mio v1.2.4
   Compiling socket2 v0.6.5
   Compiling smallvec v1.16.2
   Compiling litemap v0.8.3
   Compiling zeroize v1.9.0
   Compiling aws-lc-rs v1.18.1
   Compiling writeable v0.6.4
   Compiling serde v1.0.229
   Compiling icu_locale_core v2.3.0
   Compiling tokio v1.53.2
   Compiling zerotrie v0.2.5
   Compiling potential_utf v0.1.6
   Compiling serde_derive v1.0.229
   Compiling fnv v1.0.7
   Compiling strsim v0.11.1
   Compiling icu_normalizer_data v2.3.0
   Compiling utf8_iter v1.0.4
   Compiling icu_properties_data v2.3.0
   Compiling ident_case v1.0.1
   Compiling zmij v1.0.23
   Compiling darling_core v0.20.11
   Compiling icu_collections v2.3.0
   Compiling icu_provider v2.3.1
   Compiling rustls-pki-types v1.15.1
   Compiling http v1.5.0
   Compiling serde_json v1.0.151
   Compiling percent-encoding v2.3.2
   Compiling http-body v1.1.0
   Compiling darling_macro v0.20.11
   Compiling futures-macro v0.3.34
   Compiling httparse v1.10.1
   Compiling version_check v0.9.5
   Compiling untrusted v0.9.0
   Compiling futures-task v0.3.34
   Compiling rustls v0.23.45
   Compiling slab v0.4.12
   Compiling futures-util v0.3.34
error: failed to write /tmp/apollo-artifactd-current-20261005.kFPlri/target/release/deps/rustcMMqNPf/lib.rmeta: No space left on device (os error 28)

error: could not compile `futures-util` (lib) due to 1 previous error
warning: build failed, waiting for other jobs to finish...
warning: aws-lc-sys@0.45.0: Environment Variable found 'CARGO_ENCODED_RUSTFLAGS': ''
warning: aws-lc-sys@0.45.0: Emitting configuration: cargo:rustc-cfg=universal
warning: aws-lc-sys@0.45.0: Building with: CC
warning: aws-lc-sys@0.45.0: Symbol Prefix: Some("aws_lc_0_45_0")
warning: aws-lc-sys@0.45.0: Target platform: 'x86_64-unknown-linux-gnu'
warning: aws-lc-sys@0.45.0: Compilation of 'c11.c' succeeded - Ok(["/tmp/apollo-artifactd-current-20261005.kFPlri/target/release/build/aws-lc-sys-ac5ab522584e0eef/out/out-c11/7dfda64fdf5a526c-c11.o"]).
warning: aws-lc-sys@0.45.0: Using flag: -ffile-prefix-map=/home/tihan/.cargo/registry/src/index.crates.io-1949cf8c6b5b557f/aws-lc-sys-0.45.0=
warning: aws-lc-sys@0.45.0: Using assembler flag: -Wa,--debug-prefix-map=/home/tihan/.cargo/registry/src/index.crates.io-1949cf8c6b5b557f/aws-lc-sys-0.45.0=
warning: aws-lc-sys@0.45.0: Compilation of 'stdalign_check.c' succeeded - Ok(["/tmp/apollo-artifactd-current-20261005.kFPlri/target/release/build/aws-lc-sys-ac5ab522584e0eef/out/out-stdalign_check/7dfda64fdf5a526c-stdalign_check.o"]).
warning: aws-lc-sys@0.45.0: Compilation of 'builtin_swap_check.c' succeeded - Ok(["/tmp/apollo-artifactd-current-20261005.kFPlri/target/release/build/aws-lc-sys-ac5ab522584e0eef/out/out-builtin_swap_check/7dfda64fdf5a526c-builtin_swap_check.o"]).
warning: aws-lc-sys@0.45.0: Compilation of 'linux_random_h.c' succeeded - Ok(["/tmp/apollo-artifactd-current-20261005.kFPlri/target/release/build/aws-lc-sys-ac5ab522584e0eef/out/out-linux_random_h/7dfda64fdf5a526c-linux_random_h.o"]).
warning: aws-lc-sys@0.45.0: /home/tihan/.cargo/registry/src/index.crates.io-1949cf8c6b5b557f/aws-lc-sys-0.45.0/aws-lc/crypto/pem/pem_all.c:178:1: fatal error: error writing to /tmp/cc3qATmr.s: No space left on device
warning: aws-lc-sys@0.45.0:   178 | }
warning: aws-lc-sys@0.45.0:       | ^
warning: aws-lc-sys@0.45.0: compilation terminated.
warning: aws-lc-sys@0.45.0: ToolExecError: command did not execute successfully (status code exit status: 1): "cc" "-O3" "-ffunction-sections" "-fdata-sections" "-fPIC" "-m64" "-std=c11" "-I" "/home/tihan/.cargo/registry/src/index.crates.io-1949cf8c6b5b557f/aws-lc-sys-0.45.0/generated-include" "-I" "/home/tihan/.cargo/registry/src/index.crates.io-1949cf8c6b5b557f/aws-lc-sys-0.45.0/include" "-I" "/home/tihan/.cargo/registry/src/index.crates.io-1949cf8c6b5b557f/aws-lc-sys-0.45.0/aws-lc/include" "-I" "/home/tihan/.cargo/registry/src/index.crates.io-1949cf8c6b5b557f/aws-lc-sys-0.45.0/aws-lc/third_party/s2n-bignum/include" "-I" "/home/tihan/.cargo/registry/src/index.crates.io-1949cf8c6b5b557f/aws-lc-sys-0.45.0/aws-lc/third_party/s2n-bignum/s2n-bignum-imported/include" "-I" "/home/tihan/.cargo/registry/src/index.crates.io-1949cf8c6b5b557f/aws-lc-sys-0.45.0/aws-lc/third_party/jitterentropy/jitterentropy-library" "-I" "/home/tihan/.cargo/registry/src/index.crates.io-1949cf8c6b5b557f/aws-lc-sys-0.45.0/aws-lc/third_party/jitterentropy/jitterentropy-library/src" "-Wall" "-Wextra" "-Wno-unused-parameter" "-pthread" "-ffile-prefix-map=/home/tihan/.cargo/registry/src/index.crates.io-1949cf8c6b5b557f/aws-lc-sys-0.45.0=" "-D_XOPEN_SOURCE=700" "-DBORINGSSL_IMPLEMENTATION=1" "-DBORINGSSL_PREFIX=aws_lc_0_45_0" "-DAWS_LC_STDALIGN_AVAILABLE=1" "-DAWS_LC_BUILTIN_SWAP_SUPPORTED=1" "-DHAVE_LINUX_RANDOM_H=1" "-o" "/tmp/apollo-artifactd-current-20261005.kFPlri/target/release/build/aws-lc-sys-ac5ab522584e0eef/out/27a075eab3d35364-pem_all.o" "-c" "/home/tihan/.cargo/registry/src/index.crates.io-1949cf8c6b5b557f/aws-lc-sys-0.45.0/aws-lc/crypto/pem/pem_all.c"
warning: aws-lc-sys@0.45.0: /home/tihan/.cargo/registry/src/index.crates.io-1949cf8c6b5b557f/aws-lc-sys-0.45.0/aws-lc/crypto/pem/pem_info.c:331:1: fatal error: error writing to /tmp/ccMG0Md2.s: No space left on device
warning: aws-lc-sys@0.45.0:   331 | }
warning: aws-lc-sys@0.45.0:       | ^
warning: aws-lc-sys@0.45.0: compilation terminated.
warning: aws-lc-sys@0.45.0: ToolExecError: command did not execute successfully (status code exit status: 1): "cc" "-O3" "-ffunction-sections" "-fdata-sections" "-fPIC" "-m64" "-std=c11" "-I" "/home/tihan/.cargo/registry/src/index.crates.io-1949cf8c6b5b557f/aws-lc-sys-0.45.0/generated-include" "-I" "/home/tihan/.cargo/registry/src/index.crates.io-1949cf8c6b5b557f/aws-lc-sys-0.45.0/include" "-I" "/home/tihan/.cargo/registry/src/index.crates.io-1949cf8c6b5b557f/aws-lc-sys-0.45.0/aws-lc/include" "-I" "/home/tihan/.cargo/registry/src/index.crates.io-1949cf8c6b5b557f/aws-lc-sys-0.45.0/aws-lc/third_party/s2n-bignum/include" "-I" "/home/tihan/.cargo/registry/src/index.crates.io-1949cf8c6b5b557f/aws-lc-sys-0.45.0/aws-lc/third_party/s2n-bignum/s2n-bignum-imported/include" "-I" "/home/tihan/.cargo/registry/src/index.crates.io-1949cf8c6b5b557f/aws-lc-sys-0.45.0/aws-lc/third_party/jitterentropy/jitterentropy-library" "-I" "/home/tihan/.cargo/registry/src/index.crates.io-1949cf8c6b5b557f/aws-lc-sys-0.45.0/aws-lc/third_party/jitterentropy/jitterentropy-library/src" "-Wall" "-Wextra" "-Wno-unused-parameter" "-pthread" "-ffile-prefix-map=/home/tihan/.cargo/registry/src/index.crates.io-1949cf8c6b5b557f/aws-lc-sys-0.45.0=" "-D_XOPEN_SOURCE=700" "-DBORINGSSL_IMPLEMENTATION=1" "-DBORINGSSL_PREFIX=aws_lc_0_45_0" "-DAWS_LC_STDALIGN_AVAILABLE=1" "-DAWS_LC_BUILTIN_SWAP_SUPPORTED=1" "-DHAVE_LINUX_RANDOM_H=1" "-o" "/tmp/apollo-artifactd-current-20261005.kFPlri/target/release/build/aws-lc-sys-ac5ab522584e0eef/out/27a075eab3d35364-pem_info.o" "-c" "/home/tihan/.cargo/registry/src/index.crates.io-1949cf8c6b5b557f/aws-lc-sys-0.45.0/aws-lc/crypto/pem/pem_info.c"
warning: aws-lc-sys@0.45.0: /home/tihan/.cargo/registry/src/index.crates.io-1949cf8c6b5b557f/aws-lc-sys-0.45.0/aws-lc/crypto/pem/pem_lib.c:780:1: fatal error: error writing to /tmp/ccfYh6zo.s: No space left on device
warning: aws-lc-sys@0.45.0:   780 | }
warning: aws-lc-sys@0.45.0:       | ^
warning: aws-lc-sys@0.45.0: compilation terminated.
warning: aws-lc-sys@0.45.0: ToolExecError: command did not execute successfully (status code exit status: 1): "cc" "-O3" "-ffunction-sections" "-fdata-sections" "-fPIC" "-m64" "-std=c11" "-I" "/home/tihan/.cargo/registry/src/index.crates.io-1949cf8c6b5b557f/aws-lc-sys-0.45.0/generated-include" "-I" "/home/tihan/.cargo/registry/src/index.crates.io-1949cf8c6b5b557f/aws-lc-sys-0.45.0/include" "-I" "/home/tihan/.cargo/registry/src/index.crates.io-1949cf8c6b5b557f/aws-lc-sys-0.45.0/aws-lc/include" "-I" "/home/tihan/.cargo/registry/src/index.crates.io-1949cf8c6b5b557f/aws-lc-sys-0.45.0/aws-lc/third_party/s2n-bignum/include" "-I" "/home/tihan/.cargo/registry/src/index.crates.io-1949cf8c6b5b557f/aws-lc-sys-0.45.0/aws-lc/third_party/s2n-bignum/s2n-bignum-imported/include" "-I" "/home/tihan/.cargo/registry/src/index.crates.io-1949cf8c6b5b557f/aws-lc-sys-0.45.0/aws-lc/third_party/jitterentropy/jitterentropy-library" "-I" "/home/tihan/.cargo/registry/src/index.crates.io-1949cf8c6b5b557f/aws-lc-sys-0.45.0/aws-lc/third_party/jitterentropy/jitterentropy-library/src" "-Wall" "-Wextra" "-Wno-unused-parameter" "-pthread" "-ffile-prefix-map=/home/tihan/.cargo/registry/src/index.crates.io-1949cf8c6b5b557f/aws-lc-sys-0.45.0=" "-D_XOPEN_SOURCE=700" "-DBORINGSSL_IMPLEMENTATION=1" "-DBORINGSSL_PREFIX=aws_lc_0_45_0" "-DAWS_LC_STDALIGN_AVAILABLE=1" "-DAWS_LC_BUILTIN_SWAP_SUPPORTED=1" "-DHAVE_LINUX_RANDOM_H=1" "-o" "/tmp/apollo-artifactd-current-20261005.kFPlri/target/release/build/aws-lc-sys-ac5ab522584e0eef/out/27a075eab3d35364-pem_lib.o" "-c" "/home/tihan/.cargo/registry/src/index.crates.io-1949cf8c6b5b557f/aws-lc-sys-0.45.0/aws-lc/crypto/pem/pem_lib.c"
warning: aws-lc-sys@0.45.0: /home/tihan/.cargo/registry/src/index.crates.io-1949cf8c6b5b557f/aws-lc-sys-0.45.0/aws-lc/crypto/pem/pem_oth.c:34:1: fatal error: error closing /tmp/ccrAIeTU.s: No space left on device
warning: aws-lc-sys@0.45.0:    34 | }
warning: aws-lc-sys@0.45.0:       | ^
warning: aws-lc-sys@0.45.0: compilation terminated.
warning: aws-lc-sys@0.45.0: ToolExecError: command did not execute successfully (status code exit status: 1): "cc" "-O3" "-ffunction-sections" "-fdata-sections" "-fPIC" "-m64" "-std=c11" "-I" "/home/tihan/.cargo/registry/src/index.crates.io-1949cf8c6b5b557f/aws-lc-sys-0.45.0/generated-include" "-I" "/home/tihan/.cargo/registry/src/index.crates.io-1949cf8c6b5b557f/aws-lc-sys-0.45.0/include" "-I" "/home/tihan/.cargo/registry/src/index.crates.io-1949cf8c6b5b557f/aws-lc-sys-0.45.0/aws-lc/include" "-I" "/home/tihan/.cargo/registry/src/index.crates.io-1949cf8c6b5b557f/aws-lc-sys-0.45.0/aws-lc/third_party/s2n-bignum/include" "-I" "/home/tihan/.cargo/registry/src/index.crates.io-1949cf8c6b5b557f/aws-lc-sys-0.45.0/aws-lc/third_party/s2n-bignum/s2n-bignum-imported/include" "-I" "/home/tihan/.cargo/registry/src/index.crates.io-1949cf8c6b5b557f/aws-lc-sys-0.45.0/aws-lc/third_party/jitterentropy/jitterentropy-library" "-I" "/home/tihan/.cargo/registry/src/index.crates.io-1949cf8c6b5b557f/aws-lc-sys-0.45.0/aws-lc/third_party/jitterentropy/jitterentropy-library/src" "-Wall" "-Wextra" "-Wno-unused-parameter" "-pthread" "-ffile-prefix-map=/home/tihan/.cargo/registry/src/index.crates.io-1949cf8c6b5b557f/aws-lc-sys-0.45.0=" "-D_XOPEN_SOURCE=700" "-DBORINGSSL_IMPLEMENTATION=1" "-DBORINGSSL_PREFIX=aws_lc_0_45_0" "-DAWS_LC_STDALIGN_AVAILABLE=1" "-DAWS_LC_BUILTIN_SWAP_SUPPORTED=1" "-DHAVE_LINUX_RANDOM_H=1" "-o" "/tmp/apollo-artifactd-current-20261005.kFPlri/target/release/build/aws-lc-sys-ac5ab522584e0eef/out/27a075eab3d35364-pem_oth.o" "-c" "/home/tihan/.cargo/registry/src/index.crates.io-1949cf8c6b5b557f/aws-lc-sys-0.45.0/aws-lc/crypto/pem/pem_oth.c"
warning: aws-lc-sys@0.45.0: /home/tihan/.cargo/registry/src/index.crates.io-1949cf8c6b5b557f/aws-lc-sys-0.45.0/aws-lc/crypto/pem/pem_pk8.c:195:1: fatal error: error writing to /tmp/cc7tYHZ7.s: No space left on device
warning: aws-lc-sys@0.45.0:   195 | IMPLEMENT_PEM_rw(PKCS8_PRIV_KEY_INFO, PKCS8_PRIV_KEY_INFO, PEM_STRING_PKCS8INF,
warning: aws-lc-sys@0.45.0:       | ^~~~~~~~~~~~~~~~
warning: aws-lc-sys@0.45.0: compilation terminated.
warning: aws-lc-sys@0.45.0: ToolExecError: command did not execute successfully (status code exit status: 1): "cc" "-O3" "-ffunction-sections" "-fdata-sections" "-fPIC" "-m64" "-std=c11" "-I" "/home/tihan/.cargo/registry/src/index.crates.io-1949cf8c6b5b557f/aws-lc-sys-0.45.0/generated-include" "-I" "/home/tihan/.cargo/registry/src/index.crates.io-1949cf8c6b5b557f/aws-lc-sys-0.45.0/include" "-I" "/home/tihan/.cargo/registry/src/index.crates.io-1949cf8c6b5b557f/aws-lc-sys-0.45.0/aws-lc/include" "-I" "/home/tihan/.cargo/registry/src/index.crates.io-1949cf8c6b5b557f/aws-lc-sys-0.45.0/aws-lc/third_party/s2n-bignum/include" "-I" "/home/tihan/.cargo/registry/src/index.crates.io-1949cf8c6b5b557f/aws-lc-sys-0.45.0/aws-lc/third_party/s2n-bignum/s2n-bignum-imported/include" "-I" "/home/tihan/.cargo/registry/src/index.crates.io-1949cf8c6b5b557f/aws-lc-sys-0.45.0/aws-lc/third_party/jitterentropy/jitterentropy-library" "-I" "/home/tihan/.cargo/registry/src/index.crates.io-1949cf8c6b5b557f/aws-lc-sys-0.45.0/aws-lc/third_party/jitterentropy/jitterentropy-library/src" "-Wall" "-Wextra" "-Wno-unused-parameter" "-pthread" "-ffile-prefix-map=/home/tihan/.cargo/registry/src/index.crates.io-1949cf8c6b5b557f/aws-lc-sys-0.45.0=" "-D_XOPEN_SOURCE=700" "-DBORINGSSL_IMPLEMENTATION=1" "-DBORINGSSL_PREFIX=aws_lc_0_45_0" "-DAWS_LC_STDALIGN_AVAILABLE=1" "-DAWS_LC_BUILTIN_SWAP_SUPPORTED=1" "-DHAVE_LINUX_RANDOM_H=1" "-o" "/tmp/apollo-artifactd-current-20261005.kFPlri/target/release/build/aws-lc-sys-ac5ab522584e0eef/out/27a075eab3d35364-pem_pk8.o" "-c" "/home/tihan/.cargo/registry/src/index.crates.io-1949cf8c6b5b557f/aws-lc-sys-0.45.0/aws-lc/crypto/pem/pem_pk8.c"
warning: aws-lc-sys@0.45.0: /home/tihan/.cargo/registry/src/index.crates.io-1949cf8c6b5b557f/aws-lc-sys-0.45.0/aws-lc/crypto/pem/pem_pkey.c:251:1: fatal error: error writing to /tmp/cczb78BL.s: No space left on device
warning: aws-lc-sys@0.45.0:   251 | }
warning: aws-lc-sys@0.45.0:       | ^
warning: aws-lc-sys@0.45.0: compilation terminated.
warning: aws-lc-sys@0.45.0: ToolExecError: command did not execute successfully (status code exit status: 1): "cc" "-O3" "-ffunction-sections" "-fdata-sections" "-fPIC" "-m64" "-std=c11" "-I" "/home/tihan/.cargo/registry/src/index.crates.io-1949cf8c6b5b557f/aws-lc-sys-0.45.0/generated-include" "-I" "/home/tihan/.cargo/registry/src/index.crates.io-1949cf8c6b5b557f/aws-lc-sys-0.45.0/include" "-I" "/home/tihan/.cargo/registry/src/index.crates.io-1949cf8c6b5b557f/aws-lc-sys-0.45.0/aws-lc/include" "-I" "/home/tihan/.cargo/registry/src/index.crates.io-1949cf8c6b5b557f/aws-lc-sys-0.45.0/aws-lc/third_party/s2n-bignum/include" "-I" "/home/tihan/.cargo/registry/src/index.crates.io-1949cf8c6b5b557f/aws-lc-sys-0.45.0/aws-lc/third_party/s2n-bignum/s2n-bignum-imported/include" "-I" "/home/tihan/.cargo/registry/src/index.crates.io-1949cf8c6b5b557f/aws-lc-sys-0.45.0/aws-lc/third_party/jitterentropy/jitterentropy-library" "-I" "/home/tihan/.cargo/registry/src/index.crates.io-1949cf8c6b5b557f/aws-lc-sys-0.45.0/aws-lc/third_party/jitterentropy/jitterentropy-library/src" "-Wall" "-Wextra" "-Wno-unused-parameter" "-pthread" "-ffile-prefix-map=/home/tihan/.cargo/registry/src/index.crates.io-1949cf8c6b5b557f/aws-lc-sys-0.45.0=" "-D_XOPEN_SOURCE=700" "-DBORINGSSL_IMPLEMENTATION=1" "-DBORINGSSL_PREFIX=aws_lc_0_45_0" "-DAWS_LC_STDALIGN_AVAILABLE=1" "-DAWS_LC_BUILTIN_SWAP_SUPPORTED=1" "-DHAVE_LINUX_RANDOM_H=1" "-o" "/tmp/apollo-artifactd-current-20261005.kFPlri/target/release/build/aws-lc-sys-ac5ab522584e0eef/out/27a075eab3d35364-pem_pkey.o" "-c" "/home/tihan/.cargo/registry/src/index.crates.io-1949cf8c6b5b557f/aws-lc-sys-0.45.0/aws-lc/crypto/pem/pem_pkey.c"
warning: aws-lc-sys@0.45.0: /home/tihan/.cargo/registry/src/index.crates.io-1949cf8c6b5b557f/aws-lc-sys-0.45.0/aws-lc/crypto/pem/pem_x509.c:12:1: fatal error: error closing /tmp/ccGmdWMn.s: No space left on device
warning: aws-lc-sys@0.45.0:    12 | IMPLEMENT_PEM_rw(X509, X509, PEM_STRING_X509, X509)
warning: aws-lc-sys@0.45.0:       | ^~~~~~~~~~~~~~~~
warning: aws-lc-sys@0.45.0: compilation terminated.
warning: aws-lc-sys@0.45.0: ToolExecError: command did not execute successfully (status code exit status: 1): "cc" "-O3" "-ffunction-sections" "-fdata-sections" "-fPIC" "-m64" "-std=c11" "-I" "/home/tihan/.cargo/registry/src/index.crates.io-1949cf8c6b5b557f/aws-lc-sys-0.45.0/generated-include" "-I" "/home/tihan/.cargo/registry/src/index.crates.io-1949cf8c6b5b557f/aws-lc-sys-0.45.0/include" "-I" "/home/tihan/.cargo/registry/src/index.crates.io-1949cf8c6b5b557f/aws-lc-sys-0.45.0/aws-lc/include" "-I" "/home/tihan/.cargo/registry/src/index.crates.io-1949cf8c6b5b557f/aws-lc-sys-0.45.0/aws-lc/third_party/s2n-bignum/include" "-I" "/home/tihan/.cargo/registry/src/index.crates.io-1949cf8c6b5b557f/aws-lc-sys-0.45.0/aws-lc/third_party/s2n-bignum/s2n-bignum-imported/include" "-I" "/home/tihan/.cargo/registry/src/index.crates.io-1949cf8c6b5b557f/aws-lc-sys-0.45.0/aws-lc/third_party/jitterentropy/jitterentropy-library" "-I" "/home/tihan/.cargo/registry/src/index.crates.io-1949cf8c6b5b557f/aws-lc-sys-0.45.0/aws-lc/third_party/jitterentropy/jitterentropy-library/src" "-Wall" "-Wextra" "-Wno-unused-parameter" "-pthread" "-ffile-prefix-map=/home/tihan/.cargo/registry/src/index.crates.io-1949cf8c6b5b557f/aws-lc-sys-0.45.0=" "-D_XOPEN_SOURCE=700" "-DBORINGSSL_IMPLEMENTATION=1" "-DBORINGSSL_PREFIX=aws_lc_0_45_0" "-DAWS_LC_STDALIGN_AVAILABLE=1" "-DAWS_LC_BUILTIN_SWAP_SUPPORTED=1" "-DHAVE_LINUX_RANDOM_H=1" "-o" "/tmp/apollo-artifactd-current-20261005.kFPlri/target/release/build/aws-lc-sys-ac5ab522584e0eef/out/27a075eab3d35364-pem_x509.o" "-c" "/home/tihan/.cargo/registry/src/index.crates.io-1949cf8c6b5b557f/aws-lc-sys-0.45.0/aws-lc/crypto/pem/pem_x509.c"
warning: aws-lc-sys@0.45.0: /home/tihan/.cargo/registry/src/index.crates.io-1949cf8c6b5b557f/aws-lc-sys-0.45.0/aws-lc/crypto/pem/pem_xaux.c:12:1: fatal error: error closing /tmp/ccVvCiJ7.s: No space left on device
warning: aws-lc-sys@0.45.0:    12 | IMPLEMENT_PEM_rw(X509_AUX, X509, PEM_STRING_X509_TRUSTED, X509_AUX)
warning: aws-lc-sys@0.45.0:       | ^~~~~~~~~~~~~~~~
warning: aws-lc-sys@0.45.0: compilation terminated.
warning: aws-lc-sys@0.45.0: ToolExecError: command did not execute successfully (status code exit status: 1): "cc" "-O3" "-ffunction-sections" "-fdata-sections" "-fPIC" "-m64" "-std=c11" "-I" "/home/tihan/.cargo/registry/src/index.crates.io-1949cf8c6b5b557f/aws-lc-sys-0.45.0/generated-include" "-I" "/home/tihan/.cargo/registry/src/index.crates.io-1949cf8c6b5b557f/aws-lc-sys-0.45.0/include" "-I" "/home/tihan/.cargo/registry/src/index.crates.io-1949cf8c6b5b557f/aws-lc-sys-0.45.0/aws-lc/include" "-I" "/home/tihan/.cargo/registry/src/index.crates.io-1949cf8c6b5b557f/aws-lc-sys-0.45.0/aws-lc/third_party/s2n-bignum/include" "-I" "/home/tihan/.cargo/registry/src/index.crates.io-1949cf8c6b5b557f/aws-lc-sys-0.45.0/aws-lc/third_party/s2n-bignum/s2n-bignum-imported/include" "-I" "/home/tihan/.cargo/registry/src/index.crates.io-1949cf8c6b5b557f/aws-lc-sys-0.45.0/aws-lc/third_party/jitterentropy/jitterentropy-library" "-I" "/home/tihan/.cargo/registry/src/index.crates.io-1949cf8c6b5b557f/aws-lc-sys-0.45.0/aws-lc/third_party/jitterentropy/jitterentropy-library/src" "-Wall" "-Wextra" "-Wno-unused-parameter" "-pthread" "-ffile-prefix-map=/home/tihan/.cargo/registry/src/index.crates.io-1949cf8c6b5b557f/aws-lc-sys-0.45.0=" "-D_XOPEN_SOURCE=700" "-DBORINGSSL_IMPLEMENTATION=1" "-DBORINGSSL_PREFIX=aws_lc_0_45_0" "-DAWS_LC_STDALIGN_AVAILABLE=1" "-DAWS_LC_BUILTIN_SWAP_SUPPORTED=1" "-DHAVE_LINUX_RANDOM_H=1" "-o" "/tmp/apollo-artifactd-current-20261005.kFPlri/target/release/build/aws-lc-sys-ac5ab522584e0eef/out/27a075eab3d35364-pem_xaux.o" "-c" "/home/tihan/.cargo/registry/src/index.crates.io-1949cf8c6b5b557f/aws-lc-sys-0.45.0/aws-lc/crypto/pem/pem_xaux.c"
warning: aws-lc-sys@0.45.0: /home/tihan/.cargo/registry/src/index.crates.io-1949cf8c6b5b557f/aws-lc-sys-0.45.0/aws-lc/crypto/pkcs7/bio/cipher.c:331:1: fatal error: error writing to /tmp/ccQDLhTA.s: No space left on device
warning: aws-lc-sys@0.45.0:   331 | }
warning: aws-lc-sys@0.45.0:       | ^
warning: aws-lc-sys@0.45.0: compilation terminated.
warning: aws-lc-sys@0.45.0: ToolExecError: command did not execute successfully (status code exit status: 1): "cc" "-O3" "-ffunction-sections" "-fdata-sections" "-fPIC" "-m64" "-std=c11" "-I" "/home/tihan/.cargo/registry/src/index.crates.io-1949cf8c6b5b557f/aws-lc-sys-0.45.0/generated-include" "-I" "/home/tihan/.cargo/registry/src/index.crates.io-1949cf8c6b5b557f/aws-lc-sys-0.45.0/include" "-I" "/home/tihan/.cargo/registry/src/index.crates.io-1949cf8c6b5b557f/aws-lc-sys-0.45.0/aws-lc/include" "-I" "/home/tihan/.cargo/registry/src/index.crates.io-1949cf8c6b5b557f/aws-lc-sys-0.45.0/aws-lc/third_party/s2n-bignum/include" "-I" "/home/tihan/.cargo/registry/src/index.crates.io-1949cf8c6b5b557f/aws-lc-sys-0.45.0/aws-lc/third_party/s2n-bignum/s2n-bignum-imported/include" "-I" "/home/tihan/.cargo/registry/src/index.crates.io-1949cf8c6b5b557f/aws-lc-sys-0.45.0/aws-lc/third_party/jitterentropy/jitterentropy-library" "-I" "/home/tihan/.cargo/registry/src/index.crates.io-1949cf8c6b5b557f/aws-lc-sys-0.45.0/aws-lc/third_party/jitterentropy/jitterentropy-library/src" "-Wall" "-Wextra" "-Wno-unused-parameter" "-pthread" "-ffile-prefix-map=/home/tihan/.cargo/registry/src/index.crates.io-1949cf8c6b5b557f/aws-lc-sys-0.45.0=" "-D_XOPEN_SOURCE=700" "-DBORINGSSL_IMPLEMENTATION=1" "-DBORINGSSL_PREFIX=aws_lc_0_45_0" "-DAWS_LC_STDALIGN_AVAILABLE=1" "-DAWS_LC_BUILTIN_SWAP_SUPPORTED=1" "-DHAVE_LINUX_RANDOM_H=1" "-o" "/tmp/apollo-artifactd-current-20261005.kFPlri/target/release/build/aws-lc-sys-ac5ab522584e0eef/out/904ef411c1476e9d-cipher.o" "-c" "/home/tihan/.cargo/registry/src/index.crates.io-1949cf8c6b5b557f/aws-lc-sys-0.45.0/aws-lc/crypto/pkcs7/bio/cipher.c"
warning: aws-lc-sys@0.45.0: In file included from /home/tihan/.cargo/registry/src/index.crates.io-1949cf8c6b5b557f/aws-lc-sys-0.45.0/aws-lc/include/openssl/asn1.h:7,
warning: aws-lc-sys@0.45.0:                  from /home/tihan/.cargo/registry/src/index.crates.io-1949cf8c6b5b557f/aws-lc-sys-0.45.0/aws-lc/include/openssl/pkcs7.h:7,
warning: aws-lc-sys@0.45.0:                  from /home/tihan/.cargo/registry/src/index.crates.io-1949cf8c6b5b557f/aws-lc-sys-0.45.0/aws-lc/crypto/pkcs7/pkcs7.c:4:
warning: aws-lc-sys@0.45.0: /home/tihan/.cargo/registry/src/index.crates.io-1949cf8c6b5b557f/aws-lc-sys-0.45.0/aws-lc/include/openssl/base.h:139:38: fatal error: error writing to /tmp/cc48ioSs.s: No space left on device
warning: aws-lc-sys@0.45.0:   139 | #define OPENSSL_END_ALLOW_DEPRECATED _Pragma("GCC diagnostic pop")
warning: aws-lc-sys@0.45.0:       |                                      ^~~~~~~
warning: aws-lc-sys@0.45.0: /home/tihan/.cargo/registry/src/index.crates.io-1949cf8c6b5b557f/aws-lc-sys-0.45.0/aws-lc/crypto/pkcs7/pkcs7.c:1787:1: note: in expansion of macro 'OPENSSL_END_ALLOW_DEPRECATED'
warning: aws-lc-sys@0.45.0:  1787 | OPENSSL_END_ALLOW_DEPRECATED
warning: aws-lc-sys@0.45.0:       | ^~~~~~~~~~~~~~~~~~~~~~~~~~~~
warning: aws-lc-sys@0.45.0: compilation terminated.
warning: aws-lc-sys@0.45.0: ToolExecError: command did not execute successfully (status code exit status: 1): "cc" "-O3" "-ffunction-sections" "-fdata-sections" "-fPIC" "-m64" "-std=c11" "-I" "/home/tihan/.cargo/registry/src/index.crates.io-1949cf8c6b5b557f/aws-lc-sys-0.45.0/generated-include" "-I" "/home/tihan/.cargo/registry/src/index.crates.io-1949cf8c6b5b557f/aws-lc-sys-0.45.0/include" "-I" "/home/tihan/.cargo/registry/src/index.crates.io-1949cf8c6b5b557f/aws-lc-sys-0.45.0/aws-lc/include" "-I" "/home/tihan/.cargo/registry/src/index.crates.io-1949cf8c6b5b557f/aws-lc-sys-0.45.0/aws-lc/third_party/s2n-bignum/include" "-I" "/home/tihan/.cargo/registry/src/index.crates.io-1949cf8c6b5b557f/aws-lc-sys-0.45.0/aws-lc/third_party/s2n-bignum/s2n-bignum-imported/include" "-I" "/home/tihan/.cargo/registry/src/index.crates.io-1949cf8c6b5b557f/aws-lc-sys-0.45.0/aws-lc/third_party/jitterentropy/jitterentropy-library" "-I" "/home/tihan/.cargo/registry/src/index.crates.io-1949cf8c6b5b557f/aws-lc-sys-0.45.0/aws-lc/third_party/jitterentropy/jitterentropy-library/src" "-Wall" "-Wextra" "-Wno-unused-parameter" "-pthread" "-ffile-prefix-map=/home/tihan/.cargo/registry/src/index.crates.io-1949cf8c6b5b557f/aws-lc-sys-0.45.0=" "-D_XOPEN_SOURCE=700" "-DBORINGSSL_IMPLEMENTATION=1" "-DBORINGSSL_PREFIX=aws_lc_0_45_0" "-DAWS_LC_STDALIGN_AVAILABLE=1" "-DAWS_LC_BUILTIN_SWAP_SUPPORTED=1" "-DHAVE_LINUX_RANDOM_H=1" "-o" "/tmp/apollo-artifactd-current-20261005.kFPlri/target/release/build/aws-lc-sys-ac5ab522584e0eef/out/e3caa0b8b118742c-pkcs7.o" "-c" "/home/tihan/.cargo/registry/src/index.crates.io-1949cf8c6b5b557f/aws-lc-sys-0.45.0/aws-lc/crypto/pkcs7/pkcs7.c"
warning: aws-lc-sys@0.45.0: /home/tihan/.cargo/registry/src/index.crates.io-1949cf8c6b5b557f/aws-lc-sys-0.45.0/aws-lc/crypto/pkcs7/pkcs7_asn1.c:157:1: fatal error: error writing to /tmp/ccFUJ3z8.s: No space left on device
warning: aws-lc-sys@0.45.0:   157 | }
warning: aws-lc-sys@0.45.0:       | ^
warning: aws-lc-sys@0.45.0: compilation terminated.
warning: aws-lc-sys@0.45.0: ToolExecError: command did not execute successfully (status code exit status: 1): "cc" "-O3" "-ffunction-sections" "-fdata-sections" "-fPIC" "-m64" "-std=c11" "-I" "/home/tihan/.cargo/registry/src/index.crates.io-1949cf8c6b5b557f/aws-lc-sys-0.45.0/generated-include" "-I" "/home/tihan/.cargo/registry/src/index.crates.io-1949cf8c6b5b557f/aws-lc-sys-0.45.0/include" "-I" "/home/tihan/.cargo/registry/src/index.crates.io-1949cf8c6b5b557f/aws-lc-sys-0.45.0/aws-lc/include" "-I" "/home/tihan/.cargo/registry/src/index.crates.io-1949cf8c6b5b557f/aws-lc-sys-0.45.0/aws-lc/third_party/s2n-bignum/include" "-I" "/home/tihan/.cargo/registry/src/index.crates.io-1949cf8c6b5b557f/aws-lc-sys-0.45.0/aws-lc/third_party/s2n-bignum/s2n-bignum-imported/include" "-I" "/home/tihan/.cargo/registry/src/index.crates.io-1949cf8c6b5b557f/aws-lc-sys-0.45.0/aws-lc/third_party/jitterentropy/jitterentropy-library" "-I" "/home/tihan/.cargo/registry/src/index.crates.io-1949cf8c6b5b557f/aws-lc-sys-0.45.0/aws-lc/third_party/jitterentropy/jitterentropy-library/src" "-Wall" "-Wextra" "-Wno-unused-parameter" "-pthread" "-ffile-prefix-map=/home/tihan/.cargo/registry/src/index.crates.io-1949cf8c6b5b557f/aws-lc-sys-0.45.0=" "-D_XOPEN_SOURCE=700" "-DBORINGSSL_IMPLEMENTATION=1" "-DBORINGSSL_PREFIX=aws_lc_0_45_0" "-DAWS_LC_STDALIGN_AVAILABLE=1" "-DAWS_LC_BUILTIN_SWAP_SUPPORTED=1" "-DHAVE_LINUX_RANDOM_H=1" "-o" "/tmp/apollo-artifactd-current-20261005.kFPlri/target/release/build/aws-lc-sys-ac5ab522584e0eef/out/e3caa0b8b118742c-pkcs7_asn1.o" "-c" "/home/tihan/.cargo/registry/src/index.crates.io-1949cf8c6b5b557f/aws-lc-sys-0.45.0/aws-lc/crypto/pkcs7/pkcs7_asn1.c"
warning: aws-lc-sys@0.45.0: In file included from /home/tihan/.cargo/registry/src/index.crates.io-1949cf8c6b5b557f/aws-lc-sys-0.45.0/aws-lc/include/openssl/asn1.h:7,
warning: aws-lc-sys@0.45.0:                  from /home/tihan/.cargo/registry/src/index.crates.io-1949cf8c6b5b557f/aws-lc-sys-0.45.0/aws-lc/include/openssl/pkcs7.h:7,
warning: aws-lc-sys@0.45.0:                  from /home/tihan/.cargo/registry/src/index.crates.io-1949cf8c6b5b557f/aws-lc-sys-0.45.0/aws-lc/crypto/pkcs7/pkcs7_x509.c:4:
warning: aws-lc-sys@0.45.0: /home/tihan/.cargo/registry/src/index.crates.io-1949cf8c6b5b557f/aws-lc-sys-0.45.0/aws-lc/include/openssl/base.h:139:38: fatal error: error writing to /tmp/ccracgvc.s: No space left on device
warning: aws-lc-sys@0.45.0:   139 | #define OPENSSL_END_ALLOW_DEPRECATED _Pragma("GCC diagnostic pop")
warning: aws-lc-sys@0.45.0:       |                                      ^~~~~~~
warning: aws-lc-sys@0.45.0: /home/tihan/.cargo/registry/src/index.crates.io-1949cf8c6b5b557f/aws-lc-sys-0.45.0/aws-lc/crypto/pkcs7/pkcs7_x509.c:586:1: note: in expansion of macro 'OPENSSL_END_ALLOW_DEPRECATED'
warning: aws-lc-sys@0.45.0:   586 | OPENSSL_END_ALLOW_DEPRECATED
warning: aws-lc-sys@0.45.0:       | ^~~~~~~~~~~~~~~~~~~~~~~~~~~~
warning: aws-lc-sys@0.45.0: compilation terminated.
warning: aws-lc-sys@0.45.0: ToolExecError: command did not execute successfully (status code exit status: 1): "cc" "-O3" "-ffunction-sections" "-fdata-sections" "-fPIC" "-m64" "-std=c11" "-I" "/home/tihan/.cargo/registry/src/index.crates.io-1949cf8c6b5b557f/aws-lc-sys-0.45.0/generated-include" "-I" "/home/tihan/.cargo/registry/src/index.crates.io-1949cf8c6b5b557f/aws-lc-sys-0.45.0/include" "-I" "/home/tihan/.cargo/registry/src/index.crates.io-1949cf8c6b5b557f/aws-lc-sys-0.45.0/aws-lc/include" "-I" "/home/tihan/.cargo/registry/src/index.crates.io-1949cf8c6b5b557f/aws-lc-sys-0.45.0/aws-lc/third_party/s2n-bignum/include" "-I" "/home/tihan/.cargo/registry/src/index.crates.io-1949cf8c6b5b557f/aws-lc-sys-0.45.0/aws-lc/third_party/s2n-bignum/s2n-bignum-imported/include" "-I" "/home/tihan/.cargo/registry/src/index.crates.io-1949cf8c6b5b557f/aws-lc-sys-0.45.0/aws-lc/third_party/jitterentropy/jitterentropy-library" "-I" "/home/tihan/.cargo/registry/src/index.crates.io-1949cf8c6b5b557f/aws-lc-sys-0.45.0/aws-lc/third_party/jitterentropy/jitterentropy-library/src" "-Wall" "-Wextra" "-Wno-unused-parameter" "-pthread" "-ffile-prefix-map=/home/tihan/.cargo/registry/src/index.crates.io-1949cf8c6b5b557f/aws-lc-sys-0.45.0=" "-D_XOPEN_SOURCE=700" "-DBORINGSSL_IMPLEMENTATION=1" "-DBORINGSSL_PREFIX=aws_lc_0_45_0" "-DAWS_LC_STDALIGN_AVAILABLE=1" "-DAWS_LC_BUILTIN_SWAP_SUPPORTED=1" "-DHAVE_LINUX_RANDOM_H=1" "-o" "/tmp/apollo-artifactd-current-20261005.kFPlri/target/release/build/aws-lc-sys-ac5ab522584e0eef/out/e3caa0b8b118742c-pkcs7_x509.o" "-c" "/home/tihan/.cargo/registry/src/index.crates.io-1949cf8c6b5b557f/aws-lc-sys-0.45.0/aws-lc/crypto/pkcs7/pkcs7_x509.c"
warning: aws-lc-sys@0.45.0: /home/tihan/.cargo/registry/src/index.crates.io-1949cf8c6b5b557f/aws-lc-sys-0.45.0/aws-lc/crypto/pkcs8/p5_pbev2.c:263:1: fatal error: error writing to /tmp/ccWiQHOM.s: No space left on device
warning: aws-lc-sys@0.45.0:   263 | }
warning: aws-lc-sys@0.45.0:       | ^
warning: aws-lc-sys@0.45.0: compilation terminated.
warning: aws-lc-sys@0.45.0: ToolExecError: command did not execute successfully (status code exit status: 1): "cc" "-O3" "-ffunction-sections" "-fdata-sections" "-fPIC" "-m64" "-std=c11" "-I" "/home/tihan/.cargo/registry/src/index.crates.io-1949cf8c6b5b557f/aws-lc-sys-0.45.0/generated-include" "-I" "/home/tihan/.cargo/registry/src/index.crates.io-1949cf8c6b5b557f/aws-lc-sys-0.45.0/include" "-I" "/home/tihan/.cargo/registry/src/index.crates.io-1949cf8c6b5b557f/aws-lc-sys-0.45.0/aws-lc/include" "-I" "/home/tihan/.cargo/registry/src/index.crates.io-1949cf8c6b5b557f/aws-lc-sys-0.45.0/aws-lc/third_party/s2n-bignum/include" "-I" "/home/tihan/.cargo/registry/src/index.crates.io-1949cf8c6b5b557f/aws-lc-sys-0.45.0/aws-lc/third_party/s2n-bignum/s2n-bignum-imported/include" "-I" "/home/tihan/.cargo/registry/src/index.crates.io-1949cf8c6b5b557f/aws-lc-sys-0.45.0/aws-lc/third_party/jitterentropy/jitterentropy-library" "-I" "/home/tihan/.cargo/registry/src/index.crates.io-1949cf8c6b5b557f/aws-lc-sys-0.45.0/aws-lc/third_party/jitterentropy/jitterentropy-library/src" "-Wall" "-Wextra" "-Wno-unused-parameter" "-pthread" "-ffile-prefix-map=/home/tihan/.cargo/registry/src/index.crates.io-1949cf8c6b5b557f/aws-lc-sys-0.45.0=" "-D_XOPEN_SOURCE=700" "-DBORINGSSL_IMPLEMENTATION=1" "-DBORINGSSL_PREFIX=aws_lc_0_45_0" "-DAWS_LC_STDALIGN_AVAILABLE=1" "-DAWS_LC_BUILTIN_SWAP_SUPPORTED=1" "-DHAVE_LINUX_RANDOM_H=1" "-o" "/tmp/apollo-artifactd-current-20261005.kFPlri/target/release/build/aws-lc-sys-ac5ab522584e0eef/out/056c1e7192c7090b-p5_pbev2.o" "-c" "/home/tihan/.cargo/registry/src/index.crates.io-1949cf8c6b5b557f/aws-lc-sys-0.45.0/aws-lc/crypto/pkcs8/p5_pbev2.c"
warning: aws-lc-sys@0.45.0: /home/tihan/.cargo/registry/src/index.crates.io-1949cf8c6b5b557f/aws-lc-sys-0.45.0/aws-lc/crypto/pkcs8/pkcs8.c:487:1: fatal error: error writing to /tmp/ccHlh5Lg.s: No space left on device
warning: aws-lc-sys@0.45.0:   487 | }
warning: aws-lc-sys@0.45.0:       | ^
warning: aws-lc-sys@0.45.0: compilation terminated.
warning: aws-lc-sys@0.45.0: ToolExecError: command did not execute successfully (status code exit status: 1): "cc" "-O3" "-ffunction-sections" "-fdata-sections" "-fPIC" "-m64" "-std=c11" "-I" "/home/tihan/.cargo/registry/src/index.crates.io-1949cf8c6b5b557f/aws-lc-sys-0.45.0/generated-include" "-I" "/home/tihan/.cargo/registry/src/index.crates.io-1949cf8c6b5b557f/aws-lc-sys-0.45.0/include" "-I" "/home/tihan/.cargo/registry/src/index.crates.io-1949cf8c6b5b557f/aws-lc-sys-0.45.0/aws-lc/include" "-I" "/home/tihan/.cargo/registry/src/index.crates.io-1949cf8c6b5b557f/aws-lc-sys-0.45.0/aws-lc/third_party/s2n-bignum/include" "-I" "/home/tihan/.cargo/registry/src/index.crates.io-1949cf8c6b5b557f/aws-lc-sys-0.45.0/aws-lc/third_party/s2n-bignum/s2n-bignum-imported/include" "-I" "/home/tihan/.cargo/registry/src/index.crates.io-1949cf8c6b5b557f/aws-lc-sys-0.45.0/aws-lc/third_party/jitterentropy/jitterentropy-library" "-I" "/home/tihan/.cargo/registry/src/index.crates.io-1949cf8c6b5b557f/aws-lc-sys-0.45.0/aws-lc/third_party/jitterentropy/jitterentropy-library/src" "-Wall" "-Wextra" "-Wno-unused-parameter" "-pthread" "-ffile-prefix-map=/home/tihan/.cargo/registry/src/index.crates.io-1949cf8c6b5b557f/aws-lc-sys-0.45.0=" "-D_XOPEN_SOURCE=700" "-DBORINGSSL_IMPLEMENTATION=1" "-DBORINGSSL_PREFIX=aws_lc_0_45_0" "-DAWS_LC_STDALIGN_AVAILABLE=1" "-DAWS_LC_BUILTIN_SWAP_SUPPORTED=1" "-DHAVE_LINUX_RANDOM_H=1" "-o" "/tmp/apollo-artifactd-current-20261005.kFPlri/target/release/build/aws-lc-sys-ac5ab522584e0eef/out/056c1e7192c7090b-pkcs8.o" "-c" "/home/tihan/.cargo/registry/src/index.crates.io-1949cf8c6b5b557f/aws-lc-sys-0.45.0/aws-lc/crypto/pkcs8/pkcs8.c"
warning: aws-lc-sys@0.45.0: /home/tihan/.cargo/registry/src/index.crates.io-1949cf8c6b5b557f/aws-lc-sys-0.45.0/aws-lc/crypto/pkcs8/pkcs8_x509.c:1441:1: fatal error: error writing to /tmp/ccCSFch1.s: No space left on device
warning: aws-lc-sys@0.45.0:  1441 | }
warning: aws-lc-sys@0.45.0:       | ^
warning: aws-lc-sys@0.45.0: compilation terminated.
warning: aws-lc-sys@0.45.0: ToolExecError: command did not execute successfully (status code exit status: 1): "cc" "-O3" "-ffunction-sections" "-fdata-sections" "-fPIC" "-m64" "-std=c11" "-I" "/home/tihan/.cargo/registry/src/index.crates.io-1949cf8c6b5b557f/aws-lc-sys-0.45.0/generated-include" "-I" "/home/tihan/.cargo/registry/src/index.crates.io-1949cf8c6b5b557f/aws-lc-sys-0.45.0/include" "-I" "/home/tihan/.cargo/registry/src/index.crates.io-1949cf8c6b5b557f/aws-lc-sys-0.45.0/aws-lc/include" "-I" "/home/tihan/.cargo/registry/src/index.crates.io-1949cf8c6b5b557f/aws-lc-sys-0.45.0/aws-lc/third_party/s2n-bignum/include" "-I" "/home/tihan/.cargo/registry/src/index.crates.io-1949cf8c6b5b557f/aws-lc-sys-0.45.0/aws-lc/third_party/s2n-bignum/s2n-bignum-imported/include" "-I" "/home/tihan/.cargo/registry/src/index.crates.io-1949cf8c6b5b557f/aws-lc-sys-0.45.0/aws-lc/third_party/jitterentropy/jitterentropy-library" "-I" "/home/tihan/.cargo/registry/src/index.crates.io-1949cf8c6b5b557f/aws-lc-sys-0.45.0/aws-lc/third_party/jitterentropy/jitterentropy-library/src" "-Wall" "-Wextra" "-Wno-unused-parameter" "-pthread" "-ffile-prefix-map=/home/tihan/.cargo/registry/src/index.crates.io-1949cf8c6b5b557f/aws-lc-sys-0.45.0=" "-D_XOPEN_SOURCE=700" "-DBORINGSSL_IMPLEMENTATION=1" "-DBORINGSSL_PREFIX=aws_lc_0_45_0" "-DAWS_LC_STDALIGN_AVAILABLE=1" "-DAWS_LC_BUILTIN_SWAP_SUPPORTED=1" "-DHAVE_LINUX_RANDOM_H=1" "-o" "/tmp/apollo-artifactd-current-20261005.kFPlri/target/release/build/aws-lc-sys-ac5ab522584e0eef/out/056c1e7192c7090b-pkcs8_x509.o" "-c" "/home/tihan/.cargo/registry/src/index.crates.io-1949cf8c6b5b557f/aws-lc-sys-0.45.0/aws-lc/crypto/pkcs8/pkcs8_x509.c"
warning: aws-lc-sys@0.45.0: /home/tihan/.cargo/registry/src/index.crates.io-1949cf8c6b5b557f/aws-lc-sys-0.45.0/aws-lc/crypto/poly1305/poly1305.c:15: fatal error: error closing /tmp/cccOCSGr.s: No space left on device
warning: aws-lc-sys@0.45.0:    15 | 
warning: aws-lc-sys@0.45.0: compilation terminated.
warning: aws-lc-sys@0.45.0: ToolExecError: command did not execute successfully (status code exit status: 1): "cc" "-O3" "-ffunction-sections" "-fdata-sections" "-fPIC" "-m64" "-std=c11" "-I" "/home/tihan/.cargo/registry/src/index.crates.io-1949cf8c6b5b557f/aws-lc-sys-0.45.0/generated-include" "-I" "/home/tihan/.cargo/registry/src/index.crates.io-1949cf8c6b5b557f/aws-lc-sys-0.45.0/include" "-I" "/home/tihan/.cargo/registry/src/index.crates.io-1949cf8c6b5b557f/aws-lc-sys-0.45.0/aws-lc/include" "-I" "/home/tihan/.cargo/registry/src/index.crates.io-1949cf8c6b5b557f/aws-lc-sys-0.45.0/aws-lc/third_party/s2n-bignum/include" "-I" "/home/tihan/.cargo/registry/src/index.crates.io-1949cf8c6b5b557f/aws-lc-sys-0.45.0/aws-lc/third_party/s2n-bignum/s2n-bignum-imported/include" "-I" "/home/tihan/.cargo/registry/src/index.crates.io-1949cf8c6b5b557f/aws-lc-sys-0.45.0/aws-lc/third_party/jitterentropy/jitterentropy-library" "-I" "/home/tihan/.cargo/registry/src/index.crates.io-1949cf8c6b5b557f/aws-lc-sys-0.45.0/aws-lc/third_party/jitterentropy/jitterentropy-library/src" "-Wall" "-Wextra" "-Wno-unused-parameter" "-pthread" "-ffile-prefix-map=/home/tihan/.cargo/registry/src/index.crates.io-1949cf8c6b5b557f/aws-lc-sys-0.45.0=" "-D_XOPEN_SOURCE=700" "-DBORINGSSL_IMPLEMENTATION=1" "-DBORINGSSL_PREFIX=aws_lc_0_45_0" "-DAWS_LC_STDALIGN_AVAILABLE=1" "-DAWS_LC_BUILTIN_SWAP_SUPPORTED=1" "-DHAVE_LINUX_RANDOM_H=1" "-o" "/tmp/apollo-artifactd-current-20261005.kFPlri/target/release/build/aws-lc-sys-ac5ab522584e0eef/out/5d4700fda13603f0-poly1305.o" "-c" "/home/tihan/.cargo/registry/src/index.crates.io-1949cf8c6b5b557f/aws-lc-sys-0.45.0/aws-lc/crypto/poly1305/poly1305.c"
warning: aws-lc-sys@0.45.0: /home/tihan/.cargo/registry/src/index.crates.io-1949cf8c6b5b557f/aws-lc-sys-0.45.0/aws-lc/crypto/poly1305/poly1305_arm.c:13: fatal error: error closing /tmp/cciLU6UK.s: No space left on device
warning: aws-lc-sys@0.45.0:    13 | 
warning: aws-lc-sys@0.45.0: compilation terminated.
warning: aws-lc-sys@0.45.0: ToolExecError: command did not execute successfully (status code exit status: 1): "cc" "-O3" "-ffunction-sections" "-fdata-sections" "-fPIC" "-m64" "-std=c11" "-I" "/home/tihan/.cargo/registry/src/index.crates.io-1949cf8c6b5b557f/aws-lc-sys-0.45.0/generated-include" "-I" "/home/tihan/.cargo/registry/src/index.crates.io-1949cf8c6b5b557f/aws-lc-sys-0.45.0/include" "-I" "/home/tihan/.cargo/registry/src/index.crates.io-1949cf8c6b5b557f/aws-lc-sys-0.45.0/aws-lc/include" "-I" "/home/tihan/.cargo/registry/src/index.crates.io-1949cf8c6b5b557f/aws-lc-sys-0.45.0/aws-lc/third_party/s2n-bignum/include" "-I" "/home/tihan/.cargo/registry/src/index.crates.io-1949cf8c6b5b557f/aws-lc-sys-0.45.0/aws-lc/third_party/s2n-bignum/s2n-bignum-imported/include" "-I" "/home/tihan/.cargo/registry/src/index.crates.io-1949cf8c6b5b557f/aws-lc-sys-0.45.0/aws-lc/third_party/jitterentropy/jitterentropy-library" "-I" "/home/tihan/.cargo/registry/src/index.crates.io-1949cf8c6b5b557f/aws-lc-sys-0.45.0/aws-lc/third_party/jitterentropy/jitterentropy-library/src" "-Wall" "-Wextra" "-Wno-unused-parameter" "-pthread" "-ffile-prefix-map=/home/tihan/.cargo/registry/src/index.crates.io-1949cf8c6b5b557f/aws-lc-sys-0.45.0=" "-D_XOPEN_SOURCE=700" "-DBORINGSSL_IMPLEMENTATION=1" "-DBORINGSSL_PREFIX=aws_lc_0_45_0" "-DAWS_LC_STDALIGN_AVAILABLE=1" "-DAWS_LC_BUILTIN_SWAP_SUPPORTED=1" "-DHAVE_LINUX_RANDOM_H=1" "-o" "/tmp/apollo-artifactd-current-20261005.kFPlri/target/release/build/aws-lc-sys-ac5ab522584e0eef/out/5d4700fda13603f0-poly1305_arm.o" "-c" "/home/tihan/.cargo/registry/src/index.crates.io-1949cf8c6b5b557f/aws-lc-sys-0.45.0/aws-lc/crypto/poly1305/poly1305_arm.c"
warning: aws-lc-sys@0.45.0: /home/tihan/.cargo/registry/src/index.crates.io-1949cf8c6b5b557f/aws-lc-sys-0.45.0/aws-lc/crypto/poly1305/poly1305_vec.c:831:1: fatal error: error writing to /tmp/ccUF5YoU.s: No space left on device
warning: aws-lc-sys@0.45.0:   831 | }
warning: aws-lc-sys@0.45.0:       | ^
warning: aws-lc-sys@0.45.0: compilation terminated.
warning: aws-lc-sys@0.45.0: ToolExecError: command did not execute successfully (status code exit status: 1): "cc" "-O3" "-ffunction-sections" "-fdata-sections" "-fPIC" "-m64" "-std=c11" "-I" "/home/tihan/.cargo/registry/src/index.crates.io-1949cf8c6b5b557f/aws-lc-sys-0.45.0/generated-include" "-I" "/home/tihan/.cargo/registry/src/index.crates.io-1949cf8c6b5b557f/aws-lc-sys-0.45.0/include" "-I" "/home/tihan/.cargo/registry/src/index.crates.io-1949cf8c6b5b557f/aws-lc-sys-0.45.0/aws-lc/include" "-I" "/home/tihan/.cargo/registry/src/index.crates.io-1949cf8c6b5b557f/aws-lc-sys-0.45.0/aws-lc/third_party/s2n-bignum/include" "-I" "/home/tihan/.cargo/registry/src/index.crates.io-1949cf8c6b5b557f/aws-lc-sys-0.45.0/aws-lc/third_party/s2n-bignum/s2n-bignum-imported/include" "-I" "/home/tihan/.cargo/registry/src/index.crates.io-1949cf8c6b5b557f/aws-lc-sys-0.45.0/aws-lc/third_party/jitterentropy/jitterentropy-library" "-I" "/home/tihan/.cargo/registry/src/index.crates.io-1949cf8c6b5b557f/aws-lc-sys-0.45.0/aws-lc/third_party/jitterentropy/jitterentropy-library/src" "-Wall" "-Wextra" "-Wno-unused-parameter" "-pthread" "-ffile-prefix-map=/home/tihan/.cargo/registry/src/index.crates.io-1949cf8c6b5b557f/aws-lc-sys-0.45.0=" "-D_XOPEN_SOURCE=700" "-DBORINGSSL_IMPLEMENTATION=1" "-DBORINGSSL_PREFIX=aws_lc_0_45_0" "-DAWS_LC_STDALIGN_AVAILABLE=1" "-DAWS_LC_BUILTIN_SWAP_SUPPORTED=1" "-DHAVE_LINUX_RANDOM_H=1" "-o" "/tmp/apollo-artifactd-current-20261005.kFPlri/target/release/build/aws-lc-sys-ac5ab522584e0eef/out/5d4700fda13603f0-poly1305_vec.o" "-c" "/home/tihan/.cargo/registry/src/index.crates.io-1949cf8c6b5b557f/aws-lc-sys-0.45.0/aws-lc/crypto/poly1305/poly1305_vec.c"
warning: aws-lc-sys@0.45.0: /home/tihan/.cargo/registry/src/index.crates.io-1949cf8c6b5b557f/aws-lc-sys-0.45.0/aws-lc/crypto/pool/pool.c:250:1: fatal error: error writing to /tmp/cccXV42p.s: No space left on device
warning: aws-lc-sys@0.45.0:   250 | }
warning: aws-lc-sys@0.45.0:       | ^
warning: aws-lc-sys@0.45.0: compilation terminated.
warning: aws-lc-sys@0.45.0: ToolExecError: command did not execute successfully (status code exit status: 1): "cc" "-O3" "-ffunction-sections" "-fdata-sections" "-fPIC" "-m64" "-std=c11" "-I" "/home/tihan/.cargo/registry/src/index.crates.io-1949cf8c6b5b557f/aws-lc-sys-0.45.0/generated-include" "-I" "/home/tihan/.cargo/registry/src/index.crates.io-1949cf8c6b5b557f/aws-lc-sys-0.45.0/include" "-I" "/home/tihan/.cargo/registry/src/index.crates.io-1949cf8c6b5b557f/aws-lc-sys-0.45.0/aws-lc/include" "-I" "/home/tihan/.cargo/registry/src/index.crates.io-1949cf8c6b5b557f/aws-lc-sys-0.45.0/aws-lc/third_party/s2n-bignum/include" "-I" "/home/tihan/.cargo/registry/src/index.crates.io-1949cf8c6b5b557f/aws-lc-sys-0.45.0/aws-lc/third_party/s2n-bignum/s2n-bignum-imported/include" "-I" "/home/tihan/.cargo/registry/src/index.crates.io-1949cf8c6b5b557f/aws-lc-sys-0.45.0/aws-lc/third_party/jitterentropy/jitterentropy-library" "-I" "/home/tihan/.cargo/registry/src/index.crates.io-1949cf8c6b5b557f/aws-lc-sys-0.45.0/aws-lc/third_party/jitterentropy/jitterentropy-library/src" "-Wall" "-Wextra" "-Wno-unused-parameter" "-pthread" "-ffile-prefix-map=/home/tihan/.cargo/registry/src/index.crates.io-1949cf8c6b5b557f/aws-lc-sys-0.45.0=" "-D_XOPEN_SOURCE=700" "-DBORINGSSL_IMPLEMENTATION=1" "-DBORINGSSL_PREFIX=aws_lc_0_45_0" "-DAWS_LC_STDALIGN_AVAILABLE=1" "-DAWS_LC_BUILTIN_SWAP_SUPPORTED=1" "-DHAVE_LINUX_RANDOM_H=1" "-o" "/tmp/apollo-artifactd-current-20261005.kFPlri/target/release/build/aws-lc-sys-ac5ab522584e0eef/out/925ae38753d351a6-pool.o" "-c" "/home/tihan/.cargo/registry/src/index.crates.io-1949cf8c6b5b557f/aws-lc-sys-0.45.0/aws-lc/crypto/pool/pool.c"
warning: aws-lc-sys@0.45.0: /home/tihan/.cargo/registry/src/index.crates.io-1949cf8c6b5b557f/aws-lc-sys-0.45.0/aws-lc/crypto/rand_extra/ccrandomgeneratebytes.c:7: fatal error: error closing /tmp/ccbOobuL.s: No space left on device
warning: aws-lc-sys@0.45.0:     7 | 
warning: aws-lc-sys@0.45.0: compilation terminated.
warning: aws-lc-sys@0.45.0: ToolExecError: command did not execute successfully (status code exit status: 1): "cc" "-O3" "-ffunction-sections" "-fdata-sections" "-fPIC" "-m64" "-std=c11" "-I" "/home/tihan/.cargo/registry/src/index.crates.io-1949cf8c6b5b557f/aws-lc-sys-0.45.0/generated-include" "-I" "/home/tihan/.cargo/registry/src/index.crates.io-1949cf8c6b5b557f/aws-lc-sys-0.45.0/include" "-I" "/home/tihan/.cargo/registry/src/index.crates.io-1949cf8c6b5b557f/aws-lc-sys-0.45.0/aws-lc/include" "-I" "/home/tihan/.cargo/registry/src/index.crates.io-1949cf8c6b5b557f/aws-lc-sys-0.45.0/aws-lc/third_party/s2n-bignum/include" "-I" "/home/tihan/.cargo/registry/src/index.crates.io-1949cf8c6b5b557f/aws-lc-sys-0.45.0/aws-lc/third_party/s2n-bignum/s2n-bignum-imported/include" "-I" "/home/tihan/.cargo/registry/src/index.crates.io-1949cf8c6b5b557f/aws-lc-sys-0.45.0/aws-lc/third_party/jitterentropy/jitterentropy-library" "-I" "/home/tihan/.cargo/registry/src/index.crates.io-1949cf8c6b5b557f/aws-lc-sys-0.45.0/aws-lc/third_party/jitterentropy/jitterentropy-library/src" "-Wall" "-Wextra" "-Wno-unused-parameter" "-pthread" "-ffile-prefix-map=/home/tihan/.cargo/registry/src/index.crates.io-1949cf8c6b5b557f/aws-lc-sys-0.45.0=" "-D_XOPEN_SOURCE=700" "-DBORINGSSL_IMPLEMENTATION=1" "-DBORINGSSL_PREFIX=aws_lc_0_45_0" "-DAWS_LC_STDALIGN_AVAILABLE=1" "-DAWS_LC_BUILTIN_SWAP_SUPPORTED=1" "-DHAVE_LINUX_RANDOM_H=1" "-o" "/tmp/apollo-artifactd-current-20261005.kFPlri/target/release/build/aws-lc-sys-ac5ab522584e0eef/out/7bf3e571b6558a6b-ccrandomgeneratebytes.o" "-c" "/home/tihan/.cargo/registry/src/index.crates.io-1949cf8c6b5b557f/aws-lc-sys-0.45.0/aws-lc/crypto/rand_extra/ccrandomgeneratebytes.c"
warning: aws-lc-sys@0.45.0: /home/tihan/.cargo/registry/src/index.crates.io-1949cf8c6b5b557f/aws-lc-sys-0.45.0/aws-lc/crypto/rand_extra/deterministic.c:7: fatal error: error closing /tmp/ccIUTWae.s: No space left on device
warning: aws-lc-sys@0.45.0:     7 | 
warning: aws-lc-sys@0.45.0: compilation terminated.
warning: aws-lc-sys@0.45.0: ToolExecError: command did not execute successfully (status code exit status: 1): "cc" "-O3" "-ffunction-sections" "-fdata-sections" "-fPIC" "-m64" "-std=c11" "-I" "/home/tihan/.cargo/registry/src/index.crates.io-1949cf8c6b5b557f/aws-lc-sys-0.45.0/generated-include" "-I" "/home/tihan/.cargo/registry/src/index.crates.io-1949cf8c6b5b557f/aws-lc-sys-0.45.0/include" "-I" "/home/tihan/.cargo/registry/src/index.crates.io-1949cf8c6b5b557f/aws-lc-sys-0.45.0/aws-lc/include" "-I" "/home/tihan/.cargo/registry/src/index.crates.io-1949cf8c6b5b557f/aws-lc-sys-0.45.0/aws-lc/third_party/s2n-bignum/include" "-I" "/home/tihan/.cargo/registry/src/index.crates.io-1949cf8c6b5b557f/aws-lc-sys-0.45.0/aws-lc/third_party/s2n-bignum/s2n-bignum-imported/include" "-I" "/home/tihan/.cargo/registry/src/index.crates.io-1949cf8c6b5b557f/aws-lc-sys-0.45.0/aws-lc/third_party/jitterentropy/jitterentropy-library" "-I" "/home/tihan/.cargo/registry/src/index.crates.io-1949cf8c6b5b557f/aws-lc-sys-0.45.0/aws-lc/third_party/jitterentropy/jitterentropy-library/src" "-Wall" "-Wextra" "-Wno-unused-parameter" "-pthread" "-ffile-prefix-map=/home/tihan/.cargo/registry/src/index.crates.io-1949cf8c6b5b557f/aws-lc-sys-0.45.0=" "-D_XOPEN_SOURCE=700" "-DBORINGSSL_IMPLEMENTATION=1" "-DBORINGSSL_PREFIX=aws_lc_0_45_0" "-DAWS_LC_STDALIGN_AVAILABLE=1" "-DAWS_LC_BUILTIN_SWAP_SUPPORTED=1" "-DHAVE_LINUX_RANDOM_H=1" "-o" "/tmp/apollo-artifactd-current-20261005.kFPlri/target/release/build/aws-lc-sys-ac5ab522584e0eef/out/7bf3e571b6558a6b-deterministic.o" "-c" "/home/tihan/.cargo/registry/src/index.crates.io-1949cf8c6b5b557f/aws-lc-sys-0.45.0/aws-lc/crypto/rand_extra/deterministic.c"
warning: aws-lc-sys@0.45.0: /home/tihan/.cargo/registry/src/index.crates.io-1949cf8c6b5b557f/aws-lc-sys-0.45.0/aws-lc/crypto/rand_extra/getentropy.c:12: fatal error: error closing /tmp/cct2eYAr.s: No space left on device
warning: aws-lc-sys@0.45.0:    12 | 
warning: aws-lc-sys@0.45.0: compilation terminated.
warning: aws-lc-sys@0.45.0: ToolExecError: command did not execute successfully (status code exit status: 1): "cc" "-O3" "-ffunction-sections" "-fdata-sections" "-fPIC" "-m64" "-std=c11" "-I" "/home/tihan/.cargo/registry/src/index.crates.io-1949cf8c6b5b557f/aws-lc-sys-0.45.0/generated-include" "-I" "/home/tihan/.cargo/registry/src/index.crates.io-1949cf8c6b5b557f/aws-lc-sys-0.45.0/include" "-I" "/home/tihan/.cargo/registry/src/index.crates.io-1949cf8c6b5b557f/aws-lc-sys-0.45.0/aws-lc/include" "-I" "/home/tihan/.cargo/registry/src/index.crates.io-1949cf8c6b5b557f/aws-lc-sys-0.45.0/aws-lc/third_party/s2n-bignum/include" "-I" "/home/tihan/.cargo/registry/src/index.crates.io-1949cf8c6b5b557f/aws-lc-sys-0.45.0/aws-lc/third_party/s2n-bignum/s2n-bignum-imported/include" "-I" "/home/tihan/.cargo/registry/src/index.crates.io-1949cf8c6b5b557f/aws-lc-sys-0.45.0/aws-lc/third_party/jitterentropy/jitterentropy-library" "-I" "/home/tihan/.cargo/registry/src/index.crates.io-1949cf8c6b5b557f/aws-lc-sys-0.45.0/aws-lc/third_party/jitterentropy/jitterentropy-library/src" "-Wall" "-Wextra" "-Wno-unused-parameter" "-pthread" "-ffile-prefix-map=/home/tihan/.cargo/registry/src/index.crates.io-1949cf8c6b5b557f/aws-lc-sys-0.45.0=" "-D_XOPEN_SOURCE=700" "-DBORINGSSL_IMPLEMENTATION=1" "-DBORINGSSL_PREFIX=aws_lc_0_45_0" "-DAWS_LC_STDALIGN_AVAILABLE=1" "-DAWS_LC_BUILTIN_SWAP_SUPPORTED=1" "-DHAVE_LINUX_RANDOM_H=1" "-o" "/tmp/apollo-artifactd-current-20261005.kFPlri/target/release/build/aws-lc-sys-ac5ab522584e0eef/out/7bf3e571b6558a6b-getentropy.o" "-c" "/home/tihan/.cargo/registry/src/index.crates.io-1949cf8c6b5b557f/aws-lc-sys-0.45.0/aws-lc/crypto/rand_extra/getentropy.c"
warning: aws-lc-sys@0.45.0: /home/tihan/.cargo/registry/src/index.crates.io-1949cf8c6b5b557f/aws-lc-sys-0.45.0/aws-lc/crypto/rand_extra/rand_extra.c:75:1: fatal error: error writing to /tmp/ccyLxIcU.s: No space left on device
warning: aws-lc-sys@0.45.0:    75 | void RAND_cleanup(void) {}
warning: aws-lc-sys@0.45.0:       | ^~~~
warning: aws-lc-sys@0.45.0: compilation terminated.
warning: aws-lc-sys@0.45.0: ToolExecError: command did not execute successfully (status code exit status: 1): "cc" "-O3" "-ffunction-sections" "-fdata-sections" "-fPIC" "-m64" "-std=c11" "-I" "/home/tihan/.cargo/registry/src/index.crates.io-1949cf8c6b5b557f/aws-lc-sys-0.45.0/generated-include" "-I" "/home/tihan/.cargo/registry/src/index.crates.io-1949cf8c6b5b557f/aws-lc-sys-0.45.0/include" "-I" "/home/tihan/.cargo/registry/src/index.crates.io-1949cf8c6b5b557f/aws-lc-sys-0.45.0/aws-lc/include" "-I" "/home/tihan/.cargo/registry/src/index.crates.io-1949cf8c6b5b557f/aws-lc-sys-0.45.0/aws-lc/third_party/s2n-bignum/include" "-I" "/home/tihan/.cargo/registry/src/index.crates.io-1949cf8c6b5b557f/aws-lc-sys-0.45.0/aws-lc/third_party/s2n-bignum/s2n-bignum-imported/include" "-I" "/home/tihan/.cargo/registry/src/index.crates.io-1949cf8c6b5b557f/aws-lc-sys-0.45.0/aws-lc/third_party/jitterentropy/jitterentropy-library" "-I" "/home/tihan/.cargo/registry/src/index.crates.io-1949cf8c6b5b557f/aws-lc-sys-0.45.0/aws-lc/third_party/jitterentropy/jitterentropy-library/src" "-Wall" "-Wextra" "-Wno-unused-parameter" "-pthread" "-ffile-prefix-map=/home/tihan/.cargo/registry/src/index.crates.io-1949cf8c6b5b557f/aws-lc-sys-0.45.0=" "-D_XOPEN_SOURCE=700" "-DBORINGSSL_IMPLEMENTATION=1" "-DBORINGSSL_PREFIX=aws_lc_0_45_0" "-DAWS_LC_STDALIGN_AVAILABLE=1" "-DAWS_LC_BUILTIN_SWAP_SUPPORTED=1" "-DHAVE_LINUX_RANDOM_H=1" "-o" "/tmp/apollo-artifactd-current-20261005.kFPlri/target/release/build/aws-lc-sys-ac5ab522584e0eef/out/7bf3e571b6558a6b-rand_extra.o" "-c" "/home/tihan/.cargo/registry/src/index.crates.io-1949cf8c6b5b557f/aws-lc-sys-0.45.0/aws-lc/crypto/rand_extra/rand_extra.c"
warning: aws-lc-sys@0.45.0: /home/tihan/.cargo/registry/src/index.crates.io-1949cf8c6b5b557f/aws-lc-sys-0.45.0/aws-lc/crypto/rand_extra/urandom.c:464:1: fatal error: error writing to /tmp/ccOBd3h3.s: No space left on device
warning: aws-lc-sys@0.45.0:   464 | }
warning: aws-lc-sys@0.45.0:       | ^
warning: aws-lc-sys@0.45.0: compilation terminated.
warning: aws-lc-sys@0.45.0: ToolExecError: command did not execute successfully (status code exit status: 1): "cc" "-O3" "-ffunction-sections" "-fdata-sections" "-fPIC" "-m64" "-std=c11" "-I" "/home/tihan/.cargo/registry/src/index.crates.io-1949cf8c6b5b557f/aws-lc-sys-0.45.0/generated-include" "-I" "/home/tihan/.cargo/registry/src/index.crates.io-1949cf8c6b5b557f/aws-lc-sys-0.45.0/include" "-I" "/home/tihan/.cargo/registry/src/index.crates.io-1949cf8c6b5b557f/aws-lc-sys-0.45.0/aws-lc/include" "-I" "/home/tihan/.cargo/registry/src/index.crates.io-1949cf8c6b5b557f/aws-lc-sys-0.45.0/aws-lc/third_party/s2n-bignum/include" "-I" "/home/tihan/.cargo/registry/src/index.crates.io-1949cf8c6b5b557f/aws-lc-sys-0.45.0/aws-lc/third_party/s2n-bignum/s2n-bignum-imported/include" "-I" "/home/tihan/.cargo/registry/src/index.crates.io-1949cf8c6b5b557f/aws-lc-sys-0.45.0/aws-lc/third_party/jitterentropy/jitterentropy-library" "-I" "/home/tihan/.cargo/registry/src/index.crates.io-1949cf8c6b5b557f/aws-lc-sys-0.45.0/aws-lc/third_party/jitterentropy/jitterentropy-library/src" "-Wall" "-Wextra" "-Wno-unused-parameter" "-pthread" "-ffile-prefix-map=/home/tihan/.cargo/registry/src/index.crates.io-1949cf8c6b5b557f/aws-lc-sys-0.45.0=" "-D_XOPEN_SOURCE=700" "-DBORINGSSL_IMPLEMENTATION=1" "-DBORINGSSL_PREFIX=aws_lc_0_45_0" "-DAWS_LC_STDALIGN_AVAILABLE=1" "-DAWS_LC_BUILTIN_SWAP_SUPPORTED=1" "-DHAVE_LINUX_RANDOM_H=1" "-o" "/tmp/apollo-artifactd-current-20261005.kFPlri/target/release/build/aws-lc-sys-ac5ab522584e0eef/out/7bf3e571b6558a6b-urandom.o" "-c" "/home/tihan/.cargo/registry/src/index.crates.io-1949cf8c6b5b557f/aws-lc-sys-0.45.0/aws-lc/crypto/rand_extra/urandom.c"
warning: aws-lc-sys@0.45.0: /home/tihan/.cargo/registry/src/index.crates.io-1949cf8c6b5b557f/aws-lc-sys-0.45.0/aws-lc/crypto/rand_extra/vm_ube_fallback.c:11:1: fatal error: error closing /tmp/ccMszh1X.s: No space left on device
warning: aws-lc-sys@0.45.0:    11 | }
warning: aws-lc-sys@0.45.0:       | ^
warning: aws-lc-sys@0.45.0: compilation terminated.
warning: aws-lc-sys@0.45.0: ToolExecError: command did not execute successfully (status code exit status: 1): "cc" "-O3" "-ffunction-sections" "-fdata-sections" "-fPIC" "-m64" "-std=c11" "-I" "/home/tihan/.cargo/registry/src/index.crates.io-1949cf8c6b5b557f/aws-lc-sys-0.45.0/generated-include" "-I" "/home/tihan/.cargo/registry/src/index.crates.io-1949cf8c6b5b557f/aws-lc-sys-0.45.0/include" "-I" "/home/tihan/.cargo/registry/src/index.crates.io-1949cf8c6b5b557f/aws-lc-sys-0.45.0/aws-lc/include" "-I" "/home/tihan/.cargo/registry/src/index.crates.io-1949cf8c6b5b557f/aws-lc-sys-0.45.0/aws-lc/third_party/s2n-bignum/include" "-I" "/home/tihan/.cargo/registry/src/index.crates.io-1949cf8c6b5b557f/aws-lc-sys-0.45.0/aws-lc/third_party/s2n-bignum/s2n-bignum-imported/include" "-I" "/home/tihan/.cargo/registry/src/index.crates.io-1949cf8c6b5b557f/aws-lc-sys-0.45.0/aws-lc/third_party/jitterentropy/jitterentropy-library" "-I" "/home/tihan/.cargo/registry/src/index.crates.io-1949cf8c6b5b557f/aws-lc-sys-0.45.0/aws-lc/third_party/jitterentropy/jitterentropy-library/src" "-Wall" "-Wextra" "-Wno-unused-parameter" "-pthread" "-ffile-prefix-map=/home/tihan/.cargo/registry/src/index.crates.io-1949cf8c6b5b557f/aws-lc-sys-0.45.0=" "-D_XOPEN_SOURCE=700" "-DBORINGSSL_IMPLEMENTATION=1" "-DBORINGSSL_PREFIX=aws_lc_0_45_0" "-DAWS_LC_STDALIGN_AVAILABLE=1" "-DAWS_LC_BUILTIN_SWAP_SUPPORTED=1" "-DHAVE_LINUX_RANDOM_H=1" "-o" "/tmp/apollo-artifactd-current-20261005.kFPlri/target/release/build/aws-lc-sys-ac5ab522584e0eef/out/7bf3e571b6558a6b-vm_ube_fallback.o" "-c" "/home/tihan/.cargo/registry/src/index.crates.io-1949cf8c6b5b557f/aws-lc-sys-0.45.0/aws-lc/crypto/rand_extra/vm_ube_fallback.c"
warning: aws-lc-sys@0.45.0: /home/tihan/.cargo/registry/src/index.crates.io-1949cf8c6b5b557f/aws-lc-sys-0.45.0/aws-lc/crypto/rand_extra/windows.c:8: fatal error: error closing /tmp/ccHcFIVT.s: No space left on device
warning: aws-lc-sys@0.45.0:     8 | 
warning: aws-lc-sys@0.45.0: compilation terminated.
warning: aws-lc-sys@0.45.0: ToolExecError: command did not execute successfully (status code exit status: 1): "cc" "-O3" "-ffunction-sections" "-fdata-sections" "-fPIC" "-m64" "-std=c11" "-I" "/home/tihan/.cargo/registry/src/index.crates.io-1949cf8c6b5b557f/aws-lc-sys-0.45.0/generated-include" "-I" "/home/tihan/.cargo/registry/src/index.crates.io-1949cf8c6b5b557f/aws-lc-sys-0.45.0/include" "-I" "/home/tihan/.cargo/registry/src/index.crates.io-1949cf8c6b5b557f/aws-lc-sys-0.45.0/aws-lc/include" "-I" "/home/tihan/.cargo/registry/src/index.crates.io-1949cf8c6b5b557f/aws-lc-sys-0.45.0/aws-lc/third_party/s2n-bignum/include" "-I" "/home/tihan/.cargo/registry/src/index.crates.io-1949cf8c6b5b557f/aws-lc-sys-0.45.0/aws-lc/third_party/s2n-bignum/s2n-bignum-imported/include" "-I" "/home/tihan/.cargo/registry/src/index.crates.io-1949cf8c6b5b557f/aws-lc-sys-0.45.0/aws-lc/third_party/jitterentropy/jitterentropy-library" "-I" "/home/tihan/.cargo/registry/src/index.crates.io-1949cf8c6b5b557f/aws-lc-sys-0.45.0/aws-lc/third_party/jitterentropy/jitterentropy-library/src" "-Wall" "-Wextra" "-Wno-unused-parameter" "-pthread" "-ffile-prefix-map=/home/tihan/.cargo/registry/src/index.crates.io-1949cf8c6b5b557f/aws-lc-sys-0.45.0=" "-D_XOPEN_SOURCE=700" "-DBORINGSSL_IMPLEMENTATION=1" "-DBORINGSSL_PREFIX=aws_lc_0_45_0" "-DAWS_LC_STDALIGN_AVAILABLE=1" "-DAWS_LC_BUILTIN_SWAP_SUPPORTED=1" "-DHAVE_LINUX_RANDOM_H=1" "-o" "/tmp/apollo-artifactd-current-20261005.kFPlri/target/release/build/aws-lc-sys-ac5ab522584e0eef/out/7bf3e571b6558a6b-windows.o" "-c" "/home/tihan/.cargo/registry/src/index.crates.io-1949cf8c6b5b557f/aws-lc-sys-0.45.0/aws-lc/crypto/rand_extra/windows.c"
warning: aws-lc-sys@0.45.0: /home/tihan/.cargo/registry/src/index.crates.io-1949cf8c6b5b557f/aws-lc-sys-0.45.0/aws-lc/crypto/rc4/rc4.c:48:1: fatal error: error closing /tmp/ccspjxdT.s: No space left on device
warning: aws-lc-sys@0.45.0:    48 | }
warning: aws-lc-sys@0.45.0:       | ^
warning: aws-lc-sys@0.45.0: compilation terminated.
warning: aws-lc-sys@0.45.0: ToolExecError: command did not execute successfully (status code exit status: 1): "cc" "-O3" "-ffunction-sections" "-fdata-sections" "-fPIC" "-m64" "-std=c11" "-I" "/home/tihan/.cargo/registry/src/index.crates.io-1949cf8c6b5b557f/aws-lc-sys-0.45.0/generated-include" "-I" "/home/tihan/.cargo/registry/src/index.crates.io-1949cf8c6b5b557f/aws-lc-sys-0.45.0/include" "-I" "/home/tihan/.cargo/registry/src/index.crates.io-1949cf8c6b5b557f/aws-lc-sys-0.45.0/aws-lc/include" "-I" "/home/tihan/.cargo/registry/src/index.crates.io-1949cf8c6b5b557f/aws-lc-sys-0.45.0/aws-lc/third_party/s2n-bignum/include" "-I" "/home/tihan/.cargo/registry/src/index.crates.io-1949cf8c6b5b557f/aws-lc-sys-0.45.0/aws-lc/third_party/s2n-bignum/s2n-bignum-imported/include" "-I" "/home/tihan/.cargo/registry/src/index.crates.io-1949cf8c6b5b557f/aws-lc-sys-0.45.0/aws-lc/third_party/jitterentropy/jitterentropy-library" "-I" "/home/tihan/.cargo/registry/src/index.crates.io-1949cf8c6b5b557f/aws-lc-sys-0.45.0/aws-lc/third_party/jitterentropy/jitterentropy-library/src" "-Wall" "-Wextra" "-Wno-unused-parameter" "-pthread" "-ffile-prefix-map=/home/tihan/.cargo/registry/src/index.crates.io-1949cf8c6b5b557f/aws-lc-sys-0.45.0=" "-D_XOPEN_SOURCE=700" "-DBORINGSSL_IMPLEMENTATION=1" "-DBORINGSSL_PREFIX=aws_lc_0_45_0" "-DAWS_LC_STDALIGN_AVAILABLE=1" "-DAWS_LC_BUILTIN_SWAP_SUPPORTED=1" "-DHAVE_LINUX_RANDOM_H=1" "-o" "/tmp/apollo-artifactd-current-20261005.kFPlri/target/release/build/aws-lc-sys-ac5ab522584e0eef/out/d7fed99e8aa5a9b1-rc4.o" "-c" "/home/tihan/.cargo/registry/src/index.crates.io-1949cf8c6b5b557f/aws-lc-sys-0.45.0/aws-lc/crypto/rc4/rc4.c"
warning: aws-lc-sys@0.45.0: /home/tihan/.cargo/registry/src/index.crates.io-1949cf8c6b5b557f/aws-lc-sys-0.45.0/aws-lc/crypto/refcount_c11.c:54:1: fatal error: error closing /tmp/ccqL2d4l.s: No space left on device
warning: aws-lc-sys@0.45.0:    54 | }
warning: aws-lc-sys@0.45.0:       | ^
warning: aws-lc-sys@0.45.0: compilation terminated.
warning: aws-lc-sys@0.45.0: ToolExecError: command did not execute successfully (status code exit status: 1): "cc" "-O3" "-ffunction-sections" "-fdata-sections" "-fPIC" "-m64" "-std=c11" "-I" "/home/tihan/.cargo/registry/src/index.crates.io-1949cf8c6b5b557f/aws-lc-sys-0.45.0/generated-include" "-I" "/home/tihan/.cargo/registry/src/index.crates.io-1949cf8c6b5b557f/aws-lc-sys-0.45.0/include" "-I" "/home/tihan/.cargo/registry/src/index.crates.io-1949cf8c6b5b557f/aws-lc-sys-0.45.0/aws-lc/include" "-I" "/home/tihan/.cargo/registry/src/index.crates.io-1949cf8c6b5b557f/aws-lc-sys-0.45.0/aws-lc/third_party/s2n-bignum/include" "-I" "/home/tihan/.cargo/registry/src/index.crates.io-1949cf8c6b5b557f/aws-lc-sys-0.45.0/aws-lc/third_party/s2n-bignum/s2n-bignum-imported/include" "-I" "/home/tihan/.cargo/registry/src/index.crates.io-1949cf8c6b5b557f/aws-lc-sys-0.45.0/aws-lc/third_party/jitterentropy/jitterentropy-library" "-I" "/home/tihan/.cargo/registry/src/index.crates.io-1949cf8c6b5b557f/aws-lc-sys-0.45.0/aws-lc/third_party/jitterentropy/jitterentropy-library/src" "-Wall" "-Wextra" "-Wno-unused-parameter" "-pthread" "-ffile-prefix-map=/home/tihan/.cargo/registry/src/index.crates.io-1949cf8c6b5b557f/aws-lc-sys-0.45.0=" "-D_XOPEN_SOURCE=700" "-DBORINGSSL_IMPLEMENTATION=1" "-DBORINGSSL_PREFIX=aws_lc_0_45_0" "-DAWS_LC_STDALIGN_AVAILABLE=1" "-DAWS_LC_BUILTIN_SWAP_SUPPORTED=1" "-DHAVE_LINUX_RANDOM_H=1" "-o" "/tmp/apollo-artifactd-current-20261005.kFPlri/target/release/build/aws-lc-sys-ac5ab522584e0eef/out/30a9a10d3f98970e-refcount_c11.o" "-c" "/home/tihan/.cargo/registry/src/index.crates.io-1949cf8c6b5b557f/aws-lc-sys-0.45.0/aws-lc/crypto/refcount_c11.c"
warning: aws-lc-sys@0.45.0: /home/tihan/.cargo/registry/src/index.crates.io-1949cf8c6b5b557f/aws-lc-sys-0.45.0/aws-lc/crypto/refcount_lock.c:5: fatal error: error closing /tmp/ccTZeNtn.s: No space left on device
warning: aws-lc-sys@0.45.0:     5 | 
warning: aws-lc-sys@0.45.0: compilation terminated.
warning: aws-lc-sys@0.45.0: ToolExecError: command did not execute successfully (status code exit status: 1): "cc" "-O3" "-ffunction-sections" "-fdata-sections" "-fPIC" "-m64" "-std=c11" "-I" "/home/tihan/.cargo/registry/src/index.crates.io-1949cf8c6b5b557f/aws-lc-sys-0.45.0/generated-include" "-I" "/home/tihan/.cargo/registry/src/index.crates.io-1949cf8c6b5b557f/aws-lc-sys-0.45.0/include" "-I" "/home/tihan/.cargo/registry/src/index.crates.io-1949cf8c6b5b557f/aws-lc-sys-0.45.0/aws-lc/include" "-I" "/home/tihan/.cargo/registry/src/index.crates.io-1949cf8c6b5b557f/aws-lc-sys-0.45.0/aws-lc/third_party/s2n-bignum/include" "-I" "/home/tihan/.cargo/registry/src/index.crates.io-1949cf8c6b5b557f/aws-lc-sys-0.45.0/aws-lc/third_party/s2n-bignum/s2n-bignum-imported/include" "-I" "/home/tihan/.cargo/registry/src/index.crates.io-1949cf8c6b5b557f/aws-lc-sys-0.45.0/aws-lc/third_party/jitterentropy/jitterentropy-library" "-I" "/home/tihan/.cargo/registry/src/index.crates.io-1949cf8c6b5b557f/aws-lc-sys-0.45.0/aws-lc/third_party/jitterentropy/jitterentropy-library/src" "-Wall" "-Wextra" "-Wno-unused-parameter" "-pthread" "-ffile-prefix-map=/home/tihan/.cargo/registry/src/index.crates.io-1949cf8c6b5b557f/aws-lc-sys-0.45.0=" "-D_XOPEN_SOURCE=700" "-DBORINGSSL_IMPLEMENTATION=1" "-DBORINGSSL_PREFIX=aws_lc_0_45_0" "-DAWS_LC_STDALIGN_AVAILABLE=1" "-DAWS_LC_BUILTIN_SWAP_SUPPORTED=1" "-DHAVE_LINUX_RANDOM_H=1" "-o" "/tmp/apollo-artifactd-current-20261005.kFPlri/target/release/build/aws-lc-sys-ac5ab522584e0eef/out/30a9a10d3f98970e-refcount_lock.o" "-c" "/home/tihan/.cargo/registry/src/index.crates.io-1949cf8c6b5b557f/aws-lc-sys-0.45.0/aws-lc/crypto/refcount_lock.c"
warning: aws-lc-sys@0.45.0: /home/tihan/.cargo/registry/src/index.crates.io-1949cf8c6b5b557f/aws-lc-sys-0.45.0/aws-lc/crypto/refcount_win.c:5: fatal error: error closing /tmp/cc40GlwT.s: No space left on device
warning: aws-lc-sys@0.45.0:     5 | 
warning: aws-lc-sys@0.45.0: compilation terminated.
warning: aws-lc-sys@0.45.0: ToolExecError: command did not execute successfully (status code exit status: 1): "cc" "-O3" "-ffunction-sections" "-fdata-sections" "-fPIC" "-m64" "-std=c11" "-I" "/home/tihan/.cargo/registry/src/index.crates.io-1949cf8c6b5b557f/aws-lc-sys-0.45.0/generated-include" "-I" "/home/tihan/.cargo/registry/src/index.crates.io-1949cf8c6b5b557f/aws-lc-sys-0.45.0/include" "-I" "/home/tihan/.cargo/registry/src/index.crates.io-1949cf8c6b5b557f/aws-lc-sys-0.45.0/aws-lc/include" "-I" "/home/tihan/.cargo/registry/src/index.crates.io-1949cf8c6b5b557f/aws-lc-sys-0.45.0/aws-lc/third_party/s2n-bignum/include" "-I" "/home/tihan/.cargo/registry/src/index.crates.io-1949cf8c6b5b557f/aws-lc-sys-0.45.0/aws-lc/third_party/s2n-bignum/s2n-bignum-imported/include" "-I" "/home/tihan/.cargo/registry/src/index.crates.io-1949cf8c6b5b557f/aws-lc-sys-0.45.0/aws-lc/third_party/jitterentropy/jitterentropy-library" "-I" "/home/tihan/.cargo/registry/src/index.crates.io-1949cf8c6b5b557f/aws-lc-sys-0.45.0/aws-lc/third_party/jitterentropy/jitterentropy-library/src" "-Wall" "-Wextra" "-Wno-unused-parameter" "-pthread" "-ffile-prefix-map=/home/tihan/.cargo/registry/src/index.crates.io-1949cf8c6b5b557f/aws-lc-sys-0.45.0=" "-D_XOPEN_SOURCE=700" "-DBORINGSSL_IMPLEMENTATION=1" "-DBORINGSSL_PREFIX=aws_lc_0_45_0" "-DAWS_LC_STDALIGN_AVAILABLE=1" "-DAWS_LC_BUILTIN_SWAP_SUPPORTED=1" "-DHAVE_LINUX_RANDOM_H=1" "-o" "/tmp/apollo-artifactd-current-20261005.kFPlri/target/release/build/aws-lc-sys-ac5ab522584e0eef/out/30a9a10d3f98970e-refcount_win.o" "-c" "/home/tihan/.cargo/registry/src/index.crates.io-1949cf8c6b5b557f/aws-lc-sys-0.45.0/aws-lc/crypto/refcount_win.c"
warning: aws-lc-sys@0.45.0: /home/tihan/.cargo/registry/src/index.crates.io-1949cf8c6b5b557f/aws-lc-sys-0.45.0/aws-lc/crypto/rsa_extra/rsassa_pss_asn1.c:504:1: fatal error: error writing to /tmp/ccZa8FHb.s: No space left on device
warning: aws-lc-sys@0.45.0:   504 | }
warning: aws-lc-sys@0.45.0:       | ^
warning: aws-lc-sys@0.45.0: compilation terminated.
warning: aws-lc-sys@0.45.0: ToolExecError: command did not execute successfully (status code exit status: 1): "cc" "-O3" "-ffunction-sections" "-fdata-sections" "-fPIC" "-m64" "-std=c11" "-I" "/home/tihan/.cargo/registry/src/index.crates.io-1949cf8c6b5b557f/aws-lc-sys-0.45.0/generated-include" "-I" "/home/tihan/.cargo/registry/src/index.crates.io-1949cf8c6b5b557f/aws-lc-sys-0.45.0/include" "-I" "/home/tihan/.cargo/registry/src/index.crates.io-1949cf8c6b5b557f/aws-lc-sys-0.45.0/aws-lc/include" "-I" "/home/tihan/.cargo/registry/src/index.crates.io-1949cf8c6b5b557f/aws-lc-sys-0.45.0/aws-lc/third_party/s2n-bignum/include" "-I" "/home/tihan/.cargo/registry/src/index.crates.io-1949cf8c6b5b557f/aws-lc-sys-0.45.0/aws-lc/third_party/s2n-bignum/s2n-bignum-imported/include" "-I" "/home/tihan/.cargo/registry/src/index.crates.io-1949cf8c6b5b557f/aws-lc-sys-0.45.0/aws-lc/third_party/jitterentropy/jitterentropy-library" "-I" "/home/tihan/.cargo/registry/src/index.crates.io-1949cf8c6b5b557f/aws-lc-sys-0.45.0/aws-lc/third_party/jitterentropy/jitterentropy-library/src" "-Wall" "-Wextra" "-Wno-unused-parameter" "-pthread" "-ffile-prefix-map=/home/tihan/.cargo/registry/src/index.crates.io-1949cf8c6b5b557f/aws-lc-sys-0.45.0=" "-D_XOPEN_SOURCE=700" "-DBORINGSSL_IMPLEMENTATION=1" "-DBORINGSSL_PREFIX=aws_lc_0_45_0" "-DAWS_LC_STDALIGN_AVAILABLE=1" "-DAWS_LC_BUILTIN_SWAP_SUPPORTED=1" "-DHAVE_LINUX_RANDOM_H=1" "-o" "/tmp/apollo-artifactd-current-20261005.kFPlri/target/release/build/aws-lc-sys-ac5ab522584e0eef/out/b0fd2550ab09b04e-rsassa_pss_asn1.o" "-c" "/home/tihan/.cargo/registry/src/index.crates.io-1949cf8c6b5b557f/aws-lc-sys-0.45.0/aws-lc/crypto/rsa_extra/rsassa_pss_asn1.c"
warning: aws-lc-sys@0.45.0: /home/tihan/.cargo/registry/src/index.crates.io-1949cf8c6b5b557f/aws-lc-sys-0.45.0/aws-lc/crypto/rsa_extra/rsa_asn1.c:300:1: fatal error: error writing to /tmp/ccA0jUxC.s: No space left on device
warning: aws-lc-sys@0.45.0:   300 | }
warning: aws-lc-sys@0.45.0:       | ^
warning: aws-lc-sys@0.45.0: compilation terminated.
warning: aws-lc-sys@0.45.0: ToolExecError: command did not execute successfully (status code exit status: 1): "cc" "-O3" "-ffunction-sections" "-fdata-sections" "-fPIC" "-m64" "-std=c11" "-I" "/home/tihan/.cargo/registry/src/index.crates.io-1949cf8c6b5b557f/aws-lc-sys-0.45.0/generated-include" "-I" "/home/tihan/.cargo/registry/src/index.crates.io-1949cf8c6b5b557f/aws-lc-sys-0.45.0/include" "-I" "/home/tihan/.cargo/registry/src/index.crates.io-1949cf8c6b5b557f/aws-lc-sys-0.45.0/aws-lc/include" "-I" "/home/tihan/.cargo/registry/src/index.crates.io-1949cf8c6b5b557f/aws-lc-sys-0.45.0/aws-lc/third_party/s2n-bignum/include" "-I" "/home/tihan/.cargo/registry/src/index.crates.io-1949cf8c6b5b557f/aws-lc-sys-0.45.0/aws-lc/third_party/s2n-bignum/s2n-bignum-imported/include" "-I" "/home/tihan/.cargo/registry/src/index.crates.io-1949cf8c6b5b557f/aws-lc-sys-0.45.0/aws-lc/third_party/jitterentropy/jitterentropy-library" "-I" "/home/tihan/.cargo/registry/src/index.crates.io-1949cf8c6b5b557f/aws-lc-sys-0.45.0/aws-lc/third_party/jitterentropy/jitterentropy-library/src" "-Wall" "-Wextra" "-Wno-unused-parameter" "-pthread" "-ffile-prefix-map=/home/tihan/.cargo/registry/src/index.crates.io-1949cf8c6b5b557f/aws-lc-sys-0.45.0=" "-D_XOPEN_SOURCE=700" "-DBORINGSSL_IMPLEMENTATION=1" "-DBORINGSSL_PREFIX=aws_lc_0_45_0" "-DAWS_LC_STDALIGN_AVAILABLE=1" "-DAWS_LC_BUILTIN_SWAP_SUPPORTED=1" "-DHAVE_LINUX_RANDOM_H=1" "-o" "/tmp/apollo-artifactd-current-20261005.kFPlri/target/release/build/aws-lc-sys-ac5ab522584e0eef/out/b0fd2550ab09b04e-rsa_asn1.o" "-c" "/home/tihan/.cargo/registry/src/index.crates.io-1949cf8c6b5b557f/aws-lc-sys-0.45.0/aws-lc/crypto/rsa_extra/rsa_asn1.c"
warning: aws-lc-sys@0.45.0: /home/tihan/.cargo/registry/src/index.crates.io-1949cf8c6b5b557f/aws-lc-sys-0.45.0/aws-lc/crypto/fipsmodule/bcm.c:437:1: fatal error: error writing to /tmp/ccWXT0ch.s: No space left on device
warning: aws-lc-sys@0.45.0:   437 | }
warning: aws-lc-sys@0.45.0:       | ^
warning: aws-lc-sys@0.45.0: compilation terminated.
warning: aws-lc-sys@0.45.0: ToolExecError: command did not execute successfully (status code exit status: 1): "cc" "-O3" "-ffunction-sections" "-fdata-sections" "-fPIC" "-m64" "-std=c11" "-I" "/home/tihan/.cargo/registry/src/index.crates.io-1949cf8c6b5b557f/aws-lc-sys-0.45.0/generated-include" "-I" "/home/tihan/.cargo/registry/src/index.crates.io-1949cf8c6b5b557f/aws-lc-sys-0.45.0/include" "-I" "/home/tihan/.cargo/registry/src/index.crates.io-1949cf8c6b5b557f/aws-lc-sys-0.45.0/aws-lc/include" "-I" "/home/tihan/.cargo/registry/src/index.crates.io-1949cf8c6b5b557f/aws-lc-sys-0.45.0/aws-lc/third_party/s2n-bignum/include" "-I" "/home/tihan/.cargo/registry/src/index.crates.io-1949cf8c6b5b557f/aws-lc-sys-0.45.0/aws-lc/third_party/s2n-bignum/s2n-bignum-imported/include" "-I" "/home/tihan/.cargo/registry/src/index.crates.io-1949cf8c6b5b557f/aws-lc-sys-0.45.0/aws-lc/third_party/jitterentropy/jitterentropy-library" "-I" "/home/tihan/.cargo/registry/src/index.crates.io-1949cf8c6b5b557f/aws-lc-sys-0.45.0/aws-lc/third_party/jitterentropy/jitterentropy-library/src" "-Wall" "-Wextra" "-Wno-unused-parameter" "-pthread" "-ffile-prefix-map=/home/tihan/.cargo/registry/src/index.crates.io-1949cf8c6b5b557f/aws-lc-sys-0.45.0=" "-D_XOPEN_SOURCE=700" "-DBORINGSSL_IMPLEMENTATION=1" "-DBORINGSSL_PREFIX=aws_lc_0_45_0" "-DAWS_LC_STDALIGN_AVAILABLE=1" "-DAWS_LC_BUILTIN_SWAP_SUPPORTED=1" "-DHAVE_LINUX_RANDOM_H=1" "-o" "/tmp/apollo-artifactd-current-20261005.kFPlri/target/release/build/aws-lc-sys-ac5ab522584e0eef/out/f8e4fd781484bd36-bcm.o" "-c" "/home/tihan/.cargo/registry/src/index.crates.io-1949cf8c6b5b557f/aws-lc-sys-0.45.0/aws-lc/crypto/fipsmodule/bcm.c"
warning: aws-lc-sys@0.45.0: /home/tihan/.cargo/registry/src/index.crates.io-1949cf8c6b5b557f/aws-lc-sys-0.45.0/aws-lc/crypto/rsa_extra/rsa_crypt.c:561:1: fatal error: error writing to /tmp/ccRLOu7w.s: No space left on device
warning: aws-lc-sys@0.45.0:   561 | }
warning: aws-lc-sys@0.45.0:       | ^
warning: aws-lc-sys@0.45.0: compilation terminated.
warning: aws-lc-sys@0.45.0: ToolExecError: command did not execute successfully (status code exit status: 1): "cc" "-O3" "-ffunction-sections" "-fdata-sections" "-fPIC" "-m64" "-std=c11" "-I" "/home/tihan/.cargo/registry/src/index.crates.io-1949cf8c6b5b557f/aws-lc-sys-0.45.0/generated-include" "-I" "/home/tihan/.cargo/registry/src/index.crates.io-1949cf8c6b5b557f/aws-lc-sys-0.45.0/include" "-I" "/home/tihan/.cargo/registry/src/index.crates.io-1949cf8c6b5b557f/aws-lc-sys-0.45.0/aws-lc/include" "-I" "/home/tihan/.cargo/registry/src/index.crates.io-1949cf8c6b5b557f/aws-lc-sys-0.45.0/aws-lc/third_party/s2n-bignum/include" "-I" "/home/tihan/.cargo/registry/src/index.crates.io-1949cf8c6b5b557f/aws-lc-sys-0.45.0/aws-lc/third_party/s2n-bignum/s2n-bignum-imported/include" "-I" "/home/tihan/.cargo/registry/src/index.crates.io-1949cf8c6b5b557f/aws-lc-sys-0.45.0/aws-lc/third_party/jitterentropy/jitterentropy-library" "-I" "/home/tihan/.cargo/registry/src/index.crates.io-1949cf8c6b5b557f/aws-lc-sys-0.45.0/aws-lc/third_party/jitterentropy/jitterentropy-library/src" "-Wall" "-Wextra" "-Wno-unused-parameter" "-pthread" "-ffile-prefix-map=/home/tihan/.cargo/registry/src/index.crates.io-1949cf8c6b5b557f/aws-lc-sys-0.45.0=" "-D_XOPEN_SOURCE=700" "-DBORINGSSL_IMPLEMENTATION=1" "-DBORINGSSL_PREFIX=aws_lc_0_45_0" "-DAWS_LC_STDALIGN_AVAILABLE=1" "-DAWS_LC_BUILTIN_SWAP_SUPPORTED=1" "-DHAVE_LINUX_RANDOM_H=1" "-o" "/tmp/apollo-artifactd-current-20261005.kFPlri/target/release/build/aws-lc-sys-ac5ab522584e0eef/out/b0fd2550ab09b04e-rsa_crypt.o" "-c" "/home/tihan/.cargo/registry/src/index.crates.io-1949cf8c6b5b557f/aws-lc-sys-0.45.0/aws-lc/crypto/rsa_extra/rsa_crypt.c"
warning: aws-lc-sys@0.45.0: /home/tihan/.cargo/registry/src/index.crates.io-1949cf8c6b5b557f/aws-lc-sys-0.45.0/aws-lc/generated-src/linux-x86_64/crypto/fipsmodule/aesni-gcm-avx512.S:136469: fatal error: when writing output to /tmp/cckg4sRZ.s: No space left on device
warning: aws-lc-sys@0.45.0: compilation terminated.
warning: aws-lc-sys@0.45.0: ToolExecError: command did not execute successfully (status code exit status: 1): "cc" "-O3" "-ffunction-sections" "-fdata-sections" "-fPIC" "-m64" "-std=c11" "-I" "/home/tihan/.cargo/registry/src/index.crates.io-1949cf8c6b5b557f/aws-lc-sys-0.45.0/generated-include" "-I" "/home/tihan/.cargo/registry/src/index.crates.io-1949cf8c6b5b557f/aws-lc-sys-0.45.0/include" "-I" "/home/tihan/.cargo/registry/src/index.crates.io-1949cf8c6b5b557f/aws-lc-sys-0.45.0/aws-lc/include" "-I" "/home/tihan/.cargo/registry/src/index.crates.io-1949cf8c6b5b557f/aws-lc-sys-0.45.0/aws-lc/third_party/s2n-bignum/include" "-I" "/home/tihan/.cargo/registry/src/index.crates.io-1949cf8c6b5b557f/aws-lc-sys-0.45.0/aws-lc/third_party/s2n-bignum/s2n-bignum-imported/include" "-I" "/home/tihan/.cargo/registry/src/index.crates.io-1949cf8c6b5b557f/aws-lc-sys-0.45.0/aws-lc/third_party/jitterentropy/jitterentropy-library" "-I" "/home/tihan/.cargo/registry/src/index.crates.io-1949cf8c6b5b557f/aws-lc-sys-0.45.0/aws-lc/third_party/jitterentropy/jitterentropy-library/src" "-Wall" "-Wextra" "-Wno-unused-parameter" "-pthread" "-ffile-prefix-map=/home/tihan/.cargo/registry/src/index.crates.io-1949cf8c6b5b557f/aws-lc-sys-0.45.0=" "-D_XOPEN_SOURCE=700" "-DBORINGSSL_IMPLEMENTATION=1" "-DBORINGSSL_PREFIX=aws_lc_0_45_0" "-DAWS_LC_STDALIGN_AVAILABLE=1" "-DAWS_LC_BUILTIN_SWAP_SUPPORTED=1" "-DHAVE_LINUX_RANDOM_H=1" "-o" "/tmp/apollo-artifactd-current-20261005.kFPlri/target/release/build/aws-lc-sys-ac5ab522584e0eef/out/81d9a39ddc6b1c4e-aesni-gcm-avx512.o" "-c" "-Wa,--noexecstack" "-Wa,--debug-prefix-map=/home/tihan/.cargo/registry/src/index.crates.io-1949cf8c6b5b557f/aws-lc-sys-0.45.0=" "/home/tihan/.cargo/registry/src/index.crates.io-1949cf8c6b5b557f/aws-lc-sys-0.45.0/aws-lc/generated-src/linux-x86_64/crypto/fipsmodule/aesni-gcm-avx512.S"
warning: aws-lc-sys@0.45.0: /home/tihan/.cargo/registry/src/index.crates.io-1949cf8c6b5b557f/aws-lc-sys-0.45.0/aws-lc/generated-src/linux-x86_64/crypto/fipsmodule/aesni-x86_64.S:3344: fatal error: when writing output to /tmp/ccK7v9Rl.s: No space left on device
warning: aws-lc-sys@0.45.0: compilation terminated.
warning: aws-lc-sys@0.45.0: ToolExecError: command did not execute successfully (status code exit status: 1): "cc" "-O3" "-ffunction-sections" "-fdata-sections" "-fPIC" "-m64" "-std=c11" "-I" "/home/tihan/.cargo/registry/src/index.crates.io-1949cf8c6b5b557f/aws-lc-sys-0.45.0/generated-include" "-I" "/home/tihan/.cargo/registry/src/index.crates.io-1949cf8c6b5b557f/aws-lc-sys-0.45.0/include" "-I" "/home/tihan/.cargo/registry/src/index.crates.io-1949cf8c6b5b557f/aws-lc-sys-0.45.0/aws-lc/include" "-I" "/home/tihan/.cargo/registry/src/index.crates.io-1949cf8c6b5b557f/aws-lc-sys-0.45.0/aws-lc/third_party/s2n-bignum/include" "-I" "/home/tihan/.cargo/registry/src/index.crates.io-1949cf8c6b5b557f/aws-lc-sys-0.45.0/aws-lc/third_party/s2n-bignum/s2n-bignum-imported/include" "-I" "/home/tihan/.cargo/registry/src/index.crates.io-1949cf8c6b5b557f/aws-lc-sys-0.45.0/aws-lc/third_party/jitterentropy/jitterentropy-library" "-I" "/home/tihan/.cargo/registry/src/index.crates.io-1949cf8c6b5b557f/aws-lc-sys-0.45.0/aws-lc/third_party/jitterentropy/jitterentropy-library/src" "-Wall" "-Wextra" "-Wno-unused-parameter" "-pthread" "-ffile-prefix-map=/home/tihan/.cargo/registry/src/index.crates.io-1949cf8c6b5b557f/aws-lc-sys-0.45.0=" "-D_XOPEN_SOURCE=700" "-DBORINGSSL_IMPLEMENTATION=1" "-DBORINGSSL_PREFIX=aws_lc_0_45_0" "-DAWS_LC_STDALIGN_AVAILABLE=1" "-DAWS_LC_BUILTIN_SWAP_SUPPORTED=1" "-DHAVE_LINUX_RANDOM_H=1" "-o" "/tmp/apollo-artifactd-current-20261005.kFPlri/target/release/build/aws-lc-sys-ac5ab522584e0eef/out/81d9a39ddc6b1c4e-aesni-x86_64.o" "-c" "-Wa,--noexecstack" "-Wa,--debug-prefix-map=/home/tihan/.cargo/registry/src/index.crates.io-1949cf8c6b5b557f/aws-lc-sys-0.45.0=" "/home/tihan/.cargo/registry/src/index.crates.io-1949cf8c6b5b557f/aws-lc-sys-0.45.0/aws-lc/generated-src/linux-x86_64/crypto/fipsmodule/aesni-x86_64.S"
error: failed to run custom build command for `aws-lc-sys v0.45.0`

Caused by:
  process didn't exit successfully: `/tmp/apollo-artifactd-current-20261005.kFPlri/target/release/build/aws-lc-sys-2f029538e5a46290/build-script-main` (exit status: 1)
  --- stdout
  cargo:rerun-if-env-changed=AWS_LC_SYS_NO_PREFIX_x86_64_unknown_linux_gnu
  cargo:rerun-if-env-changed=AWS_LC_SYS_NO_PREFIX
  cargo:rerun-if-env-changed=AWS_LC_SYS_PREGENERATING_BINDINGS_x86_64_unknown_linux_gnu
  cargo:rerun-if-env-changed=AWS_LC_SYS_PREGENERATING_BINDINGS
  cargo:rerun-if-env-changed=AWS_LC_SYS_EXTERNAL_BINDGEN_x86_64_unknown_linux_gnu
  cargo:rerun-if-env-changed=AWS_LC_SYS_EXTERNAL_BINDGEN
  cargo:rerun-if-env-changed=AWS_LC_SYS_NO_ASM_x86_64_unknown_linux_gnu
  cargo:rerun-if-env-changed=AWS_LC_SYS_NO_ASM
  cargo:rerun-if-env-changed=AWS_LC_SYS_PREBUILT_NASM_x86_64_unknown_linux_gnu
  cargo:rerun-if-env-changed=AWS_LC_SYS_PREBUILT_NASM
  cargo:rerun-if-env-changed=AWS_LC_SYS_C_STD_x86_64_unknown_linux_gnu
  cargo:rerun-if-env-changed=AWS_LC_SYS_C_STD
  cargo:rerun-if-env-changed=AWS_LC_SYS_CMAKE_BUILDER_x86_64_unknown_linux_gnu
  cargo:rerun-if-env-changed=AWS_LC_SYS_CMAKE_BUILDER
  cargo:rerun-if-env-changed=AWS_LC_SYS_NO_PREGENERATED_SRC_x86_64_unknown_linux_gnu
  cargo:rerun-if-env-changed=AWS_LC_SYS_NO_PREGENERATED_SRC
  cargo:rerun-if-env-changed=AWS_LC_SYS_SMALL_x86_64_unknown_linux_gnu
  cargo:rerun-if-env-changed=AWS_LC_SYS_SMALL
  cargo:rerun-if-env-changed=AWS_LC_SYS_EFFECTIVE_TARGET_x86_64_unknown_linux_gnu
  cargo:rerun-if-env-changed=AWS_LC_SYS_EFFECTIVE_TARGET
  cargo:rerun-if-env-changed=AWS_LC_SYS_NO_JITTER_ENTROPY_x86_64_unknown_linux_gnu
  cargo:rerun-if-env-changed=AWS_LC_SYS_NO_JITTER_ENTROPY
  cargo:rerun-if-env-changed=AWS_LC_SYS_NO_U1_BINDINGS_x86_64_unknown_linux_gnu
  cargo:rerun-if-env-changed=AWS_LC_SYS_NO_U1_BINDINGS
  cargo:rerun-if-env-changed=AWS_LC_SYS_INCLUDES_x86_64_unknown_linux_gnu
  cargo:rerun-if-env-changed=AWS_LC_SYS_INCLUDES
  cargo:rerun-if-env-changed=AWS_LC_SYS_SANITIZER_x86_64_unknown_linux_gnu
  cargo:rerun-if-env-changed=AWS_LC_SYS_SANITIZER
  cargo:rerun-if-env-changed=AWS_LC_SYS_LINK_WHOLE_ARCHIVE_x86_64_unknown_linux_gnu
  cargo:rerun-if-env-changed=AWS_LC_SYS_LINK_WHOLE_ARCHIVE
  cargo:rerun-if-env-changed=AWS_LC_SYS_STATIC_x86_64_unknown_linux_gnu
  cargo:rerun-if-env-changed=AWS_LC_SYS_STATIC
  cargo:rerun-if-env-changed=AWS_LC_SYS_SYSTEM_DIR_x86_64_unknown_linux_gnu
  cargo:rerun-if-env-changed=AWS_LC_SYS_SYSTEM_DIR
  cargo:rerun-if-env-changed=AWS_LC_SYS_USE_SYSTEM_x86_64_unknown_linux_gnu
  cargo:rerun-if-env-changed=AWS_LC_SYS_USE_SYSTEM
  cargo:rerun-if-env-changed=AWS_LC_SYS_SYSTEM_BINDINGS_x86_64_unknown_linux_gnu
  cargo:rerun-if-env-changed=AWS_LC_SYS_SYSTEM_BINDINGS
  cargo:rerun-if-env-changed=AWS_LC_SYS_SYSTEM_SKIP_VERSION_CHECK_x86_64_unknown_linux_gnu
  cargo:rerun-if-env-changed=AWS_LC_SYS_SYSTEM_SKIP_VERSION_CHECK
  cargo:rerun-if-env-changed=CARGO_ENCODED_RUSTFLAGS
  cargo:warning=Environment Variable found 'CARGO_ENCODED_RUSTFLAGS': ''
  cargo:warning=Emitting configuration: cargo:rustc-cfg=universal
  cargo:rustc-cfg=universal
  cargo:rerun-if-env-changed=OPENSSL_DIR_x86_64_unknown_linux_gnu
  cargo:rerun-if-env-changed=OPENSSL_DIR
  cargo:rerun-if-env-changed=OPENSSL_INCLUDE_DIR_x86_64_unknown_linux_gnu
  cargo:rerun-if-env-changed=OPENSSL_INCLUDE_DIR
  cargo:rerun-if-env-changed=OPENSSL_LIB_DIR_x86_64_unknown_linux_gnu
  cargo:rerun-if-env-changed=OPENSSL_LIB_DIR
  cargo:rerun-if-env-changed=OPENSSL_NO_PKG_CONFIG
  cargo:rerun-if-env-changed=PKG_CONFIG_x86_64-unknown-linux-gnu
  cargo:rerun-if-env-changed=PKG_CONFIG_x86_64_unknown_linux_gnu
  cargo:rerun-if-env-changed=HOST_PKG_CONFIG
  cargo:rerun-if-env-changed=PKG_CONFIG
  cargo:rerun-if-env-changed=OPENSSL_STATIC
  cargo:rerun-if-env-changed=OPENSSL_DYNAMIC
  cargo:rerun-if-env-changed=PKG_CONFIG_ALL_STATIC
  cargo:rerun-if-env-changed=PKG_CONFIG_ALL_DYNAMIC
  cargo:rerun-if-env-changed=PKG_CONFIG_PATH_x86_64-unknown-linux-gnu
  cargo:rerun-if-env-changed=PKG_CONFIG_PATH_x86_64_unknown_linux_gnu
  cargo:rerun-if-env-changed=HOST_PKG_CONFIG_PATH
  cargo:rerun-if-env-changed=PKG_CONFIG_PATH
  cargo:rerun-if-env-changed=PKG_CONFIG_LIBDIR_x86_64-unknown-linux-gnu
  cargo:rerun-if-env-changed=PKG_CONFIG_LIBDIR_x86_64_unknown_linux_gnu
  cargo:rerun-if-env-changed=HOST_PKG_CONFIG_LIBDIR
  cargo:rerun-if-env-changed=PKG_CONFIG_LIBDIR
  cargo:rerun-if-env-changed=PKG_CONFIG_SYSROOT_DIR_x86_64-unknown-linux-gnu
  cargo:rerun-if-env-changed=PKG_CONFIG_SYSROOT_DIR_x86_64_unknown_linux_gnu
  cargo:rerun-if-env-changed=HOST_PKG_CONFIG_SYSROOT_DIR
  cargo:rerun-if-env-changed=PKG_CONFIG_SYSROOT_DIR
  cargo:rerun-if-env-changed=PKG_CONFIG_SYSROOT_DIR
  cargo:rerun-if-env-changed=SYSROOT
  cargo:rerun-if-env-changed=OPENSSL_STATIC
  cargo:rerun-if-env-changed=OPENSSL_DYNAMIC
  cargo:rerun-if-env-changed=PKG_CONFIG_ALL_STATIC
  cargo:rerun-if-env-changed=PKG_CONFIG_ALL_DYNAMIC
  cargo:rerun-if-env-changed=PKG_CONFIG_x86_64-unknown-linux-gnu
  cargo:rerun-if-env-changed=PKG_CONFIG_x86_64_unknown_linux_gnu
  cargo:rerun-if-env-changed=HOST_PKG_CONFIG
  cargo:rerun-if-env-changed=PKG_CONFIG
  cargo:rerun-if-env-changed=OPENSSL_STATIC
  cargo:rerun-if-env-changed=OPENSSL_DYNAMIC
  cargo:rerun-if-env-changed=PKG_CONFIG_ALL_STATIC
  cargo:rerun-if-env-changed=PKG_CONFIG_ALL_DYNAMIC
  cargo:rerun-if-env-changed=PKG_CONFIG_PATH_x86_64-unknown-linux-gnu
  cargo:rerun-if-env-changed=PKG_CONFIG_PATH_x86_64_unknown_linux_gnu
  cargo:rerun-if-env-changed=HOST_PKG_CONFIG_PATH
  cargo:rerun-if-env-changed=PKG_CONFIG_PATH
  cargo:rerun-if-env-changed=PKG_CONFIG_LIBDIR_x86_64-unknown-linux-gnu
  cargo:rerun-if-env-changed=PKG_CONFIG_LIBDIR_x86_64_unknown_linux_gnu
  cargo:rerun-if-env-changed=HOST_PKG_CONFIG_LIBDIR
  cargo:rerun-if-env-changed=PKG_CONFIG_LIBDIR
  cargo:rerun-if-env-changed=PKG_CONFIG_SYSROOT_DIR_x86_64-unknown-linux-gnu
  cargo:rerun-if-env-changed=PKG_CONFIG_SYSROOT_DIR_x86_64_unknown_linux_gnu
  cargo:rerun-if-env-changed=HOST_PKG_CONFIG_SYSROOT_DIR
  cargo:rerun-if-env-changed=PKG_CONFIG_SYSROOT_DIR
  cargo:rerun-if-env-changed=AWS_LC_NO_PKG_CONFIG
  cargo:rerun-if-env-changed=PKG_CONFIG_x86_64-unknown-linux-gnu
  cargo:rerun-if-env-changed=PKG_CONFIG_x86_64_unknown_linux_gnu
  cargo:rerun-if-env-changed=HOST_PKG_CONFIG
  cargo:rerun-if-env-changed=PKG_CONFIG
  cargo:rerun-if-env-changed=AWS_LC_STATIC
  cargo:rerun-if-env-changed=AWS_LC_DYNAMIC
  cargo:rerun-if-env-changed=PKG_CONFIG_ALL_STATIC
  cargo:rerun-if-env-changed=PKG_CONFIG_ALL_DYNAMIC
  cargo:rerun-if-env-changed=PKG_CONFIG_PATH_x86_64-unknown-linux-gnu
  cargo:rerun-if-env-changed=PKG_CONFIG_PATH_x86_64_unknown_linux_gnu
  cargo:rerun-if-env-changed=HOST_PKG_CONFIG_PATH
  cargo:rerun-if-env-changed=PKG_CONFIG_PATH
  cargo:rerun-if-env-changed=PKG_CONFIG_LIBDIR_x86_64-unknown-linux-gnu
  cargo:rerun-if-env-changed=PKG_CONFIG_LIBDIR_x86_64_unknown_linux_gnu
  cargo:rerun-if-env-changed=HOST_PKG_CONFIG_LIBDIR
  cargo:rerun-if-env-changed=PKG_CONFIG_LIBDIR
  cargo:rerun-if-env-changed=PKG_CONFIG_SYSROOT_DIR_x86_64-unknown-linux-gnu
  cargo:rerun-if-env-changed=PKG_CONFIG_SYSROOT_DIR_x86_64_unknown_linux_gnu
  cargo:rerun-if-env-changed=HOST_PKG_CONFIG_SYSROOT_DIR
  cargo:rerun-if-env-changed=PKG_CONFIG_SYSROOT_DIR
  cargo:rerun-if-env-changed=LIBCRYPTO_NO_PKG_CONFIG
  cargo:rerun-if-env-changed=PKG_CONFIG_x86_64-unknown-linux-gnu
  cargo:rerun-if-env-changed=PKG_CONFIG_x86_64_unknown_linux_gnu
  cargo:rerun-if-env-changed=HOST_PKG_CONFIG
  cargo:rerun-if-env-changed=PKG_CONFIG
  cargo:rerun-if-env-changed=LIBCRYPTO_STATIC
  cargo:rerun-if-env-changed=LIBCRYPTO_DYNAMIC
  cargo:rerun-if-env-changed=PKG_CONFIG_ALL_STATIC
  cargo:rerun-if-env-changed=PKG_CONFIG_ALL_DYNAMIC
  cargo:rerun-if-env-changed=PKG_CONFIG_PATH_x86_64-unknown-linux-gnu
  cargo:rerun-if-env-changed=PKG_CONFIG_PATH_x86_64_unknown_linux_gnu
  cargo:rerun-if-env-changed=HOST_PKG_CONFIG_PATH
  cargo:rerun-if-env-changed=PKG_CONFIG_PATH
  cargo:rerun-if-env-changed=PKG_CONFIG_LIBDIR_x86_64-unknown-linux-gnu
  cargo:rerun-if-env-changed=PKG_CONFIG_LIBDIR_x86_64_unknown_linux_gnu
  cargo:rerun-if-env-changed=HOST_PKG_CONFIG_LIBDIR
  cargo:rerun-if-env-changed=PKG_CONFIG_LIBDIR
  cargo:rerun-if-env-changed=PKG_CONFIG_SYSROOT_DIR_x86_64-unknown-linux-gnu
  cargo:rerun-if-env-changed=PKG_CONFIG_SYSROOT_DIR_x86_64_unknown_linux_gnu
  cargo:rerun-if-env-changed=HOST_PKG_CONFIG_SYSROOT_DIR
  cargo:rerun-if-env-changed=PKG_CONFIG_SYSROOT_DIR
  cargo:rerun-if-env-changed=PKG_CONFIG_SYSROOT_DIR
  cargo:rerun-if-env-changed=SYSROOT
  cargo:rerun-if-env-changed=LIBCRYPTO_STATIC
  cargo:rerun-if-env-changed=LIBCRYPTO_DYNAMIC
  cargo:rerun-if-env-changed=PKG_CONFIG_ALL_STATIC
  cargo:rerun-if-env-changed=PKG_CONFIG_ALL_DYNAMIC
  cargo:rerun-if-env-changed=PKG_CONFIG_x86_64-unknown-linux-gnu
  cargo:rerun-if-env-changed=PKG_CONFIG_x86_64_unknown_linux_gnu
  cargo:rerun-if-env-changed=HOST_PKG_CONFIG
  cargo:rerun-if-env-changed=PKG_CONFIG
  cargo:rerun-if-env-changed=LIBCRYPTO_STATIC
  cargo:rerun-if-env-changed=LIBCRYPTO_DYNAMIC
  cargo:rerun-if-env-changed=PKG_CONFIG_ALL_STATIC
  cargo:rerun-if-env-changed=PKG_CONFIG_ALL_DYNAMIC
  cargo:rerun-if-env-changed=PKG_CONFIG_PATH_x86_64-unknown-linux-gnu
  cargo:rerun-if-env-changed=PKG_CONFIG_PATH_x86_64_unknown_linux_gnu
  cargo:rerun-if-env-changed=HOST_PKG_CONFIG_PATH
  cargo:rerun-if-env-changed=PKG_CONFIG_PATH
  cargo:rerun-if-env-changed=PKG_CONFIG_LIBDIR_x86_64-unknown-linux-gnu
  cargo:rerun-if-env-changed=PKG_CONFIG_LIBDIR_x86_64_unknown_linux_gnu
  cargo:rerun-if-env-changed=HOST_PKG_CONFIG_LIBDIR
  cargo:rerun-if-env-changed=PKG_CONFIG_LIBDIR
  cargo:rerun-if-env-changed=PKG_CONFIG_SYSROOT_DIR_x86_64-unknown-linux-gnu
  cargo:rerun-if-env-changed=PKG_CONFIG_SYSROOT_DIR_x86_64_unknown_linux_gnu
  cargo:rerun-if-env-changed=HOST_PKG_CONFIG_SYSROOT_DIR
  cargo:rerun-if-env-changed=PKG_CONFIG_SYSROOT_DIR
  cargo:rerun-if-env-changed=LIBCRYPTO_AWSLC_NO_PKG_CONFIG
  cargo:rerun-if-env-changed=PKG_CONFIG_x86_64-unknown-linux-gnu
  cargo:rerun-if-env-changed=PKG_CONFIG_x86_64_unknown_linux_gnu
  cargo:rerun-if-env-changed=HOST_PKG_CONFIG
  cargo:rerun-if-env-changed=PKG_CONFIG
  cargo:rerun-if-env-changed=LIBCRYPTO_AWSLC_STATIC
  cargo:rerun-if-env-changed=LIBCRYPTO_AWSLC_DYNAMIC
  cargo:rerun-if-env-changed=PKG_CONFIG_ALL_STATIC
  cargo:rerun-if-env-changed=PKG_CONFIG_ALL_DYNAMIC
  cargo:rerun-if-env-changed=PKG_CONFIG_PATH_x86_64-unknown-linux-gnu
  cargo:rerun-if-env-changed=PKG_CONFIG_PATH_x86_64_unknown_linux_gnu
  cargo:rerun-if-env-changed=HOST_PKG_CONFIG_PATH
  cargo:rerun-if-env-changed=PKG_CONFIG_PATH
  cargo:rerun-if-env-changed=PKG_CONFIG_LIBDIR_x86_64-unknown-linux-gnu
  cargo:rerun-if-env-changed=PKG_CONFIG_LIBDIR_x86_64_unknown_linux_gnu
  cargo:rerun-if-env-changed=HOST_PKG_CONFIG_LIBDIR
  cargo:rerun-if-env-changed=PKG_CONFIG_LIBDIR
  cargo:rerun-if-env-changed=PKG_CONFIG_SYSROOT_DIR_x86_64-unknown-linux-gnu
  cargo:rerun-if-env-changed=PKG_CONFIG_SYSROOT_DIR_x86_64_unknown_linux_gnu
  cargo:rerun-if-env-changed=HOST_PKG_CONFIG_SYSROOT_DIR
  cargo:rerun-if-env-changed=PKG_CONFIG_SYSROOT_DIR
  Ignoring candidate AWS-LC at /usr: Failed to read /usr/include/openssl/base.h: No such file or directory (os error 2)
  Ignoring candidate AWS-LC at /usr: Failed to read /usr/include/openssl/base.h: No such file or directory (os error 2)
  cargo:rerun-if-env-changed=CARGO_FEATURE_SSL
  cargo:warning=Building with: CC
  cargo:warning=Symbol Prefix: Some("aws_lc_0_45_0")
  cargo:rerun-if-env-changed=CARGO_FEATURE_SSL
  cargo:warning=Target platform: 'x86_64-unknown-linux-gnu'
  cargo:root=/tmp/apollo-artifactd-current-20261005.kFPlri/target/release/build/aws-lc-sys-ac5ab522584e0eef/out
  cargo:rerun-if-env-changed=AWS_LC_SYS_HOST_CFLAGS_x86_64_unknown_linux_gnu
  cargo:rerun-if-env-changed=AWS_LC_SYS_HOST_CFLAGS
  cargo:rerun-if-env-changed=HOST_CFLAGS_x86_64_unknown_linux_gnu
  cargo:rerun-if-env-changed=HOST_CFLAGS
  cargo:rerun-if-env-changed=AWS_LC_SYS_CFLAGS_x86_64_unknown_linux_gnu
  cargo:rerun-if-env-changed=AWS_LC_SYS_CFLAGS
  cargo:rerun-if-env-changed=CFLAGS_x86_64_unknown_linux_gnu
  cargo:rerun-if-env-changed=CFLAGS
  cargo:rerun-if-env-changed=CC_x86_64-unknown-linux-gnu
  CC_x86_64-unknown-linux-gnu = None
  cargo:rerun-if-env-changed=CC_x86_64_unknown_linux_gnu
  CC_x86_64_unknown_linux_gnu = None
  cargo:rerun-if-env-changed=HOST_CC
  HOST_CC = None
  cargo:rerun-if-env-changed=CC
  CC = None
  cargo:rerun-if-env-changed=CC_ENABLE_DEBUG_OUTPUT
  cargo:rerun-if-env-changed=CRATE_CC_NO_DEFAULTS
  CRATE_CC_NO_DEFAULTS = None
  cargo:rerun-if-env-changed=CFLAGS
  CFLAGS = None
  cargo:rerun-if-env-changed=HOST_CFLAGS
  HOST_CFLAGS = None
  cargo:rerun-if-env-changed=CFLAGS_x86_64_unknown_linux_gnu
  CFLAGS_x86_64_unknown_linux_gnu = None
  cargo:rerun-if-env-changed=CFLAGS_x86_64-unknown-linux-gnu
  CFLAGS_x86_64-unknown-linux-gnu = None
  cargo:rerun-if-env-changed=CC_x86_64-unknown-linux-gnu
  CC_x86_64-unknown-linux-gnu = None
  cargo:rerun-if-env-changed=CC_x86_64_unknown_linux_gnu
  CC_x86_64_unknown_linux_gnu = None
  cargo:rerun-if-env-changed=HOST_CC
  HOST_CC = None
  cargo:rerun-if-env-changed=CC
  CC = None
  cargo:rerun-if-env-changed=CC_ENABLE_DEBUG_OUTPUT
  cargo:rerun-if-env-changed=CRATE_CC_NO_DEFAULTS
  CRATE_CC_NO_DEFAULTS = None
  cargo:rerun-if-env-changed=CFLAGS
  CFLAGS = None
  cargo:rerun-if-env-changed=HOST_CFLAGS
  HOST_CFLAGS = None
  cargo:rerun-if-env-changed=CFLAGS_x86_64_unknown_linux_gnu
  CFLAGS_x86_64_unknown_linux_gnu = None
  cargo:rerun-if-env-changed=CFLAGS_x86_64-unknown-linux-gnu
  CFLAGS_x86_64-unknown-linux-gnu = None
  cargo:rerun-if-env-changed=CC_x86_64-unknown-linux-gnu
  CC_x86_64-unknown-linux-gnu = None
  cargo:rerun-if-env-changed=CC_x86_64_unknown_linux_gnu
  CC_x86_64_unknown_linux_gnu = None
  cargo:rerun-if-env-changed=HOST_CC
  HOST_CC = None
  cargo:rerun-if-env-changed=CC
  CC = None
  cargo:rerun-if-env-changed=CC_ENABLE_DEBUG_OUTPUT
  cargo:rerun-if-env-changed=CRATE_CC_NO_DEFAULTS
  CRATE_CC_NO_DEFAULTS = None
  cargo:rerun-if-env-changed=CFLAGS
  CFLAGS = None
  cargo:rerun-if-env-changed=HOST_CFLAGS
  HOST_CFLAGS = None
  cargo:rerun-if-env-changed=CFLAGS_x86_64_unknown_linux_gnu
  CFLAGS_x86_64_unknown_linux_gnu = None
  cargo:rerun-if-env-changed=CFLAGS_x86_64-unknown-linux-gnu
  CFLAGS_x86_64-unknown-linux-gnu = None
  cargo:rerun-if-env-changed=CC_FORCE_DISABLE
  CC_FORCE_DISABLE = None
  cargo:rerun-if-env-changed=CC_x86_64-unknown-linux-gnu
  CC_x86_64-unknown-linux-gnu = None
  cargo:rerun-if-env-changed=CC_x86_64_unknown_linux_gnu
  CC_x86_64_unknown_linux_gnu = None
  cargo:rerun-if-env-changed=HOST_CC
  HOST_CC = None
  cargo:rerun-if-env-changed=CC
  CC = None
  cargo:rerun-if-env-changed=CRATE_CC_NO_DEFAULTS
  CRATE_CC_NO_DEFAULTS = None
  cargo:rerun-if-env-changed=CFLAGS
  CFLAGS = None
  cargo:rerun-if-env-changed=HOST_CFLAGS
  HOST_CFLAGS = None
  cargo:rerun-if-env-changed=CFLAGS_x86_64_unknown_linux_gnu
  CFLAGS_x86_64_unknown_linux_gnu = None
  cargo:rerun-if-env-changed=CFLAGS_x86_64-unknown-linux-gnu
  CFLAGS_x86_64-unknown-linux-gnu = None
  cargo:warning=Compilation of 'c11.c' succeeded - Ok(["/tmp/apollo-artifactd-current-20261005.kFPlri/target/release/build/aws-lc-sys-ac5ab522584e0eef/out/out-c11/7dfda64fdf5a526c-c11.o"]).
  cargo:rerun-if-env-changed=AWS_LC_SYS_HOST_CC_x86_64_unknown_linux_gnu
  cargo:rerun-if-env-changed=AWS_LC_SYS_HOST_CC
  cargo:rerun-if-env-changed=HOST_CC_x86_64_unknown_linux_gnu
  cargo:rerun-if-env-changed=HOST_CC
  cargo:rerun-if-env-changed=AWS_LC_SYS_CC_x86_64_unknown_linux_gnu
  cargo:rerun-if-env-changed=AWS_LC_SYS_CC
  cargo:rerun-if-env-changed=CC_x86_64_unknown_linux_gnu
  cargo:rerun-if-env-changed=CC
  cargo:rerun-if-env-changed=AWS_LC_SYS_HOST_CXX_x86_64_unknown_linux_gnu
  cargo:rerun-if-env-changed=AWS_LC_SYS_HOST_CXX
  cargo:rerun-if-env-changed=HOST_CXX_x86_64_unknown_linux_gnu
  cargo:rerun-if-env-changed=HOST_CXX
  cargo:rerun-if-env-changed=AWS_LC_SYS_CXX_x86_64_unknown_linux_gnu
  cargo:rerun-if-env-changed=AWS_LC_SYS_CXX
  cargo:rerun-if-env-changed=CXX_x86_64_unknown_linux_gnu
  cargo:rerun-if-env-changed=CXX
  cargo:rerun-if-env-changed=CC_x86_64-unknown-linux-gnu
  CC_x86_64-unknown-linux-gnu = None
  cargo:rerun-if-env-changed=CC_x86_64_unknown_linux_gnu
  CC_x86_64_unknown_linux_gnu = None
  cargo:rerun-if-env-changed=HOST_CC
  HOST_CC = None
  cargo:rerun-if-env-changed=CC
  CC = None
  cargo:rerun-if-env-changed=CRATE_CC_NO_DEFAULTS
  CRATE_CC_NO_DEFAULTS = None
  cargo:rerun-if-env-changed=CFLAGS
  CFLAGS = None
  cargo:rerun-if-env-changed=HOST_CFLAGS
  HOST_CFLAGS = None
  cargo:rerun-if-env-changed=CFLAGS_x86_64_unknown_linux_gnu
  CFLAGS_x86_64_unknown_linux_gnu = None
  cargo:rerun-if-env-changed=CFLAGS_x86_64-unknown-linux-gnu
  CFLAGS_x86_64-unknown-linux-gnu = None
  cargo:warning=Using flag: -ffile-prefix-map=/home/tihan/.cargo/registry/src/index.crates.io-1949cf8c6b5b557f/aws-lc-sys-0.45.0=
  cargo:rerun-if-env-changed=CC_x86_64-unknown-linux-gnu
  CC_x86_64-unknown-linux-gnu = None
  cargo:rerun-if-env-changed=CC_x86_64_unknown_linux_gnu
  CC_x86_64_unknown_linux_gnu = None
  cargo:rerun-if-env-changed=HOST_CC
  HOST_CC = None
  cargo:rerun-if-env-changed=CC
  CC = None
  cargo:rerun-if-env-changed=CC_ENABLE_DEBUG_OUTPUT
  cargo:rerun-if-env-changed=CRATE_CC_NO_DEFAULTS
  CRATE_CC_NO_DEFAULTS = None
  cargo:rerun-if-env-changed=CFLAGS
  CFLAGS = None
  cargo:rerun-if-env-changed=HOST_CFLAGS
  HOST_CFLAGS = None
  cargo:rerun-if-env-changed=CFLAGS_x86_64_unknown_linux_gnu
  CFLAGS_x86_64_unknown_linux_gnu = None
  cargo:rerun-if-env-changed=CFLAGS_x86_64-unknown-linux-gnu
  CFLAGS_x86_64-unknown-linux-gnu = None
  cargo:rerun-if-env-changed=CC_x86_64-unknown-linux-gnu
  CC_x86_64-unknown-linux-gnu = None
  cargo:rerun-if-env-changed=CC_x86_64_unknown_linux_gnu
  CC_x86_64_unknown_linux_gnu = None
  cargo:rerun-if-env-changed=HOST_CC
  HOST_CC = None
  cargo:rerun-if-env-changed=CC
  CC = None
  cargo:rerun-if-env-changed=CRATE_CC_NO_DEFAULTS
  CRATE_CC_NO_DEFAULTS = None
  cargo:rerun-if-env-changed=CFLAGS
  CFLAGS = None
  cargo:rerun-if-env-changed=HOST_CFLAGS
  HOST_CFLAGS = None
  cargo:rerun-if-env-changed=CFLAGS_x86_64_unknown_linux_gnu
  CFLAGS_x86_64_unknown_linux_gnu = None
  cargo:rerun-if-env-changed=CFLAGS_x86_64-unknown-linux-gnu
  CFLAGS_x86_64-unknown-linux-gnu = None
  cargo:warning=Using assembler flag: -Wa,--debug-prefix-map=/home/tihan/.cargo/registry/src/index.crates.io-1949cf8c6b5b557f/aws-lc-sys-0.45.0=
  cargo:rerun-if-env-changed=CC_x86_64-unknown-linux-gnu
  CC_x86_64-unknown-linux-gnu = None
  cargo:rerun-if-env-changed=CC_x86_64_unknown_linux_gnu
  CC_x86_64_unknown_linux_gnu = None
  cargo:rerun-if-env-changed=HOST_CC
  HOST_CC = None
  cargo:rerun-if-env-changed=CC
  CC = None
  cargo:rerun-if-env-changed=CC_ENABLE_DEBUG_OUTPUT
  cargo:rerun-if-env-changed=CRATE_CC_NO_DEFAULTS
  CRATE_CC_NO_DEFAULTS = None
  cargo:rerun-if-env-changed=CFLAGS
  CFLAGS = None
  cargo:rerun-if-env-changed=HOST_CFLAGS
  HOST_CFLAGS = None
  cargo:rerun-if-env-changed=CFLAGS_x86_64_unknown_linux_gnu
  CFLAGS_x86_64_unknown_linux_gnu = None
  cargo:rerun-if-env-changed=CFLAGS_x86_64-unknown-linux-gnu
  CFLAGS_x86_64-unknown-linux-gnu = None
  cargo:rerun-if-env-changed=CC_FORCE_DISABLE
  CC_FORCE_DISABLE = None
  cargo:rerun-if-env-changed=CC_x86_64-unknown-linux-gnu
  CC_x86_64-unknown-linux-gnu = None
  cargo:rerun-if-env-changed=CC_x86_64_unknown_linux_gnu
  CC_x86_64_unknown_linux_gnu = None
  cargo:rerun-if-env-changed=HOST_CC
  HOST_CC = None
  cargo:rerun-if-env-changed=CC
  CC = None
  cargo:rerun-if-env-changed=CRATE_CC_NO_DEFAULTS
  CRATE_CC_NO_DEFAULTS = None
  cargo:rerun-if-env-changed=CFLAGS
  CFLAGS = None
  cargo:rerun-if-env-changed=HOST_CFLAGS
  HOST_CFLAGS = None
  cargo:rerun-if-env-changed=CFLAGS_x86_64_unknown_linux_gnu
  CFLAGS_x86_64_unknown_linux_gnu = None
  cargo:rerun-if-env-changed=CFLAGS_x86_64-unknown-linux-gnu
  CFLAGS_x86_64-unknown-linux-gnu = None
  cargo:warning=Compilation of 'stdalign_check.c' succeeded - Ok(["/tmp/apollo-artifactd-current-20261005.kFPlri/target/release/build/aws-lc-sys-ac5ab522584e0eef/out/out-stdalign_check/7dfda64fdf5a526c-stdalign_check.o"]).
  cargo:rerun-if-env-changed=CC_x86_64-unknown-linux-gnu
  CC_x86_64-unknown-linux-gnu = None
  cargo:rerun-if-env-changed=CC_x86_64_unknown_linux_gnu
  CC_x86_64_unknown_linux_gnu = None
  cargo:rerun-if-env-changed=HOST_CC
  HOST_CC = None
  cargo:rerun-if-env-changed=CC
  CC = None
  cargo:rerun-if-env-changed=CC_ENABLE_DEBUG_OUTPUT
  cargo:rerun-if-env-changed=CRATE_CC_NO_DEFAULTS
  CRATE_CC_NO_DEFAULTS = None
  cargo:rerun-if-env-changed=CFLAGS
  CFLAGS = None
  cargo:rerun-if-env-changed=HOST_CFLAGS
  HOST_CFLAGS = None
  cargo:rerun-if-env-changed=CFLAGS_x86_64_unknown_linux_gnu
  CFLAGS_x86_64_unknown_linux_gnu = None
  cargo:rerun-if-env-changed=CFLAGS_x86_64-unknown-linux-gnu
  CFLAGS_x86_64-unknown-linux-gnu = None
  cargo:rerun-if-env-changed=CC_FORCE_DISABLE
  CC_FORCE_DISABLE = None
  cargo:rerun-if-env-changed=CC_x86_64-unknown-linux-gnu
  CC_x86_64-unknown-linux-gnu = None
  cargo:rerun-if-env-changed=CC_x86_64_unknown_linux_gnu
  CC_x86_64_unknown_linux_gnu = None
  cargo:rerun-if-env-changed=HOST_CC
  HOST_CC = None
  cargo:rerun-if-env-changed=CC
  CC = None
  cargo:rerun-if-env-changed=CRATE_CC_NO_DEFAULTS
  CRATE_CC_NO_DEFAULTS = None
  cargo:rerun-if-env-changed=CFLAGS
  CFLAGS = None
  cargo:rerun-if-env-changed=HOST_CFLAGS
  HOST_CFLAGS = None
  cargo:rerun-if-env-changed=CFLAGS_x86_64_unknown_linux_gnu
  CFLAGS_x86_64_unknown_linux_gnu = None
  cargo:rerun-if-env-changed=CFLAGS_x86_64-unknown-linux-gnu
  CFLAGS_x86_64-unknown-linux-gnu = None
  cargo:warning=Compilation of 'builtin_swap_check.c' succeeded - Ok(["/tmp/apollo-artifactd-current-20261005.kFPlri/target/release/build/aws-lc-sys-ac5ab522584e0eef/out/out-builtin_swap_check/7dfda64fdf5a526c-builtin_swap_check.o"]).
  cargo:rerun-if-env-changed=CC_x86_64-unknown-linux-gnu
  CC_x86_64-unknown-linux-gnu = None
  cargo:rerun-if-env-changed=CC_x86_64_unknown_linux_gnu
  CC_x86_64_unknown_linux_gnu = None
  cargo:rerun-if-env-changed=HOST_CC
  HOST_CC = None
  cargo:rerun-if-env-changed=CC
  CC = None
  cargo:rerun-if-env-changed=CC_ENABLE_DEBUG_OUTPUT
  cargo:rerun-if-env-changed=CRATE_CC_NO_DEFAULTS
  CRATE_CC_NO_DEFAULTS = None
  cargo:rerun-if-env-changed=CFLAGS
  CFLAGS = None
  cargo:rerun-if-env-changed=HOST_CFLAGS
  HOST_CFLAGS = None
  cargo:rerun-if-env-changed=CFLAGS_x86_64_unknown_linux_gnu
  CFLAGS_x86_64_unknown_linux_gnu = None
  cargo:rerun-if-env-changed=CFLAGS_x86_64-unknown-linux-gnu
  CFLAGS_x86_64-unknown-linux-gnu = None
  cargo:rerun-if-env-changed=CC_FORCE_DISABLE
  CC_FORCE_DISABLE = None
  cargo:rerun-if-env-changed=CC_x86_64-unknown-linux-gnu
  CC_x86_64-unknown-linux-gnu = None
  cargo:rerun-if-env-changed=CC_x86_64_unknown_linux_gnu
  CC_x86_64_unknown_linux_gnu = None
  cargo:rerun-if-env-changed=HOST_CC
  HOST_CC = None
  cargo:rerun-if-env-changed=CC
  CC = None
  cargo:rerun-if-env-changed=CRATE_CC_NO_DEFAULTS
  CRATE_CC_NO_DEFAULTS = None
  cargo:rerun-if-env-changed=CFLAGS
  CFLAGS = None
  cargo:rerun-if-env-changed=HOST_CFLAGS
  HOST_CFLAGS = None
  cargo:rerun-if-env-changed=CFLAGS_x86_64_unknown_linux_gnu
  CFLAGS_x86_64_unknown_linux_gnu = None
  cargo:rerun-if-env-changed=CFLAGS_x86_64-unknown-linux-gnu
  CFLAGS_x86_64-unknown-linux-gnu = None
  cargo:warning=Compilation of 'linux_random_h.c' succeeded - Ok(["/tmp/apollo-artifactd-current-20261005.kFPlri/target/release/build/aws-lc-sys-ac5ab522584e0eef/out/out-linux_random_h/7dfda64fdf5a526c-linux_random_h.o"]).
  cargo:rerun-if-env-changed=CC_x86_64-unknown-linux-gnu
  CC_x86_64-unknown-linux-gnu = None
  cargo:rerun-if-env-changed=CC_x86_64_unknown_linux_gnu
  CC_x86_64_unknown_linux_gnu = None
  cargo:rerun-if-env-changed=HOST_CC
  HOST_CC = None
  cargo:rerun-if-env-changed=CC
  CC = None
  cargo:rerun-if-env-changed=CC_ENABLE_DEBUG_OUTPUT
  cargo:rerun-if-env-changed=CRATE_CC_NO_DEFAULTS
  CRATE_CC_NO_DEFAULTS = None
  cargo:rerun-if-env-changed=CFLAGS
  CFLAGS = None
  cargo:rerun-if-env-changed=HOST_CFLAGS
  HOST_CFLAGS = None
  cargo:rerun-if-env-changed=CFLAGS_x86_64_unknown_linux_gnu
  CFLAGS_x86_64_unknown_linux_gnu = None
  cargo:rerun-if-env-changed=CFLAGS_x86_64-unknown-linux-gnu
  CFLAGS_x86_64-unknown-linux-gnu = None
  cargo:rerun-if-env-changed=CC_x86_64-unknown-linux-gnu
  CC_x86_64-unknown-linux-gnu = None
  cargo:rerun-if-env-changed=CC_x86_64_unknown_linux_gnu
  CC_x86_64_unknown_linux_gnu = None
  cargo:rerun-if-env-changed=HOST_CC
  HOST_CC = None
  cargo:rerun-if-env-changed=CC
  CC = None
  cargo:rerun-if-env-changed=CRATE_CC_NO_DEFAULTS
  CRATE_CC_NO_DEFAULTS = None
  cargo:rerun-if-env-changed=CFLAGS
  CFLAGS = None
  cargo:rerun-if-env-changed=HOST_CFLAGS
  HOST_CFLAGS = None
  cargo:rerun-if-env-changed=CFLAGS_x86_64_unknown_linux_gnu
  CFLAGS_x86_64_unknown_linux_gnu = None
  cargo:rerun-if-env-changed=CFLAGS_x86_64-unknown-linux-gnu
  CFLAGS_x86_64-unknown-linux-gnu = None
  cargo:rerun-if-env-changed=CC_x86_64-unknown-linux-gnu
  CC_x86_64-unknown-linux-gnu = None
  cargo:rerun-if-env-changed=CC_x86_64_unknown_linux_gnu
  CC_x86_64_unknown_linux_gnu = None
  cargo:rerun-if-env-changed=HOST_CC
  HOST_CC = None
  cargo:rerun-if-env-changed=CC
  CC = None
  cargo:rerun-if-env-changed=CC_ENABLE_DEBUG_OUTPUT
  cargo:rerun-if-env-changed=CRATE_CC_NO_DEFAULTS
  CRATE_CC_NO_DEFAULTS = None
  cargo:rerun-if-env-changed=CFLAGS
  CFLAGS = None
  cargo:rerun-if-env-changed=HOST_CFLAGS
  HOST_CFLAGS = None
  cargo:rerun-if-env-changed=CFLAGS_x86_64_unknown_linux_gnu
  CFLAGS_x86_64_unknown_linux_gnu = None
  cargo:rerun-if-env-changed=CFLAGS_x86_64-unknown-linux-gnu
  CFLAGS_x86_64-unknown-linux-gnu = None
  cargo:rerun-if-env-changed=CC_x86_64-unknown-linux-gnu
  CC_x86_64-unknown-linux-gnu = None
  cargo:rerun-if-env-changed=CC_x86_64_unknown_linux_gnu
  CC_x86_64_unknown_linux_gnu = None
  cargo:rerun-if-env-changed=HOST_CC
  HOST_CC = None
  cargo:rerun-if-env-changed=CC
  CC = None
  cargo:rerun-if-env-changed=CRATE_CC_NO_DEFAULTS
  CRATE_CC_NO_DEFAULTS = None
  cargo:rerun-if-env-changed=CFLAGS
  CFLAGS = None
  cargo:rerun-if-env-changed=HOST_CFLAGS
  HOST_CFLAGS = None
  cargo:rerun-if-env-changed=CFLAGS_x86_64_unknown_linux_gnu
  CFLAGS_x86_64_unknown_linux_gnu = None
  cargo:rerun-if-env-changed=CFLAGS_x86_64-unknown-linux-gnu
  CFLAGS_x86_64-unknown-linux-gnu = None
  cargo:rerun-if-env-changed=CC_FORCE_DISABLE
  CC_FORCE_DISABLE = None
  cargo:rerun-if-env-changed=CC_x86_64-unknown-linux-gnu
  CC_x86_64-unknown-linux-gnu = None
  cargo:rerun-if-env-changed=CC_x86_64_unknown_linux_gnu
  CC_x86_64_unknown_linux_gnu = None
  cargo:rerun-if-env-changed=HOST_CC
  HOST_CC = None
  cargo:rerun-if-env-changed=CC
  CC = None
  cargo:rerun-if-env-changed=CRATE_CC_NO_DEFAULTS
  CRATE_CC_NO_DEFAULTS = None
  cargo:rerun-if-env-changed=CFLAGS
  CFLAGS = None
  cargo:rerun-if-env-changed=HOST_CFLAGS
  HOST_CFLAGS = None
  cargo:rerun-if-env-changed=CFLAGS_x86_64_unknown_linux_gnu
  CFLAGS_x86_64_unknown_linux_gnu = None
  cargo:rerun-if-env-changed=CFLAGS_x86_64-unknown-linux-gnu
  CFLAGS_x86_64-unknown-linux-gnu = None
  exit status: 0
  exit status: 0
  exit status: 0
  exit status: 0
  exit status: 0
  exit status: 0
  exit status: 0
  exit status: 0
  exit status: 0
  exit status: 0
  exit status: 0
  exit status: 0
  exit status: 0
  exit status: 0
  exit status: 0
  exit status: 0
  exit status: 0
  exit status: 0
  exit status: 0
  exit status: 0
  exit status: 0
  exit status: 0
  exit status: 0
  exit status: 0
  exit status: 0
  exit status: 0
  exit status: 0
  exit status: 0
  exit status: 0
  exit status: 0
  exit status: 0
  exit status: 0
  exit status: 0
  exit status: 0
  exit status: 0
  exit status: 0
  exit status: 0
  exit status: 0
  exit status: 0
  exit status: 0
  exit status: 0
  exit status: 0
  exit status: 0
  exit status: 0
  exit status: 0
  exit status: 0
  exit status: 0
  exit status: 0
  exit status: 0
  exit status: 0
  exit status: 0
  exit status: 0
  exit status: 0
  exit status: 0
  exit status: 0
  exit status: 0
  cargo:rerun-if-env-changed=CC_FORCE_DISABLE
  CC_FORCE_DISABLE = None
  cargo:rerun-if-env-changed=CC_x86_64-unknown-linux-gnu
  CC_x86_64-unknown-linux-gnu = None
  cargo:rerun-if-env-changed=CC_x86_64_unknown_linux_gnu
  CC_x86_64_unknown_linux_gnu = None
  cargo:rerun-if-env-changed=HOST_CC
  HOST_CC = None
  cargo:rerun-if-env-changed=CC
  CC = None
  cargo:rerun-if-env-changed=CRATE_CC_NO_DEFAULTS
  CRATE_CC_NO_DEFAULTS = None
  cargo:rerun-if-env-changed=CFLAGS
  CFLAGS = None
  cargo:rerun-if-env-changed=HOST_CFLAGS
  HOST_CFLAGS = None
  cargo:rerun-if-env-changed=CFLAGS_x86_64_unknown_linux_gnu
  CFLAGS_x86_64_unknown_linux_gnu = None
  cargo:rerun-if-env-changed=CFLAGS_x86_64-unknown-linux-gnu
  CFLAGS_x86_64-unknown-linux-gnu = None
  exit status: 0
  exit status: 0
  exit status: 0
  exit status: 0
  exit status: 0
  exit status: 0
  cargo:rerun-if-env-changed=CC_FORCE_DISABLE
  CC_FORCE_DISABLE = None
  cargo:rerun-if-env-changed=CC_x86_64-unknown-linux-gnu
  CC_x86_64-unknown-linux-gnu = None
  cargo:rerun-if-env-changed=CC_x86_64_unknown_linux_gnu
  CC_x86_64_unknown_linux_gnu = None
  cargo:rerun-if-env-changed=HOST_CC
  HOST_CC = None
  cargo:rerun-if-env-changed=CC
  CC = None
  cargo:rerun-if-env-changed=CRATE_CC_NO_DEFAULTS
  CRATE_CC_NO_DEFAULTS = None
  cargo:rerun-if-env-changed=CFLAGS
  CFLAGS = None
  cargo:rerun-if-env-changed=HOST_CFLAGS
  HOST_CFLAGS = None
  cargo:rerun-if-env-changed=CFLAGS_x86_64_unknown_linux_gnu
  CFLAGS_x86_64_unknown_linux_gnu = None
  cargo:rerun-if-env-changed=CFLAGS_x86_64-unknown-linux-gnu
  CFLAGS_x86_64-unknown-linux-gnu = None
  exit status: 0
  exit status: 0
  exit status: 0
  exit status: 0
  exit status: 0
  exit status: 0
  exit status: 0
  exit status: 0
  exit status: 0
  exit status: 0
  exit status: 0
  exit status: 0
  exit status: 0
  exit status: 0
  exit status: 0
  exit status: 0
  exit status: 0
  exit status: 0
  exit status: 0
  exit status: 0
  exit status: 0
  exit status: 0
  exit status: 0
  exit status: 0
  exit status: 0
  exit status: 0
  exit status: 0
  exit status: 0
  exit status: 0
  exit status: 0
  exit status: 0
  exit status: 0
  exit status: 0
  exit status: 0
  exit status: 0
  exit status: 0
  exit status: 0
  exit status: 0
  exit status: 0
  exit status: 0
  exit status: 0
  exit status: 0
  exit status: 0
  exit status: 0
  exit status: 0
  exit status: 0
  exit status: 0
  exit status: 0
  exit status: 0
  exit status: 0
  exit status: 0
  exit status: 0
  exit status: 0
  exit status: 0
  exit status: 0
  exit status: 0
  exit status: 0
  exit status: 0
  exit status: 0
  exit status: 0
  exit status: 0
  exit status: 0
  exit status: 0
  exit status: 0
  exit status: 0
  exit status: 0
  exit status: 0
  exit status: 0
  exit status: 0
  exit status: 0
  exit status: 0
  exit status: 0
  exit status: 0
  exit status: 0
  exit status: 0
  exit status: 0
  exit status: 0
  exit status: 0
  exit status: 0
  exit status: 0
  exit status: 0
  exit status: 0
  exit status: 0
  exit status: 0
  exit status: 0
  exit status: 0
  exit status: 0
  exit status: 0
  exit status: 0
  exit status: 0
  exit status: 0
  exit status: 0
  exit status: 0
  exit status: 0
  exit status: 0
  exit status: 0
  exit status: 0
  exit status: 0
  exit status: 0
  exit status: 0
  exit status: 0
  exit status: 0
  exit status: 0
  exit status: 0
  exit status: 0
  exit status: 0
  exit status: 0
  exit status: 0
  exit status: 0
  exit status: 0
  exit status: 0
  exit status: 0
  exit status: 0
  exit status: 0
  exit status: 0
  exit status: 0
  exit status: 0
  exit status: 0
  exit status: 0
  exit status: 0
  exit status: 0
  exit status: 0
  exit status: 0
  exit status: 0
  exit status: 0
  exit status: 0
  exit status: 0
  exit status: 0
  exit status: 0
  exit status: 0
  cargo:warning=/home/tihan/.cargo/registry/src/index.crates.io-1949cf8c6b5b557f/aws-lc-sys-0.45.0/aws-lc/crypto/pem/pem_all.c:178:1: fatal error: error writing to /tmp/cc3qATmr.s: No space left on device
  cargo:warning=  178 | }
  cargo:warning=      | ^
  cargo:warning=compilation terminated.
  exit status: 1
  cargo:warning=ToolExecError: command did not execute successfully (status code exit status: 1): "cc" "-O3" "-ffunction-sections" "-fdata-sections" "-fPIC" "-m64" "-std=c11" "-I" "/home/tihan/.cargo/registry/src/index.crates.io-1949cf8c6b5b557f/aws-lc-sys-0.45.0/generated-include" "-I" "/home/tihan/.cargo/registry/src/index.crates.io-1949cf8c6b5b557f/aws-lc-sys-0.45.0/include" "-I" "/home/tihan/.cargo/registry/src/index.crates.io-1949cf8c6b5b557f/aws-lc-sys-0.45.0/aws-lc/include" "-I" "/home/tihan/.cargo/registry/src/index.crates.io-1949cf8c6b5b557f/aws-lc-sys-0.45.0/aws-lc/third_party/s2n-bignum/include" "-I" "/home/tihan/.cargo/registry/src/index.crates.io-1949cf8c6b5b557f/aws-lc-sys-0.45.0/aws-lc/third_party/s2n-bignum/s2n-bignum-imported/include" "-I" "/home/tihan/.cargo/registry/src/index.crates.io-1949cf8c6b5b557f/aws-lc-sys-0.45.0/aws-lc/third_party/jitterentropy/jitterentropy-library" "-I" "/home/tihan/.cargo/registry/src/index.crates.io-1949cf8c6b5b557f/aws-lc-sys-0.45.0/aws-lc/third_party/jitterentropy/jitterentropy-library/src" "-Wall" "-Wextra" "-Wno-unused-parameter" "-pthread" "-ffile-prefix-map=/home/tihan/.cargo/registry/src/index.crates.io-1949cf8c6b5b557f/aws-lc-sys-0.45.0=" "-D_XOPEN_SOURCE=700" "-DBORINGSSL_IMPLEMENTATION=1" "-DBORINGSSL_PREFIX=aws_lc_0_45_0" "-DAWS_LC_STDALIGN_AVAILABLE=1" "-DAWS_LC_BUILTIN_SWAP_SUPPORTED=1" "-DHAVE_LINUX_RANDOM_H=1" "-o" "/tmp/apollo-artifactd-current-20261005.kFPlri/target/release/build/aws-lc-sys-ac5ab522584e0eef/out/27a075eab3d35364-pem_all.o" "-c" "/home/tihan/.cargo/registry/src/index.crates.io-1949cf8c6b5b557f/aws-lc-sys-0.45.0/aws-lc/crypto/pem/pem_all.c"
  cargo:warning=/home/tihan/.cargo/registry/src/index.crates.io-1949cf8c6b5b557f/aws-lc-sys-0.45.0/aws-lc/crypto/pem/pem_info.c:331:1: fatal error: error writing to /tmp/ccMG0Md2.s: No space left on device
  cargo:warning=  331 | }
  cargo:warning=      | ^
  cargo:warning=compilation terminated.
  exit status: 1
  cargo:warning=ToolExecError: command did not execute successfully (status code exit status: 1): "cc" "-O3" "-ffunction-sections" "-fdata-sections" "-fPIC" "-m64" "-std=c11" "-I" "/home/tihan/.cargo/registry/src/index.crates.io-1949cf8c6b5b557f/aws-lc-sys-0.45.0/generated-include" "-I" "/home/tihan/.cargo/registry/src/index.crates.io-1949cf8c6b5b557f/aws-lc-sys-0.45.0/include" "-I" "/home/tihan/.cargo/registry/src/index.crates.io-1949cf8c6b5b557f/aws-lc-sys-0.45.0/aws-lc/include" "-I" "/home/tihan/.cargo/registry/src/index.crates.io-1949cf8c6b5b557f/aws-lc-sys-0.45.0/aws-lc/third_party/s2n-bignum/include" "-I" "/home/tihan/.cargo/registry/src/index.crates.io-1949cf8c6b5b557f/aws-lc-sys-0.45.0/aws-lc/third_party/s2n-bignum/s2n-bignum-imported/include" "-I" "/home/tihan/.cargo/registry/src/index.crates.io-1949cf8c6b5b557f/aws-lc-sys-0.45.0/aws-lc/third_party/jitterentropy/jitterentropy-library" "-I" "/home/tihan/.cargo/registry/src/index.crates.io-1949cf8c6b5b557f/aws-lc-sys-0.45.0/aws-lc/third_party/jitterentropy/jitterentropy-library/src" "-Wall" "-Wextra" "-Wno-unused-parameter" "-pthread" "-ffile-prefix-map=/home/tihan/.cargo/registry/src/index.crates.io-1949cf8c6b5b557f/aws-lc-sys-0.45.0=" "-D_XOPEN_SOURCE=700" "-DBORINGSSL_IMPLEMENTATION=1" "-DBORINGSSL_PREFIX=aws_lc_0_45_0" "-DAWS_LC_STDALIGN_AVAILABLE=1" "-DAWS_LC_BUILTIN_SWAP_SUPPORTED=1" "-DHAVE_LINUX_RANDOM_H=1" "-o" "/tmp/apollo-artifactd-current-20261005.kFPlri/target/release/build/aws-lc-sys-ac5ab522584e0eef/out/27a075eab3d35364-pem_info.o" "-c" "/home/tihan/.cargo/registry/src/index.crates.io-1949cf8c6b5b557f/aws-lc-sys-0.45.0/aws-lc/crypto/pem/pem_info.c"
  cargo:warning=/home/tihan/.cargo/registry/src/index.crates.io-1949cf8c6b5b557f/aws-lc-sys-0.45.0/aws-lc/crypto/pem/pem_lib.c:780:1: fatal error: error writing to /tmp/ccfYh6zo.s: No space left on device
  cargo:warning=  780 | }
  cargo:warning=      | ^
  cargo:warning=compilation terminated.
  exit status: 1
  cargo:warning=ToolExecError: command did not execute successfully (status code exit status: 1): "cc" "-O3" "-ffunction-sections" "-fdata-sections" "-fPIC" "-m64" "-std=c11" "-I" "/home/tihan/.cargo/registry/src/index.crates.io-1949cf8c6b5b557f/aws-lc-sys-0.45.0/generated-include" "-I" "/home/tihan/.cargo/registry/src/index.crates.io-1949cf8c6b5b557f/aws-lc-sys-0.45.0/include" "-I" "/home/tihan/.cargo/registry/src/index.crates.io-1949cf8c6b5b557f/aws-lc-sys-0.45.0/aws-lc/include" "-I" "/home/tihan/.cargo/registry/src/index.crates.io-1949cf8c6b5b557f/aws-lc-sys-0.45.0/aws-lc/third_party/s2n-bignum/include" "-I" "/home/tihan/.cargo/registry/src/index.crates.io-1949cf8c6b5b557f/aws-lc-sys-0.45.0/aws-lc/third_party/s2n-bignum/s2n-bignum-imported/include" "-I" "/home/tihan/.cargo/registry/src/index.crates.io-1949cf8c6b5b557f/aws-lc-sys-0.45.0/aws-lc/third_party/jitterentropy/jitterentropy-library" "-I" "/home/tihan/.cargo/registry/src/index.crates.io-1949cf8c6b5b557f/aws-lc-sys-0.45.0/aws-lc/third_party/jitterentropy/jitterentropy-library/src" "-Wall" "-Wextra" "-Wno-unused-parameter" "-pthread" "-ffile-prefix-map=/home/tihan/.cargo/registry/src/index.crates.io-1949cf8c6b5b557f/aws-lc-sys-0.45.0=" "-D_XOPEN_SOURCE=700" "-DBORINGSSL_IMPLEMENTATION=1" "-DBORINGSSL_PREFIX=aws_lc_0_45_0" "-DAWS_LC_STDALIGN_AVAILABLE=1" "-DAWS_LC_BUILTIN_SWAP_SUPPORTED=1" "-DHAVE_LINUX_RANDOM_H=1" "-o" "/tmp/apollo-artifactd-current-20261005.kFPlri/target/release/build/aws-lc-sys-ac5ab522584e0eef/out/27a075eab3d35364-pem_lib.o" "-c" "/home/tihan/.cargo/registry/src/index.crates.io-1949cf8c6b5b557f/aws-lc-sys-0.45.0/aws-lc/crypto/pem/pem_lib.c"
  cargo:warning=/home/tihan/.cargo/registry/src/index.crates.io-1949cf8c6b5b557f/aws-lc-sys-0.45.0/aws-lc/crypto/pem/pem_oth.c:34:1: fatal error: error closing /tmp/ccrAIeTU.s: No space left on device
  cargo:warning=   34 | }
  cargo:warning=      | ^
  cargo:warning=compilation terminated.
  exit status: 1
  cargo:warning=ToolExecError: command did not execute successfully (status code exit status: 1): "cc" "-O3" "-ffunction-sections" "-fdata-sections" "-fPIC" "-m64" "-std=c11" "-I" "/home/tihan/.cargo/registry/src/index.crates.io-1949cf8c6b5b557f/aws-lc-sys-0.45.0/generated-include" "-I" "/home/tihan/.cargo/registry/src/index.crates.io-1949cf8c6b5b557f/aws-lc-sys-0.45.0/include" "-I" "/home/tihan/.cargo/registry/src/index.crates.io-1949cf8c6b5b557f/aws-lc-sys-0.45.0/aws-lc/include" "-I" "/home/tihan/.cargo/registry/src/index.crates.io-1949cf8c6b5b557f/aws-lc-sys-0.45.0/aws-lc/third_party/s2n-bignum/include" "-I" "/home/tihan/.cargo/registry/src/index.crates.io-1949cf8c6b5b557f/aws-lc-sys-0.45.0/aws-lc/third_party/s2n-bignum/s2n-bignum-imported/include" "-I" "/home/tihan/.cargo/registry/src/index.crates.io-1949cf8c6b5b557f/aws-lc-sys-0.45.0/aws-lc/third_party/jitterentropy/jitterentropy-library" "-I" "/home/tihan/.cargo/registry/src/index.crates.io-1949cf8c6b5b557f/aws-lc-sys-0.45.0/aws-lc/third_party/jitterentropy/jitterentropy-library/src" "-Wall" "-Wextra" "-Wno-unused-parameter" "-pthread" "-ffile-prefix-map=/home/tihan/.cargo/registry/src/index.crates.io-1949cf8c6b5b557f/aws-lc-sys-0.45.0=" "-D_XOPEN_SOURCE=700" "-DBORINGSSL_IMPLEMENTATION=1" "-DBORINGSSL_PREFIX=aws_lc_0_45_0" "-DAWS_LC_STDALIGN_AVAILABLE=1" "-DAWS_LC_BUILTIN_SWAP_SUPPORTED=1" "-DHAVE_LINUX_RANDOM_H=1" "-o" "/tmp/apollo-artifactd-current-20261005.kFPlri/target/release/build/aws-lc-sys-ac5ab522584e0eef/out/27a075eab3d35364-pem_oth.o" "-c" "/home/tihan/.cargo/registry/src/index.crates.io-1949cf8c6b5b557f/aws-lc-sys-0.45.0/aws-lc/crypto/pem/pem_oth.c"
  cargo:warning=/home/tihan/.cargo/registry/src/index.crates.io-1949cf8c6b5b557f/aws-lc-sys-0.45.0/aws-lc/crypto/pem/pem_pk8.c:195:1: fatal error: error writing to /tmp/cc7tYHZ7.s: No space left on device
  cargo:warning=  195 | IMPLEMENT_PEM_rw(PKCS8_PRIV_KEY_INFO, PKCS8_PRIV_KEY_INFO, PEM_STRING_PKCS8INF,
  cargo:warning=      | ^~~~~~~~~~~~~~~~
  cargo:warning=compilation terminated.
  exit status: 1
  cargo:warning=ToolExecError: command did not execute successfully (status code exit status: 1): "cc" "-O3" "-ffunction-sections" "-fdata-sections" "-fPIC" "-m64" "-std=c11" "-I" "/home/tihan/.cargo/registry/src/index.crates.io-1949cf8c6b5b557f/aws-lc-sys-0.45.0/generated-include" "-I" "/home/tihan/.cargo/registry/src/index.crates.io-1949cf8c6b5b557f/aws-lc-sys-0.45.0/include" "-I" "/home/tihan/.cargo/registry/src/index.crates.io-1949cf8c6b5b557f/aws-lc-sys-0.45.0/aws-lc/include" "-I" "/home/tihan/.cargo/registry/src/index.crates.io-1949cf8c6b5b557f/aws-lc-sys-0.45.0/aws-lc/third_party/s2n-bignum/include" "-I" "/home/tihan/.cargo/registry/src/index.crates.io-1949cf8c6b5b557f/aws-lc-sys-0.45.0/aws-lc/third_party/s2n-bignum/s2n-bignum-imported/include" "-I" "/home/tihan/.cargo/registry/src/index.crates.io-1949cf8c6b5b557f/aws-lc-sys-0.45.0/aws-lc/third_party/jitterentropy/jitterentropy-library" "-I" "/home/tihan/.cargo/registry/src/index.crates.io-1949cf8c6b5b557f/aws-lc-sys-0.45.0/aws-lc/third_party/jitterentropy/jitterentropy-library/src" "-Wall" "-Wextra" "-Wno-unused-parameter" "-pthread" "-ffile-prefix-map=/home/tihan/.cargo/registry/src/index.crates.io-1949cf8c6b5b557f/aws-lc-sys-0.45.0=" "-D_XOPEN_SOURCE=700" "-DBORINGSSL_IMPLEMENTATION=1" "-DBORINGSSL_PREFIX=aws_lc_0_45_0" "-DAWS_LC_STDALIGN_AVAILABLE=1" "-DAWS_LC_BUILTIN_SWAP_SUPPORTED=1" "-DHAVE_LINUX_RANDOM_H=1" "-o" "/tmp/apollo-artifactd-current-20261005.kFPlri/target/release/build/aws-lc-sys-ac5ab522584e0eef/out/27a075eab3d35364-pem_pk8.o" "-c" "/home/tihan/.cargo/registry/src/index.crates.io-1949cf8c6b5b557f/aws-lc-sys-0.45.0/aws-lc/crypto/pem/pem_pk8.c"
  cargo:warning=/home/tihan/.cargo/registry/src/index.crates.io-1949cf8c6b5b557f/aws-lc-sys-0.45.0/aws-lc/crypto/pem/pem_pkey.c:251:1: fatal error: error writing to /tmp/cczb78BL.s: No space left on device
  cargo:warning=  251 | }
  cargo:warning=      | ^
  cargo:warning=compilation terminated.
  exit status: 1
  cargo:warning=ToolExecError: command did not execute successfully (status code exit status: 1): "cc" "-O3" "-ffunction-sections" "-fdata-sections" "-fPIC" "-m64" "-std=c11" "-I" "/home/tihan/.cargo/registry/src/index.crates.io-1949cf8c6b5b557f/aws-lc-sys-0.45.0/generated-include" "-I" "/home/tihan/.cargo/registry/src/index.crates.io-1949cf8c6b5b557f/aws-lc-sys-0.45.0/include" "-I" "/home/tihan/.cargo/registry/src/index.crates.io-1949cf8c6b5b557f/aws-lc-sys-0.45.0/aws-lc/include" "-I" "/home/tihan/.cargo/registry/src/index.crates.io-1949cf8c6b5b557f/aws-lc-sys-0.45.0/aws-lc/third_party/s2n-bignum/include" "-I" "/home/tihan/.cargo/registry/src/index.crates.io-1949cf8c6b5b557f/aws-lc-sys-0.45.0/aws-lc/third_party/s2n-bignum/s2n-bignum-imported/include" "-I" "/home/tihan/.cargo/registry/src/index.crates.io-1949cf8c6b5b557f/aws-lc-sys-0.45.0/aws-lc/third_party/jitterentropy/jitterentropy-library" "-I" "/home/tihan/.cargo/registry/src/index.crates.io-1949cf8c6b5b557f/aws-lc-sys-0.45.0/aws-lc/third_party/jitterentropy/jitterentropy-library/src" "-Wall" "-Wextra" "-Wno-unused-parameter" "-pthread" "-ffile-prefix-map=/home/tihan/.cargo/registry/src/index.crates.io-1949cf8c6b5b557f/aws-lc-sys-0.45.0=" "-D_XOPEN_SOURCE=700" "-DBORINGSSL_IMPLEMENTATION=1" "-DBORINGSSL_PREFIX=aws_lc_0_45_0" "-DAWS_LC_STDALIGN_AVAILABLE=1" "-DAWS_LC_BUILTIN_SWAP_SUPPORTED=1" "-DHAVE_LINUX_RANDOM_H=1" "-o" "/tmp/apollo-artifactd-current-20261005.kFPlri/target/release/build/aws-lc-sys-ac5ab522584e0eef/out/27a075eab3d35364-pem_pkey.o" "-c" "/home/tihan/.cargo/registry/src/index.crates.io-1949cf8c6b5b557f/aws-lc-sys-0.45.0/aws-lc/crypto/pem/pem_pkey.c"
  cargo:warning=/home/tihan/.cargo/registry/src/index.crates.io-1949cf8c6b5b557f/aws-lc-sys-0.45.0/aws-lc/crypto/pem/pem_x509.c:12:1: fatal error: error closing /tmp/ccGmdWMn.s: No space left on device
  cargo:warning=   12 | IMPLEMENT_PEM_rw(X509, X509, PEM_STRING_X509, X509)
  cargo:warning=      | ^~~~~~~~~~~~~~~~
  cargo:warning=compilation terminated.
  exit status: 1
  cargo:warning=ToolExecError: command did not execute successfully (status code exit status: 1): "cc" "-O3" "-ffunction-sections" "-fdata-sections" "-fPIC" "-m64" "-std=c11" "-I" "/home/tihan/.cargo/registry/src/index.crates.io-1949cf8c6b5b557f/aws-lc-sys-0.45.0/generated-include" "-I" "/home/tihan/.cargo/registry/src/index.crates.io-1949cf8c6b5b557f/aws-lc-sys-0.45.0/include" "-I" "/home/tihan/.cargo/registry/src/index.crates.io-1949cf8c6b5b557f/aws-lc-sys-0.45.0/aws-lc/include" "-I" "/home/tihan/.cargo/registry/src/index.crates.io-1949cf8c6b5b557f/aws-lc-sys-0.45.0/aws-lc/third_party/s2n-bignum/include" "-I" "/home/tihan/.cargo/registry/src/index.crates.io-1949cf8c6b5b557f/aws-lc-sys-0.45.0/aws-lc/third_party/s2n-bignum/s2n-bignum-imported/include" "-I" "/home/tihan/.cargo/registry/src/index.crates.io-1949cf8c6b5b557f/aws-lc-sys-0.45.0/aws-lc/third_party/jitterentropy/jitterentropy-library" "-I" "/home/tihan/.cargo/registry/src/index.crates.io-1949cf8c6b5b557f/aws-lc-sys-0.45.0/aws-lc/third_party/jitterentropy/jitterentropy-library/src" "-Wall" "-Wextra" "-Wno-unused-parameter" "-pthread" "-ffile-prefix-map=/home/tihan/.cargo/registry/src/index.crates.io-1949cf8c6b5b557f/aws-lc-sys-0.45.0=" "-D_XOPEN_SOURCE=700" "-DBORINGSSL_IMPLEMENTATION=1" "-DBORINGSSL_PREFIX=aws_lc_0_45_0" "-DAWS_LC_STDALIGN_AVAILABLE=1" "-DAWS_LC_BUILTIN_SWAP_SUPPORTED=1" "-DHAVE_LINUX_RANDOM_H=1" "-o" "/tmp/apollo-artifactd-current-20261005.kFPlri/target/release/build/aws-lc-sys-ac5ab522584e0eef/out/27a075eab3d35364-pem_x509.o" "-c" "/home/tihan/.cargo/registry/src/index.crates.io-1949cf8c6b5b557f/aws-lc-sys-0.45.0/aws-lc/crypto/pem/pem_x509.c"
  cargo:warning=/home/tihan/.cargo/registry/src/index.crates.io-1949cf8c6b5b557f/aws-lc-sys-0.45.0/aws-lc/crypto/pem/pem_xaux.c:12:1: fatal error: error closing /tmp/ccVvCiJ7.s: No space left on device
  cargo:warning=   12 | IMPLEMENT_PEM_rw(X509_AUX, X509, PEM_STRING_X509_TRUSTED, X509_AUX)
  cargo:warning=      | ^~~~~~~~~~~~~~~~
  cargo:warning=compilation terminated.
  exit status: 1
  cargo:warning=ToolExecError: command did not execute successfully (status code exit status: 1): "cc" "-O3" "-ffunction-sections" "-fdata-sections" "-fPIC" "-m64" "-std=c11" "-I" "/home/tihan/.cargo/registry/src/index.crates.io-1949cf8c6b5b557f/aws-lc-sys-0.45.0/generated-include" "-I" "/home/tihan/.cargo/registry/src/index.crates.io-1949cf8c6b5b557f/aws-lc-sys-0.45.0/include" "-I" "/home/tihan/.cargo/registry/src/index.crates.io-1949cf8c6b5b557f/aws-lc-sys-0.45.0/aws-lc/include" "-I" "/home/tihan/.cargo/registry/src/index.crates.io-1949cf8c6b5b557f/aws-lc-sys-0.45.0/aws-lc/third_party/s2n-bignum/include" "-I" "/home/tihan/.cargo/registry/src/index.crates.io-1949cf8c6b5b557f/aws-lc-sys-0.45.0/aws-lc/third_party/s2n-bignum/s2n-bignum-imported/include" "-I" "/home/tihan/.cargo/registry/src/index.crates.io-1949cf8c6b5b557f/aws-lc-sys-0.45.0/aws-lc/third_party/jitterentropy/jitterentropy-library" "-I" "/home/tihan/.cargo/registry/src/index.crates.io-1949cf8c6b5b557f/aws-lc-sys-0.45.0/aws-lc/third_party/jitterentropy/jitterentropy-library/src" "-Wall" "-Wextra" "-Wno-unused-parameter" "-pthread" "-ffile-prefix-map=/home/tihan/.cargo/registry/src/index.crates.io-1949cf8c6b5b557f/aws-lc-sys-0.45.0=" "-D_XOPEN_SOURCE=700" "-DBORINGSSL_IMPLEMENTATION=1" "-DBORINGSSL_PREFIX=aws_lc_0_45_0" "-DAWS_LC_STDALIGN_AVAILABLE=1" "-DAWS_LC_BUILTIN_SWAP_SUPPORTED=1" "-DHAVE_LINUX_RANDOM_H=1" "-o" "/tmp/apollo-artifactd-current-20261005.kFPlri/target/release/build/aws-lc-sys-ac5ab522584e0eef/out/27a075eab3d35364-pem_xaux.o" "-c" "/home/tihan/.cargo/registry/src/index.crates.io-1949cf8c6b5b557f/aws-lc-sys-0.45.0/aws-lc/crypto/pem/pem_xaux.c"
  cargo:warning=/home/tihan/.cargo/registry/src/index.crates.io-1949cf8c6b5b557f/aws-lc-sys-0.45.0/aws-lc/crypto/pkcs7/bio/cipher.c:331:1: fatal error: error writing to /tmp/ccQDLhTA.s: No space left on device
  cargo:warning=  331 | }
  cargo:warning=      | ^
  cargo:warning=compilation terminated.
  exit status: 1
  cargo:warning=ToolExecError: command did not execute successfully (status code exit status: 1): "cc" "-O3" "-ffunction-sections" "-fdata-sections" "-fPIC" "-m64" "-std=c11" "-I" "/home/tihan/.cargo/registry/src/index.crates.io-1949cf8c6b5b557f/aws-lc-sys-0.45.0/generated-include" "-I" "/home/tihan/.cargo/registry/src/index.crates.io-1949cf8c6b5b557f/aws-lc-sys-0.45.0/include" "-I" "/home/tihan/.cargo/registry/src/index.crates.io-1949cf8c6b5b557f/aws-lc-sys-0.45.0/aws-lc/include" "-I" "/home/tihan/.cargo/registry/src/index.crates.io-1949cf8c6b5b557f/aws-lc-sys-0.45.0/aws-lc/third_party/s2n-bignum/include" "-I" "/home/tihan/.cargo/registry/src/index.crates.io-1949cf8c6b5b557f/aws-lc-sys-0.45.0/aws-lc/third_party/s2n-bignum/s2n-bignum-imported/include" "-I" "/home/tihan/.cargo/registry/src/index.crates.io-1949cf8c6b5b557f/aws-lc-sys-0.45.0/aws-lc/third_party/jitterentropy/jitterentropy-library" "-I" "/home/tihan/.cargo/registry/src/index.crates.io-1949cf8c6b5b557f/aws-lc-sys-0.45.0/aws-lc/third_party/jitterentropy/jitterentropy-library/src" "-Wall" "-Wextra" "-Wno-unused-parameter" "-pthread" "-ffile-prefix-map=/home/tihan/.cargo/registry/src/index.crates.io-1949cf8c6b5b557f/aws-lc-sys-0.45.0=" "-D_XOPEN_SOURCE=700" "-DBORINGSSL_IMPLEMENTATION=1" "-DBORINGSSL_PREFIX=aws_lc_0_45_0" "-DAWS_LC_STDALIGN_AVAILABLE=1" "-DAWS_LC_BUILTIN_SWAP_SUPPORTED=1" "-DHAVE_LINUX_RANDOM_H=1" "-o" "/tmp/apollo-artifactd-current-20261005.kFPlri/target/release/build/aws-lc-sys-ac5ab522584e0eef/out/904ef411c1476e9d-cipher.o" "-c" "/home/tihan/.cargo/registry/src/index.crates.io-1949cf8c6b5b557f/aws-lc-sys-0.45.0/aws-lc/crypto/pkcs7/bio/cipher.c"
  cargo:warning=In file included from /home/tihan/.cargo/registry/src/index.crates.io-1949cf8c6b5b557f/aws-lc-sys-0.45.0/aws-lc/include/openssl/asn1.h:7,
  cargo:warning=                 from /home/tihan/.cargo/registry/src/index.crates.io-1949cf8c6b5b557f/aws-lc-sys-0.45.0/aws-lc/include/openssl/pkcs7.h:7,
  cargo:warning=                 from /home/tihan/.cargo/registry/src/index.crates.io-1949cf8c6b5b557f/aws-lc-sys-0.45.0/aws-lc/crypto/pkcs7/pkcs7.c:4:
  cargo:warning=/home/tihan/.cargo/registry/src/index.crates.io-1949cf8c6b5b557f/aws-lc-sys-0.45.0/aws-lc/include/openssl/base.h:139:38: fatal error: error writing to /tmp/cc48ioSs.s: No space left on device
  cargo:warning=  139 | #define OPENSSL_END_ALLOW_DEPRECATED _Pragma("GCC diagnostic pop")
  cargo:warning=      |                                      ^~~~~~~
  cargo:warning=/home/tihan/.cargo/registry/src/index.crates.io-1949cf8c6b5b557f/aws-lc-sys-0.45.0/aws-lc/crypto/pkcs7/pkcs7.c:1787:1: note: in expansion of macro 'OPENSSL_END_ALLOW_DEPRECATED'
  cargo:warning= 1787 | OPENSSL_END_ALLOW_DEPRECATED
  cargo:warning=      | ^~~~~~~~~~~~~~~~~~~~~~~~~~~~
  cargo:warning=compilation terminated.
  exit status: 1
  cargo:warning=ToolExecError: command did not execute successfully (status code exit status: 1): "cc" "-O3" "-ffunction-sections" "-fdata-sections" "-fPIC" "-m64" "-std=c11" "-I" "/home/tihan/.cargo/registry/src/index.crates.io-1949cf8c6b5b557f/aws-lc-sys-0.45.0/generated-include" "-I" "/home/tihan/.cargo/registry/src/index.crates.io-1949cf8c6b5b557f/aws-lc-sys-0.45.0/include" "-I" "/home/tihan/.cargo/registry/src/index.crates.io-1949cf8c6b5b557f/aws-lc-sys-0.45.0/aws-lc/include" "-I" "/home/tihan/.cargo/registry/src/index.crates.io-1949cf8c6b5b557f/aws-lc-sys-0.45.0/aws-lc/third_party/s2n-bignum/include" "-I" "/home/tihan/.cargo/registry/src/index.crates.io-1949cf8c6b5b557f/aws-lc-sys-0.45.0/aws-lc/third_party/s2n-bignum/s2n-bignum-imported/include" "-I" "/home/tihan/.cargo/registry/src/index.crates.io-1949cf8c6b5b557f/aws-lc-sys-0.45.0/aws-lc/third_party/jitterentropy/jitterentropy-library" "-I" "/home/tihan/.cargo/registry/src/index.crates.io-1949cf8c6b5b557f/aws-lc-sys-0.45.0/aws-lc/third_party/jitterentropy/jitterentropy-library/src" "-Wall" "-Wextra" "-Wno-unused-parameter" "-pthread" "-ffile-prefix-map=/home/tihan/.cargo/registry/src/index.crates.io-1949cf8c6b5b557f/aws-lc-sys-0.45.0=" "-D_XOPEN_SOURCE=700" "-DBORINGSSL_IMPLEMENTATION=1" "-DBORINGSSL_PREFIX=aws_lc_0_45_0" "-DAWS_LC_STDALIGN_AVAILABLE=1" "-DAWS_LC_BUILTIN_SWAP_SUPPORTED=1" "-DHAVE_LINUX_RANDOM_H=1" "-o" "/tmp/apollo-artifactd-current-20261005.kFPlri/target/release/build/aws-lc-sys-ac5ab522584e0eef/out/e3caa0b8b118742c-pkcs7.o" "-c" "/home/tihan/.cargo/registry/src/index.crates.io-1949cf8c6b5b557f/aws-lc-sys-0.45.0/aws-lc/crypto/pkcs7/pkcs7.c"
  cargo:warning=/home/tihan/.cargo/registry/src/index.crates.io-1949cf8c6b5b557f/aws-lc-sys-0.45.0/aws-lc/crypto/pkcs7/pkcs7_asn1.c:157:1: fatal error: error writing to /tmp/ccFUJ3z8.s: No space left on device
  cargo:warning=  157 | }
  cargo:warning=      | ^
  cargo:warning=compilation terminated.
  exit status: 1
  cargo:warning=ToolExecError: command did not execute successfully (status code exit status: 1): "cc" "-O3" "-ffunction-sections" "-fdata-sections" "-fPIC" "-m64" "-std=c11" "-I" "/home/tihan/.cargo/registry/src/index.crates.io-1949cf8c6b5b557f/aws-lc-sys-0.45.0/generated-include" "-I" "/home/tihan/.cargo/registry/src/index.crates.io-1949cf8c6b5b557f/aws-lc-sys-0.45.0/include" "-I" "/home/tihan/.cargo/registry/src/index.crates.io-1949cf8c6b5b557f/aws-lc-sys-0.45.0/aws-lc/include" "-I" "/home/tihan/.cargo/registry/src/index.crates.io-1949cf8c6b5b557f/aws-lc-sys-0.45.0/aws-lc/third_party/s2n-bignum/include" "-I" "/home/tihan/.cargo/registry/src/index.crates.io-1949cf8c6b5b557f/aws-lc-sys-0.45.0/aws-lc/third_party/s2n-bignum/s2n-bignum-imported/include" "-I" "/home/tihan/.cargo/registry/src/index.crates.io-1949cf8c6b5b557f/aws-lc-sys-0.45.0/aws-lc/third_party/jitterentropy/jitterentropy-library" "-I" "/home/tihan/.cargo/registry/src/index.crates.io-1949cf8c6b5b557f/aws-lc-sys-0.45.0/aws-lc/third_party/jitterentropy/jitterentropy-library/src" "-Wall" "-Wextra" "-Wno-unused-parameter" "-pthread" "-ffile-prefix-map=/home/tihan/.cargo/registry/src/index.crates.io-1949cf8c6b5b557f/aws-lc-sys-0.45.0=" "-D_XOPEN_SOURCE=700" "-DBORINGSSL_IMPLEMENTATION=1" "-DBORINGSSL_PREFIX=aws_lc_0_45_0" "-DAWS_LC_STDALIGN_AVAILABLE=1" "-DAWS_LC_BUILTIN_SWAP_SUPPORTED=1" "-DHAVE_LINUX_RANDOM_H=1" "-o" "/tmp/apollo-artifactd-current-20261005.kFPlri/target/release/build/aws-lc-sys-ac5ab522584e0eef/out/e3caa0b8b118742c-pkcs7_asn1.o" "-c" "/home/tihan/.cargo/registry/src/index.crates.io-1949cf8c6b5b557f/aws-lc-sys-0.45.0/aws-lc/crypto/pkcs7/pkcs7_asn1.c"
  cargo:warning=In file included from /home/tihan/.cargo/registry/src/index.crates.io-1949cf8c6b5b557f/aws-lc-sys-0.45.0/aws-lc/include/openssl/asn1.h:7,
  cargo:warning=                 from /home/tihan/.cargo/registry/src/index.crates.io-1949cf8c6b5b557f/aws-lc-sys-0.45.0/aws-lc/include/openssl/pkcs7.h:7,
  cargo:warning=                 from /home/tihan/.cargo/registry/src/index.crates.io-1949cf8c6b5b557f/aws-lc-sys-0.45.0/aws-lc/crypto/pkcs7/pkcs7_x509.c:4:
  cargo:warning=/home/tihan/.cargo/registry/src/index.crates.io-1949cf8c6b5b557f/aws-lc-sys-0.45.0/aws-lc/include/openssl/base.h:139:38: fatal error: error writing to /tmp/ccracgvc.s: No space left on device
  cargo:warning=  139 | #define OPENSSL_END_ALLOW_DEPRECATED _Pragma("GCC diagnostic pop")
  cargo:warning=      |                                      ^~~~~~~
  cargo:warning=/home/tihan/.cargo/registry/src/index.crates.io-1949cf8c6b5b557f/aws-lc-sys-0.45.0/aws-lc/crypto/pkcs7/pkcs7_x509.c:586:1: note: in expansion of macro 'OPENSSL_END_ALLOW_DEPRECATED'
  cargo:warning=  586 | OPENSSL_END_ALLOW_DEPRECATED
  cargo:warning=      | ^~~~~~~~~~~~~~~~~~~~~~~~~~~~
  cargo:warning=compilation terminated.
  exit status: 1
  cargo:warning=ToolExecError: command did not execute successfully (status code exit status: 1): "cc" "-O3" "-ffunction-sections" "-fdata-sections" "-fPIC" "-m64" "-std=c11" "-I" "/home/tihan/.cargo/registry/src/index.crates.io-1949cf8c6b5b557f/aws-lc-sys-0.45.0/generated-include" "-I" "/home/tihan/.cargo/registry/src/index.crates.io-1949cf8c6b5b557f/aws-lc-sys-0.45.0/include" "-I" "/home/tihan/.cargo/registry/src/index.crates.io-1949cf8c6b5b557f/aws-lc-sys-0.45.0/aws-lc/include" "-I" "/home/tihan/.cargo/registry/src/index.crates.io-1949cf8c6b5b557f/aws-lc-sys-0.45.0/aws-lc/third_party/s2n-bignum/include" "-I" "/home/tihan/.cargo/registry/src/index.crates.io-1949cf8c6b5b557f/aws-lc-sys-0.45.0/aws-lc/third_party/s2n-bignum/s2n-bignum-imported/include" "-I" "/home/tihan/.cargo/registry/src/index.crates.io-1949cf8c6b5b557f/aws-lc-sys-0.45.0/aws-lc/third_party/jitterentropy/jitterentropy-library" "-I" "/home/tihan/.cargo/registry/src/index.crates.io-1949cf8c6b5b557f/aws-lc-sys-0.45.0/aws-lc/third_party/jitterentropy/jitterentropy-library/src" "-Wall" "-Wextra" "-Wno-unused-parameter" "-pthread" "-ffile-prefix-map=/home/tihan/.cargo/registry/src/index.crates.io-1949cf8c6b5b557f/aws-lc-sys-0.45.0=" "-D_XOPEN_SOURCE=700" "-DBORINGSSL_IMPLEMENTATION=1" "-DBORINGSSL_PREFIX=aws_lc_0_45_0" "-DAWS_LC_STDALIGN_AVAILABLE=1" "-DAWS_LC_BUILTIN_SWAP_SUPPORTED=1" "-DHAVE_LINUX_RANDOM_H=1" "-o" "/tmp/apollo-artifactd-current-20261005.kFPlri/target/release/build/aws-lc-sys-ac5ab522584e0eef/out/e3caa0b8b118742c-pkcs7_x509.o" "-c" "/home/tihan/.cargo/registry/src/index.crates.io-1949cf8c6b5b557f/aws-lc-sys-0.45.0/aws-lc/crypto/pkcs7/pkcs7_x509.c"
  cargo:warning=/home/tihan/.cargo/registry/src/index.crates.io-1949cf8c6b5b557f/aws-lc-sys-0.45.0/aws-lc/crypto/pkcs8/p5_pbev2.c:263:1: fatal error: error writing to /tmp/ccWiQHOM.s: No space left on device
  cargo:warning=  263 | }
  cargo:warning=      | ^
  cargo:warning=compilation terminated.
  exit status: 1
  cargo:warning=ToolExecError: command did not execute successfully (status code exit status: 1): "cc" "-O3" "-ffunction-sections" "-fdata-sections" "-fPIC" "-m64" "-std=c11" "-I" "/home/tihan/.cargo/registry/src/index.crates.io-1949cf8c6b5b557f/aws-lc-sys-0.45.0/generated-include" "-I" "/home/tihan/.cargo/registry/src/index.crates.io-1949cf8c6b5b557f/aws-lc-sys-0.45.0/include" "-I" "/home/tihan/.cargo/registry/src/index.crates.io-1949cf8c6b5b557f/aws-lc-sys-0.45.0/aws-lc/include" "-I" "/home/tihan/.cargo/registry/src/index.crates.io-1949cf8c6b5b557f/aws-lc-sys-0.45.0/aws-lc/third_party/s2n-bignum/include" "-I" "/home/tihan/.cargo/registry/src/index.crates.io-1949cf8c6b5b557f/aws-lc-sys-0.45.0/aws-lc/third_party/s2n-bignum/s2n-bignum-imported/include" "-I" "/home/tihan/.cargo/registry/src/index.crates.io-1949cf8c6b5b557f/aws-lc-sys-0.45.0/aws-lc/third_party/jitterentropy/jitterentropy-library" "-I" "/home/tihan/.cargo/registry/src/index.crates.io-1949cf8c6b5b557f/aws-lc-sys-0.45.0/aws-lc/third_party/jitterentropy/jitterentropy-library/src" "-Wall" "-Wextra" "-Wno-unused-parameter" "-pthread" "-ffile-prefix-map=/home/tihan/.cargo/registry/src/index.crates.io-1949cf8c6b5b557f/aws-lc-sys-0.45.0=" "-D_XOPEN_SOURCE=700" "-DBORINGSSL_IMPLEMENTATION=1" "-DBORINGSSL_PREFIX=aws_lc_0_45_0" "-DAWS_LC_STDALIGN_AVAILABLE=1" "-DAWS_LC_BUILTIN_SWAP_SUPPORTED=1" "-DHAVE_LINUX_RANDOM_H=1" "-o" "/tmp/apollo-artifactd-current-20261005.kFPlri/target/release/build/aws-lc-sys-ac5ab522584e0eef/out/056c1e7192c7090b-p5_pbev2.o" "-c" "/home/tihan/.cargo/registry/src/index.crates.io-1949cf8c6b5b557f/aws-lc-sys-0.45.0/aws-lc/crypto/pkcs8/p5_pbev2.c"
  cargo:warning=/home/tihan/.cargo/registry/src/index.crates.io-1949cf8c6b5b557f/aws-lc-sys-0.45.0/aws-lc/crypto/pkcs8/pkcs8.c:487:1: fatal error: error writing to /tmp/ccHlh5Lg.s: No space left on device
  cargo:warning=  487 | }
  cargo:warning=      | ^
  cargo:warning=compilation terminated.
  exit status: 1
  cargo:warning=ToolExecError: command did not execute successfully (status code exit status: 1): "cc" "-O3" "-ffunction-sections" "-fdata-sections" "-fPIC" "-m64" "-std=c11" "-I" "/home/tihan/.cargo/registry/src/index.crates.io-1949cf8c6b5b557f/aws-lc-sys-0.45.0/generated-include" "-I" "/home/tihan/.cargo/registry/src/index.crates.io-1949cf8c6b5b557f/aws-lc-sys-0.45.0/include" "-I" "/home/tihan/.cargo/registry/src/index.crates.io-1949cf8c6b5b557f/aws-lc-sys-0.45.0/aws-lc/include" "-I" "/home/tihan/.cargo/registry/src/index.crates.io-1949cf8c6b5b557f/aws-lc-sys-0.45.0/aws-lc/third_party/s2n-bignum/include" "-I" "/home/tihan/.cargo/registry/src/index.crates.io-1949cf8c6b5b557f/aws-lc-sys-0.45.0/aws-lc/third_party/s2n-bignum/s2n-bignum-imported/include" "-I" "/home/tihan/.cargo/registry/src/index.crates.io-1949cf8c6b5b557f/aws-lc-sys-0.45.0/aws-lc/third_party/jitterentropy/jitterentropy-library" "-I" "/home/tihan/.cargo/registry/src/index.crates.io-1949cf8c6b5b557f/aws-lc-sys-0.45.0/aws-lc/third_party/jitterentropy/jitterentropy-library/src" "-Wall" "-Wextra" "-Wno-unused-parameter" "-pthread" "-ffile-prefix-map=/home/tihan/.cargo/registry/src/index.crates.io-1949cf8c6b5b557f/aws-lc-sys-0.45.0=" "-D_XOPEN_SOURCE=700" "-DBORINGSSL_IMPLEMENTATION=1" "-DBORINGSSL_PREFIX=aws_lc_0_45_0" "-DAWS_LC_STDALIGN_AVAILABLE=1" "-DAWS_LC_BUILTIN_SWAP_SUPPORTED=1" "-DHAVE_LINUX_RANDOM_H=1" "-o" "/tmp/apollo-artifactd-current-20261005.kFPlri/target/release/build/aws-lc-sys-ac5ab522584e0eef/out/056c1e7192c7090b-pkcs8.o" "-c" "/home/tihan/.cargo/registry/src/index.crates.io-1949cf8c6b5b557f/aws-lc-sys-0.45.0/aws-lc/crypto/pkcs8/pkcs8.c"
  cargo:warning=/home/tihan/.cargo/registry/src/index.crates.io-1949cf8c6b5b557f/aws-lc-sys-0.45.0/aws-lc/crypto/pkcs8/pkcs8_x509.c:1441:1: fatal error: error writing to /tmp/ccCSFch1.s: No space left on device
  cargo:warning= 1441 | }
  cargo:warning=      | ^
  cargo:warning=compilation terminated.
  exit status: 1
  cargo:warning=ToolExecError: command did not execute successfully (status code exit status: 1): "cc" "-O3" "-ffunction-sections" "-fdata-sections" "-fPIC" "-m64" "-std=c11" "-I" "/home/tihan/.cargo/registry/src/index.crates.io-1949cf8c6b5b557f/aws-lc-sys-0.45.0/generated-include" "-I" "/home/tihan/.cargo/registry/src/index.crates.io-1949cf8c6b5b557f/aws-lc-sys-0.45.0/include" "-I" "/home/tihan/.cargo/registry/src/index.crates.io-1949cf8c6b5b557f/aws-lc-sys-0.45.0/aws-lc/include" "-I" "/home/tihan/.cargo/registry/src/index.crates.io-1949cf8c6b5b557f/aws-lc-sys-0.45.0/aws-lc/third_party/s2n-bignum/include" "-I" "/home/tihan/.cargo/registry/src/index.crates.io-1949cf8c6b5b557f/aws-lc-sys-0.45.0/aws-lc/third_party/s2n-bignum/s2n-bignum-imported/include" "-I" "/home/tihan/.cargo/registry/src/index.crates.io-1949cf8c6b5b557f/aws-lc-sys-0.45.0/aws-lc/third_party/jitterentropy/jitterentropy-library" "-I" "/home/tihan/.cargo/registry/src/index.crates.io-1949cf8c6b5b557f/aws-lc-sys-0.45.0/aws-lc/third_party/jitterentropy/jitterentropy-library/src" "-Wall" "-Wextra" "-Wno-unused-parameter" "-pthread" "-ffile-prefix-map=/home/tihan/.cargo/registry/src/index.crates.io-1949cf8c6b5b557f/aws-lc-sys-0.45.0=" "-D_XOPEN_SOURCE=700" "-DBORINGSSL_IMPLEMENTATION=1" "-DBORINGSSL_PREFIX=aws_lc_0_45_0" "-DAWS_LC_STDALIGN_AVAILABLE=1" "-DAWS_LC_BUILTIN_SWAP_SUPPORTED=1" "-DHAVE_LINUX_RANDOM_H=1" "-o" "/tmp/apollo-artifactd-current-20261005.kFPlri/target/release/build/aws-lc-sys-ac5ab522584e0eef/out/056c1e7192c7090b-pkcs8_x509.o" "-c" "/home/tihan/.cargo/registry/src/index.crates.io-1949cf8c6b5b557f/aws-lc-sys-0.45.0/aws-lc/crypto/pkcs8/pkcs8_x509.c"
  cargo:warning=/home/tihan/.cargo/registry/src/index.crates.io-1949cf8c6b5b557f/aws-lc-sys-0.45.0/aws-lc/crypto/poly1305/poly1305.c:15: fatal error: error closing /tmp/cccOCSGr.s: No space left on device
  cargo:warning=   15 | 
  cargo:warning=compilation terminated.
  exit status: 1
  cargo:warning=ToolExecError: command did not execute successfully (status code exit status: 1): "cc" "-O3" "-ffunction-sections" "-fdata-sections" "-fPIC" "-m64" "-std=c11" "-I" "/home/tihan/.cargo/registry/src/index.crates.io-1949cf8c6b5b557f/aws-lc-sys-0.45.0/generated-include" "-I" "/home/tihan/.cargo/registry/src/index.crates.io-1949cf8c6b5b557f/aws-lc-sys-0.45.0/include" "-I" "/home/tihan/.cargo/registry/src/index.crates.io-1949cf8c6b5b557f/aws-lc-sys-0.45.0/aws-lc/include" "-I" "/home/tihan/.cargo/registry/src/index.crates.io-1949cf8c6b5b557f/aws-lc-sys-0.45.0/aws-lc/third_party/s2n-bignum/include" "-I" "/home/tihan/.cargo/registry/src/index.crates.io-1949cf8c6b5b557f/aws-lc-sys-0.45.0/aws-lc/third_party/s2n-bignum/s2n-bignum-imported/include" "-I" "/home/tihan/.cargo/registry/src/index.crates.io-1949cf8c6b5b557f/aws-lc-sys-0.45.0/aws-lc/third_party/jitterentropy/jitterentropy-library" "-I" "/home/tihan/.cargo/registry/src/index.crates.io-1949cf8c6b5b557f/aws-lc-sys-0.45.0/aws-lc/third_party/jitterentropy/jitterentropy-library/src" "-Wall" "-Wextra" "-Wno-unused-parameter" "-pthread" "-ffile-prefix-map=/home/tihan/.cargo/registry/src/index.crates.io-1949cf8c6b5b557f/aws-lc-sys-0.45.0=" "-D_XOPEN_SOURCE=700" "-DBORINGSSL_IMPLEMENTATION=1" "-DBORINGSSL_PREFIX=aws_lc_0_45_0" "-DAWS_LC_STDALIGN_AVAILABLE=1" "-DAWS_LC_BUILTIN_SWAP_SUPPORTED=1" "-DHAVE_LINUX_RANDOM_H=1" "-o" "/tmp/apollo-artifactd-current-20261005.kFPlri/target/release/build/aws-lc-sys-ac5ab522584e0eef/out/5d4700fda13603f0-poly1305.o" "-c" "/home/tihan/.cargo/registry/src/index.crates.io-1949cf8c6b5b557f/aws-lc-sys-0.45.0/aws-lc/crypto/poly1305/poly1305.c"
  cargo:warning=/home/tihan/.cargo/registry/src/index.crates.io-1949cf8c6b5b557f/aws-lc-sys-0.45.0/aws-lc/crypto/poly1305/poly1305_arm.c:13: fatal error: error closing /tmp/cciLU6UK.s: No space left on device
  cargo:warning=   13 | 
  cargo:warning=compilation terminated.
  exit status: 1
  cargo:warning=ToolExecError: command did not execute successfully (status code exit status: 1): "cc" "-O3" "-ffunction-sections" "-fdata-sections" "-fPIC" "-m64" "-std=c11" "-I" "/home/tihan/.cargo/registry/src/index.crates.io-1949cf8c6b5b557f/aws-lc-sys-0.45.0/generated-include" "-I" "/home/tihan/.cargo/registry/src/index.crates.io-1949cf8c6b5b557f/aws-lc-sys-0.45.0/include" "-I" "/home/tihan/.cargo/registry/src/index.crates.io-1949cf8c6b5b557f/aws-lc-sys-0.45.0/aws-lc/include" "-I" "/home/tihan/.cargo/registry/src/index.crates.io-1949cf8c6b5b557f/aws-lc-sys-0.45.0/aws-lc/third_party/s2n-bignum/include" "-I" "/home/tihan/.cargo/registry/src/index.crates.io-1949cf8c6b5b557f/aws-lc-sys-0.45.0/aws-lc/third_party/s2n-bignum/s2n-bignum-imported/include" "-I" "/home/tihan/.cargo/registry/src/index.crates.io-1949cf8c6b5b557f/aws-lc-sys-0.45.0/aws-lc/third_party/jitterentropy/jitterentropy-library" "-I" "/home/tihan/.cargo/registry/src/index.crates.io-1949cf8c6b5b557f/aws-lc-sys-0.45.0/aws-lc/third_party/jitterentropy/jitterentropy-library/src" "-Wall" "-Wextra" "-Wno-unused-parameter" "-pthread" "-ffile-prefix-map=/home/tihan/.cargo/registry/src/index.crates.io-1949cf8c6b5b557f/aws-lc-sys-0.45.0=" "-D_XOPEN_SOURCE=700" "-DBORINGSSL_IMPLEMENTATION=1" "-DBORINGSSL_PREFIX=aws_lc_0_45_0" "-DAWS_LC_STDALIGN_AVAILABLE=1" "-DAWS_LC_BUILTIN_SWAP_SUPPORTED=1" "-DHAVE_LINUX_RANDOM_H=1" "-o" "/tmp/apollo-artifactd-current-20261005.kFPlri/target/release/build/aws-lc-sys-ac5ab522584e0eef/out/5d4700fda13603f0-poly1305_arm.o" "-c" "/home/tihan/.cargo/registry/src/index.crates.io-1949cf8c6b5b557f/aws-lc-sys-0.45.0/aws-lc/crypto/poly1305/poly1305_arm.c"
  cargo:warning=/home/tihan/.cargo/registry/src/index.crates.io-1949cf8c6b5b557f/aws-lc-sys-0.45.0/aws-lc/crypto/poly1305/poly1305_vec.c:831:1: fatal error: error writing to /tmp/ccUF5YoU.s: No space left on device
  cargo:warning=  831 | }
  cargo:warning=      | ^
  cargo:warning=compilation terminated.
  exit status: 1
  cargo:warning=ToolExecError: command did not execute successfully (status code exit status: 1): "cc" "-O3" "-ffunction-sections" "-fdata-sections" "-fPIC" "-m64" "-std=c11" "-I" "/home/tihan/.cargo/registry/src/index.crates.io-1949cf8c6b5b557f/aws-lc-sys-0.45.0/generated-include" "-I" "/home/tihan/.cargo/registry/src/index.crates.io-1949cf8c6b5b557f/aws-lc-sys-0.45.0/include" "-I" "/home/tihan/.cargo/registry/src/index.crates.io-1949cf8c6b5b557f/aws-lc-sys-0.45.0/aws-lc/include" "-I" "/home/tihan/.cargo/registry/src/index.crates.io-1949cf8c6b5b557f/aws-lc-sys-0.45.0/aws-lc/third_party/s2n-bignum/include" "-I" "/home/tihan/.cargo/registry/src/index.crates.io-1949cf8c6b5b557f/aws-lc-sys-0.45.0/aws-lc/third_party/s2n-bignum/s2n-bignum-imported/include" "-I" "/home/tihan/.cargo/registry/src/index.crates.io-1949cf8c6b5b557f/aws-lc-sys-0.45.0/aws-lc/third_party/jitterentropy/jitterentropy-library" "-I" "/home/tihan/.cargo/registry/src/index.crates.io-1949cf8c6b5b557f/aws-lc-sys-0.45.0/aws-lc/third_party/jitterentropy/jitterentropy-library/src" "-Wall" "-Wextra" "-Wno-unused-parameter" "-pthread" "-ffile-prefix-map=/home/tihan/.cargo/registry/src/index.crates.io-1949cf8c6b5b557f/aws-lc-sys-0.45.0=" "-D_XOPEN_SOURCE=700" "-DBORINGSSL_IMPLEMENTATION=1" "-DBORINGSSL_PREFIX=aws_lc_0_45_0" "-DAWS_LC_STDALIGN_AVAILABLE=1" "-DAWS_LC_BUILTIN_SWAP_SUPPORTED=1" "-DHAVE_LINUX_RANDOM_H=1" "-o" "/tmp/apollo-artifactd-current-20261005.kFPlri/target/release/build/aws-lc-sys-ac5ab522584e0eef/out/5d4700fda13603f0-poly1305_vec.o" "-c" "/home/tihan/.cargo/registry/src/index.crates.io-1949cf8c6b5b557f/aws-lc-sys-0.45.0/aws-lc/crypto/poly1305/poly1305_vec.c"
  cargo:warning=/home/tihan/.cargo/registry/src/index.crates.io-1949cf8c6b5b557f/aws-lc-sys-0.45.0/aws-lc/crypto/pool/pool.c:250:1: fatal error: error writing to /tmp/cccXV42p.s: No space left on device
  cargo:warning=  250 | }
  cargo:warning=      | ^
  cargo:warning=compilation terminated.
  exit status: 1
  cargo:warning=ToolExecError: command did not execute successfully (status code exit status: 1): "cc" "-O3" "-ffunction-sections" "-fdata-sections" "-fPIC" "-m64" "-std=c11" "-I" "/home/tihan/.cargo/registry/src/index.crates.io-1949cf8c6b5b557f/aws-lc-sys-0.45.0/generated-include" "-I" "/home/tihan/.cargo/registry/src/index.crates.io-1949cf8c6b5b557f/aws-lc-sys-0.45.0/include" "-I" "/home/tihan/.cargo/registry/src/index.crates.io-1949cf8c6b5b557f/aws-lc-sys-0.45.0/aws-lc/include" "-I" "/home/tihan/.cargo/registry/src/index.crates.io-1949cf8c6b5b557f/aws-lc-sys-0.45.0/aws-lc/third_party/s2n-bignum/include" "-I" "/home/tihan/.cargo/registry/src/index.crates.io-1949cf8c6b5b557f/aws-lc-sys-0.45.0/aws-lc/third_party/s2n-bignum/s2n-bignum-imported/include" "-I" "/home/tihan/.cargo/registry/src/index.crates.io-1949cf8c6b5b557f/aws-lc-sys-0.45.0/aws-lc/third_party/jitterentropy/jitterentropy-library" "-I" "/home/tihan/.cargo/registry/src/index.crates.io-1949cf8c6b5b557f/aws-lc-sys-0.45.0/aws-lc/third_party/jitterentropy/jitterentropy-library/src" "-Wall" "-Wextra" "-Wno-unused-parameter" "-pthread" "-ffile-prefix-map=/home/tihan/.cargo/registry/src/index.crates.io-1949cf8c6b5b557f/aws-lc-sys-0.45.0=" "-D_XOPEN_SOURCE=700" "-DBORINGSSL_IMPLEMENTATION=1" "-DBORINGSSL_PREFIX=aws_lc_0_45_0" "-DAWS_LC_STDALIGN_AVAILABLE=1" "-DAWS_LC_BUILTIN_SWAP_SUPPORTED=1" "-DHAVE_LINUX_RANDOM_H=1" "-o" "/tmp/apollo-artifactd-current-20261005.kFPlri/target/release/build/aws-lc-sys-ac5ab522584e0eef/out/925ae38753d351a6-pool.o" "-c" "/home/tihan/.cargo/registry/src/index.crates.io-1949cf8c6b5b557f/aws-lc-sys-0.45.0/aws-lc/crypto/pool/pool.c"
  cargo:warning=/home/tihan/.cargo/registry/src/index.crates.io-1949cf8c6b5b557f/aws-lc-sys-0.45.0/aws-lc/crypto/rand_extra/ccrandomgeneratebytes.c:7: fatal error: error closing /tmp/ccbOobuL.s: No space left on device
  cargo:warning=    7 | 
  cargo:warning=compilation terminated.
  exit status: 1
  cargo:warning=ToolExecError: command did not execute successfully (status code exit status: 1): "cc" "-O3" "-ffunction-sections" "-fdata-sections" "-fPIC" "-m64" "-std=c11" "-I" "/home/tihan/.cargo/registry/src/index.crates.io-1949cf8c6b5b557f/aws-lc-sys-0.45.0/generated-include" "-I" "/home/tihan/.cargo/registry/src/index.crates.io-1949cf8c6b5b557f/aws-lc-sys-0.45.0/include" "-I" "/home/tihan/.cargo/registry/src/index.crates.io-1949cf8c6b5b557f/aws-lc-sys-0.45.0/aws-lc/include" "-I" "/home/tihan/.cargo/registry/src/index.crates.io-1949cf8c6b5b557f/aws-lc-sys-0.45.0/aws-lc/third_party/s2n-bignum/include" "-I" "/home/tihan/.cargo/registry/src/index.crates.io-1949cf8c6b5b557f/aws-lc-sys-0.45.0/aws-lc/third_party/s2n-bignum/s2n-bignum-imported/include" "-I" "/home/tihan/.cargo/registry/src/index.crates.io-1949cf8c6b5b557f/aws-lc-sys-0.45.0/aws-lc/third_party/jitterentropy/jitterentropy-library" "-I" "/home/tihan/.cargo/registry/src/index.crates.io-1949cf8c6b5b557f/aws-lc-sys-0.45.0/aws-lc/third_party/jitterentropy/jitterentropy-library/src" "-Wall" "-Wextra" "-Wno-unused-parameter" "-pthread" "-ffile-prefix-map=/home/tihan/.cargo/registry/src/index.crates.io-1949cf8c6b5b557f/aws-lc-sys-0.45.0=" "-D_XOPEN_SOURCE=700" "-DBORINGSSL_IMPLEMENTATION=1" "-DBORINGSSL_PREFIX=aws_lc_0_45_0" "-DAWS_LC_STDALIGN_AVAILABLE=1" "-DAWS_LC_BUILTIN_SWAP_SUPPORTED=1" "-DHAVE_LINUX_RANDOM_H=1" "-o" "/tmp/apollo-artifactd-current-20261005.kFPlri/target/release/build/aws-lc-sys-ac5ab522584e0eef/out/7bf3e571b6558a6b-ccrandomgeneratebytes.o" "-c" "/home/tihan/.cargo/registry/src/index.crates.io-1949cf8c6b5b557f/aws-lc-sys-0.45.0/aws-lc/crypto/rand_extra/ccrandomgeneratebytes.c"
  cargo:warning=/home/tihan/.cargo/registry/src/index.crates.io-1949cf8c6b5b557f/aws-lc-sys-0.45.0/aws-lc/crypto/rand_extra/deterministic.c:7: fatal error: error closing /tmp/ccIUTWae.s: No space left on device
  cargo:warning=    7 | 
  cargo:warning=compilation terminated.
  exit status: 1
  cargo:warning=ToolExecError: command did not execute successfully (status code exit status: 1): "cc" "-O3" "-ffunction-sections" "-fdata-sections" "-fPIC" "-m64" "-std=c11" "-I" "/home/tihan/.cargo/registry/src/index.crates.io-1949cf8c6b5b557f/aws-lc-sys-0.45.0/generated-include" "-I" "/home/tihan/.cargo/registry/src/index.crates.io-1949cf8c6b5b557f/aws-lc-sys-0.45.0/include" "-I" "/home/tihan/.cargo/registry/src/index.crates.io-1949cf8c6b5b557f/aws-lc-sys-0.45.0/aws-lc/include" "-I" "/home/tihan/.cargo/registry/src/index.crates.io-1949cf8c6b5b557f/aws-lc-sys-0.45.0/aws-lc/third_party/s2n-bignum/include" "-I" "/home/tihan/.cargo/registry/src/index.crates.io-1949cf8c6b5b557f/aws-lc-sys-0.45.0/aws-lc/third_party/s2n-bignum/s2n-bignum-imported/include" "-I" "/home/tihan/.cargo/registry/src/index.crates.io-1949cf8c6b5b557f/aws-lc-sys-0.45.0/aws-lc/third_party/jitterentropy/jitterentropy-library" "-I" "/home/tihan/.cargo/registry/src/index.crates.io-1949cf8c6b5b557f/aws-lc-sys-0.45.0/aws-lc/third_party/jitterentropy/jitterentropy-library/src" "-Wall" "-Wextra" "-Wno-unused-parameter" "-pthread" "-ffile-prefix-map=/home/tihan/.cargo/registry/src/index.crates.io-1949cf8c6b5b557f/aws-lc-sys-0.45.0=" "-D_XOPEN_SOURCE=700" "-DBORINGSSL_IMPLEMENTATION=1" "-DBORINGSSL_PREFIX=aws_lc_0_45_0" "-DAWS_LC_STDALIGN_AVAILABLE=1" "-DAWS_LC_BUILTIN_SWAP_SUPPORTED=1" "-DHAVE_LINUX_RANDOM_H=1" "-o" "/tmp/apollo-artifactd-current-20261005.kFPlri/target/release/build/aws-lc-sys-ac5ab522584e0eef/out/7bf3e571b6558a6b-deterministic.o" "-c" "/home/tihan/.cargo/registry/src/index.crates.io-1949cf8c6b5b557f/aws-lc-sys-0.45.0/aws-lc/crypto/rand_extra/deterministic.c"
  cargo:warning=/home/tihan/.cargo/registry/src/index.crates.io-1949cf8c6b5b557f/aws-lc-sys-0.45.0/aws-lc/crypto/rand_extra/getentropy.c:12: fatal error: error closing /tmp/cct2eYAr.s: No space left on device
  cargo:warning=   12 | 
  cargo:warning=compilation terminated.
  exit status: 1
  cargo:warning=ToolExecError: command did not execute successfully (status code exit status: 1): "cc" "-O3" "-ffunction-sections" "-fdata-sections" "-fPIC" "-m64" "-std=c11" "-I" "/home/tihan/.cargo/registry/src/index.crates.io-1949cf8c6b5b557f/aws-lc-sys-0.45.0/generated-include" "-I" "/home/tihan/.cargo/registry/src/index.crates.io-1949cf8c6b5b557f/aws-lc-sys-0.45.0/include" "-I" "/home/tihan/.cargo/registry/src/index.crates.io-1949cf8c6b5b557f/aws-lc-sys-0.45.0/aws-lc/include" "-I" "/home/tihan/.cargo/registry/src/index.crates.io-1949cf8c6b5b557f/aws-lc-sys-0.45.0/aws-lc/third_party/s2n-bignum/include" "-I" "/home/tihan/.cargo/registry/src/index.crates.io-1949cf8c6b5b557f/aws-lc-sys-0.45.0/aws-lc/third_party/s2n-bignum/s2n-bignum-imported/include" "-I" "/home/tihan/.cargo/registry/src/index.crates.io-1949cf8c6b5b557f/aws-lc-sys-0.45.0/aws-lc/third_party/jitterentropy/jitterentropy-library" "-I" "/home/tihan/.cargo/registry/src/index.crates.io-1949cf8c6b5b557f/aws-lc-sys-0.45.0/aws-lc/third_party/jitterentropy/jitterentropy-library/src" "-Wall" "-Wextra" "-Wno-unused-parameter" "-pthread" "-ffile-prefix-map=/home/tihan/.cargo/registry/src/index.crates.io-1949cf8c6b5b557f/aws-lc-sys-0.45.0=" "-D_XOPEN_SOURCE=700" "-DBORINGSSL_IMPLEMENTATION=1" "-DBORINGSSL_PREFIX=aws_lc_0_45_0" "-DAWS_LC_STDALIGN_AVAILABLE=1" "-DAWS_LC_BUILTIN_SWAP_SUPPORTED=1" "-DHAVE_LINUX_RANDOM_H=1" "-o" "/tmp/apollo-artifactd-current-20261005.kFPlri/target/release/build/aws-lc-sys-ac5ab522584e0eef/out/7bf3e571b6558a6b-getentropy.o" "-c" "/home/tihan/.cargo/registry/src/index.crates.io-1949cf8c6b5b557f/aws-lc-sys-0.45.0/aws-lc/crypto/rand_extra/getentropy.c"
  cargo:warning=/home/tihan/.cargo/registry/src/index.crates.io-1949cf8c6b5b557f/aws-lc-sys-0.45.0/aws-lc/crypto/rand_extra/rand_extra.c:75:1: fatal error: error writing to /tmp/ccyLxIcU.s: No space left on device
  cargo:warning=   75 | void RAND_cleanup(void) {}
  cargo:warning=      | ^~~~
  cargo:warning=compilation terminated.
  exit status: 1
  cargo:warning=ToolExecError: command did not execute successfully (status code exit status: 1): "cc" "-O3" "-ffunction-sections" "-fdata-sections" "-fPIC" "-m64" "-std=c11" "-I" "/home/tihan/.cargo/registry/src/index.crates.io-1949cf8c6b5b557f/aws-lc-sys-0.45.0/generated-include" "-I" "/home/tihan/.cargo/registry/src/index.crates.io-1949cf8c6b5b557f/aws-lc-sys-0.45.0/include" "-I" "/home/tihan/.cargo/registry/src/index.crates.io-1949cf8c6b5b557f/aws-lc-sys-0.45.0/aws-lc/include" "-I" "/home/tihan/.cargo/registry/src/index.crates.io-1949cf8c6b5b557f/aws-lc-sys-0.45.0/aws-lc/third_party/s2n-bignum/include" "-I" "/home/tihan/.cargo/registry/src/index.crates.io-1949cf8c6b5b557f/aws-lc-sys-0.45.0/aws-lc/third_party/s2n-bignum/s2n-bignum-imported/include" "-I" "/home/tihan/.cargo/registry/src/index.crates.io-1949cf8c6b5b557f/aws-lc-sys-0.45.0/aws-lc/third_party/jitterentropy/jitterentropy-library" "-I" "/home/tihan/.cargo/registry/src/index.crates.io-1949cf8c6b5b557f/aws-lc-sys-0.45.0/aws-lc/third_party/jitterentropy/jitterentropy-library/src" "-Wall" "-Wextra" "-Wno-unused-parameter" "-pthread" "-ffile-prefix-map=/home/tihan/.cargo/registry/src/index.crates.io-1949cf8c6b5b557f/aws-lc-sys-0.45.0=" "-D_XOPEN_SOURCE=700" "-DBORINGSSL_IMPLEMENTATION=1" "-DBORINGSSL_PREFIX=aws_lc_0_45_0" "-DAWS_LC_STDALIGN_AVAILABLE=1" "-DAWS_LC_BUILTIN_SWAP_SUPPORTED=1" "-DHAVE_LINUX_RANDOM_H=1" "-o" "/tmp/apollo-artifactd-current-20261005.kFPlri/target/release/build/aws-lc-sys-ac5ab522584e0eef/out/7bf3e571b6558a6b-rand_extra.o" "-c" "/home/tihan/.cargo/registry/src/index.crates.io-1949cf8c6b5b557f/aws-lc-sys-0.45.0/aws-lc/crypto/rand_extra/rand_extra.c"
  cargo:warning=/home/tihan/.cargo/registry/src/index.crates.io-1949cf8c6b5b557f/aws-lc-sys-0.45.0/aws-lc/crypto/rand_extra/urandom.c:464:1: fatal error: error writing to /tmp/ccOBd3h3.s: No space left on device
  cargo:warning=  464 | }
  cargo:warning=      | ^
  cargo:warning=compilation terminated.
  exit status: 1
  cargo:warning=ToolExecError: command did not execute successfully (status code exit status: 1): "cc" "-O3" "-ffunction-sections" "-fdata-sections" "-fPIC" "-m64" "-std=c11" "-I" "/home/tihan/.cargo/registry/src/index.crates.io-1949cf8c6b5b557f/aws-lc-sys-0.45.0/generated-include" "-I" "/home/tihan/.cargo/registry/src/index.crates.io-1949cf8c6b5b557f/aws-lc-sys-0.45.0/include" "-I" "/home/tihan/.cargo/registry/src/index.crates.io-1949cf8c6b5b557f/aws-lc-sys-0.45.0/aws-lc/include" "-I" "/home/tihan/.cargo/registry/src/index.crates.io-1949cf8c6b5b557f/aws-lc-sys-0.45.0/aws-lc/third_party/s2n-bignum/include" "-I" "/home/tihan/.cargo/registry/src/index.crates.io-1949cf8c6b5b557f/aws-lc-sys-0.45.0/aws-lc/third_party/s2n-bignum/s2n-bignum-imported/include" "-I" "/home/tihan/.cargo/registry/src/index.crates.io-1949cf8c6b5b557f/aws-lc-sys-0.45.0/aws-lc/third_party/jitterentropy/jitterentropy-library" "-I" "/home/tihan/.cargo/registry/src/index.crates.io-1949cf8c6b5b557f/aws-lc-sys-0.45.0/aws-lc/third_party/jitterentropy/jitterentropy-library/src" "-Wall" "-Wextra" "-Wno-unused-parameter" "-pthread" "-ffile-prefix-map=/home/tihan/.cargo/registry/src/index.crates.io-1949cf8c6b5b557f/aws-lc-sys-0.45.0=" "-D_XOPEN_SOURCE=700" "-DBORINGSSL_IMPLEMENTATION=1" "-DBORINGSSL_PREFIX=aws_lc_0_45_0" "-DAWS_LC_STDALIGN_AVAILABLE=1" "-DAWS_LC_BUILTIN_SWAP_SUPPORTED=1" "-DHAVE_LINUX_RANDOM_H=1" "-o" "/tmp/apollo-artifactd-current-20261005.kFPlri/target/release/build/aws-lc-sys-ac5ab522584e0eef/out/7bf3e571b6558a6b-urandom.o" "-c" "/home/tihan/.cargo/registry/src/index.crates.io-1949cf8c6b5b557f/aws-lc-sys-0.45.0/aws-lc/crypto/rand_extra/urandom.c"
  cargo:warning=/home/tihan/.cargo/registry/src/index.crates.io-1949cf8c6b5b557f/aws-lc-sys-0.45.0/aws-lc/crypto/rand_extra/vm_ube_fallback.c:11:1: fatal error: error closing /tmp/ccMszh1X.s: No space left on device
  cargo:warning=   11 | }
  cargo:warning=      | ^
  cargo:warning=compilation terminated.
  exit status: 1
  cargo:warning=ToolExecError: command did not execute successfully (status code exit status: 1): "cc" "-O3" "-ffunction-sections" "-fdata-sections" "-fPIC" "-m64" "-std=c11" "-I" "/home/tihan/.cargo/registry/src/index.crates.io-1949cf8c6b5b557f/aws-lc-sys-0.45.0/generated-include" "-I" "/home/tihan/.cargo/registry/src/index.crates.io-1949cf8c6b5b557f/aws-lc-sys-0.45.0/include" "-I" "/home/tihan/.cargo/registry/src/index.crates.io-1949cf8c6b5b557f/aws-lc-sys-0.45.0/aws-lc/include" "-I" "/home/tihan/.cargo/registry/src/index.crates.io-1949cf8c6b5b557f/aws-lc-sys-0.45.0/aws-lc/third_party/s2n-bignum/include" "-I" "/home/tihan/.cargo/registry/src/index.crates.io-1949cf8c6b5b557f/aws-lc-sys-0.45.0/aws-lc/third_party/s2n-bignum/s2n-bignum-imported/include" "-I" "/home/tihan/.cargo/registry/src/index.crates.io-1949cf8c6b5b557f/aws-lc-sys-0.45.0/aws-lc/third_party/jitterentropy/jitterentropy-library" "-I" "/home/tihan/.cargo/registry/src/index.crates.io-1949cf8c6b5b557f/aws-lc-sys-0.45.0/aws-lc/third_party/jitterentropy/jitterentropy-library/src" "-Wall" "-Wextra" "-Wno-unused-parameter" "-pthread" "-ffile-prefix-map=/home/tihan/.cargo/registry/src/index.crates.io-1949cf8c6b5b557f/aws-lc-sys-0.45.0=" "-D_XOPEN_SOURCE=700" "-DBORINGSSL_IMPLEMENTATION=1" "-DBORINGSSL_PREFIX=aws_lc_0_45_0" "-DAWS_LC_STDALIGN_AVAILABLE=1" "-DAWS_LC_BUILTIN_SWAP_SUPPORTED=1" "-DHAVE_LINUX_RANDOM_H=1" "-o" "/tmp/apollo-artifactd-current-20261005.kFPlri/target/release/build/aws-lc-sys-ac5ab522584e0eef/out/7bf3e571b6558a6b-vm_ube_fallback.o" "-c" "/home/tihan/.cargo/registry/src/index.crates.io-1949cf8c6b5b557f/aws-lc-sys-0.45.0/aws-lc/crypto/rand_extra/vm_ube_fallback.c"
  cargo:warning=/home/tihan/.cargo/registry/src/index.crates.io-1949cf8c6b5b557f/aws-lc-sys-0.45.0/aws-lc/crypto/rand_extra/windows.c:8: fatal error: error closing /tmp/ccHcFIVT.s: No space left on device
  cargo:warning=    8 | 
  cargo:warning=compilation terminated.
  exit status: 1
  cargo:warning=ToolExecError: command did not execute successfully (status code exit status: 1): "cc" "-O3" "-ffunction-sections" "-fdata-sections" "-fPIC" "-m64" "-std=c11" "-I" "/home/tihan/.cargo/registry/src/index.crates.io-1949cf8c6b5b557f/aws-lc-sys-0.45.0/generated-include" "-I" "/home/tihan/.cargo/registry/src/index.crates.io-1949cf8c6b5b557f/aws-lc-sys-0.45.0/include" "-I" "/home/tihan/.cargo/registry/src/index.crates.io-1949cf8c6b5b557f/aws-lc-sys-0.45.0/aws-lc/include" "-I" "/home/tihan/.cargo/registry/src/index.crates.io-1949cf8c6b5b557f/aws-lc-sys-0.45.0/aws-lc/third_party/s2n-bignum/include" "-I" "/home/tihan/.cargo/registry/src/index.crates.io-1949cf8c6b5b557f/aws-lc-sys-0.45.0/aws-lc/third_party/s2n-bignum/s2n-bignum-imported/include" "-I" "/home/tihan/.cargo/registry/src/index.crates.io-1949cf8c6b5b557f/aws-lc-sys-0.45.0/aws-lc/third_party/jitterentropy/jitterentropy-library" "-I" "/home/tihan/.cargo/registry/src/index.crates.io-1949cf8c6b5b557f/aws-lc-sys-0.45.0/aws-lc/third_party/jitterentropy/jitterentropy-library/src" "-Wall" "-Wextra" "-Wno-unused-parameter" "-pthread" "-ffile-prefix-map=/home/tihan/.cargo/registry/src/index.crates.io-1949cf8c6b5b557f/aws-lc-sys-0.45.0=" "-D_XOPEN_SOURCE=700" "-DBORINGSSL_IMPLEMENTATION=1" "-DBORINGSSL_PREFIX=aws_lc_0_45_0" "-DAWS_LC_STDALIGN_AVAILABLE=1" "-DAWS_LC_BUILTIN_SWAP_SUPPORTED=1" "-DHAVE_LINUX_RANDOM_H=1" "-o" "/tmp/apollo-artifactd-current-20261005.kFPlri/target/release/build/aws-lc-sys-ac5ab522584e0eef/out/7bf3e571b6558a6b-windows.o" "-c" "/home/tihan/.cargo/registry/src/index.crates.io-1949cf8c6b5b557f/aws-lc-sys-0.45.0/aws-lc/crypto/rand_extra/windows.c"
  cargo:warning=/home/tihan/.cargo/registry/src/index.crates.io-1949cf8c6b5b557f/aws-lc-sys-0.45.0/aws-lc/crypto/rc4/rc4.c:48:1: fatal error: error closing /tmp/ccspjxdT.s: No space left on device
  cargo:warning=   48 | }
  cargo:warning=      | ^
  cargo:warning=compilation terminated.
  exit status: 1
  cargo:warning=ToolExecError: command did not execute successfully (status code exit status: 1): "cc" "-O3" "-ffunction-sections" "-fdata-sections" "-fPIC" "-m64" "-std=c11" "-I" "/home/tihan/.cargo/registry/src/index.crates.io-1949cf8c6b5b557f/aws-lc-sys-0.45.0/generated-include" "-I" "/home/tihan/.cargo/registry/src/index.crates.io-1949cf8c6b5b557f/aws-lc-sys-0.45.0/include" "-I" "/home/tihan/.cargo/registry/src/index.crates.io-1949cf8c6b5b557f/aws-lc-sys-0.45.0/aws-lc/include" "-I" "/home/tihan/.cargo/registry/src/index.crates.io-1949cf8c6b5b557f/aws-lc-sys-0.45.0/aws-lc/third_party/s2n-bignum/include" "-I" "/home/tihan/.cargo/registry/src/index.crates.io-1949cf8c6b5b557f/aws-lc-sys-0.45.0/aws-lc/third_party/s2n-bignum/s2n-bignum-imported/include" "-I" "/home/tihan/.cargo/registry/src/index.crates.io-1949cf8c6b5b557f/aws-lc-sys-0.45.0/aws-lc/third_party/jitterentropy/jitterentropy-library" "-I" "/home/tihan/.cargo/registry/src/index.crates.io-1949cf8c6b5b557f/aws-lc-sys-0.45.0/aws-lc/third_party/jitterentropy/jitterentropy-library/src" "-Wall" "-Wextra" "-Wno-unused-parameter" "-pthread" "-ffile-prefix-map=/home/tihan/.cargo/registry/src/index.crates.io-1949cf8c6b5b557f/aws-lc-sys-0.45.0=" "-D_XOPEN_SOURCE=700" "-DBORINGSSL_IMPLEMENTATION=1" "-DBORINGSSL_PREFIX=aws_lc_0_45_0" "-DAWS_LC_STDALIGN_AVAILABLE=1" "-DAWS_LC_BUILTIN_SWAP_SUPPORTED=1" "-DHAVE_LINUX_RANDOM_H=1" "-o" "/tmp/apollo-artifactd-current-20261005.kFPlri/target/release/build/aws-lc-sys-ac5ab522584e0eef/out/d7fed99e8aa5a9b1-rc4.o" "-c" "/home/tihan/.cargo/registry/src/index.crates.io-1949cf8c6b5b557f/aws-lc-sys-0.45.0/aws-lc/crypto/rc4/rc4.c"
  cargo:warning=/home/tihan/.cargo/registry/src/index.crates.io-1949cf8c6b5b557f/aws-lc-sys-0.45.0/aws-lc/crypto/refcount_c11.c:54:1: fatal error: error closing /tmp/ccqL2d4l.s: No space left on device
  cargo:warning=   54 | }
  cargo:warning=      | ^
  cargo:warning=compilation terminated.
  exit status: 1
  cargo:warning=ToolExecError: command did not execute successfully (status code exit status: 1): "cc" "-O3" "-ffunction-sections" "-fdata-sections" "-fPIC" "-m64" "-std=c11" "-I" "/home/tihan/.cargo/registry/src/index.crates.io-1949cf8c6b5b557f/aws-lc-sys-0.45.0/generated-include" "-I" "/home/tihan/.cargo/registry/src/index.crates.io-1949cf8c6b5b557f/aws-lc-sys-0.45.0/include" "-I" "/home/tihan/.cargo/registry/src/index.crates.io-1949cf8c6b5b557f/aws-lc-sys-0.45.0/aws-lc/include" "-I" "/home/tihan/.cargo/registry/src/index.crates.io-1949cf8c6b5b557f/aws-lc-sys-0.45.0/aws-lc/third_party/s2n-bignum/include" "-I" "/home/tihan/.cargo/registry/src/index.crates.io-1949cf8c6b5b557f/aws-lc-sys-0.45.0/aws-lc/third_party/s2n-bignum/s2n-bignum-imported/include" "-I" "/home/tihan/.cargo/registry/src/index.crates.io-1949cf8c6b5b557f/aws-lc-sys-0.45.0/aws-lc/third_party/jitterentropy/jitterentropy-library" "-I" "/home/tihan/.cargo/registry/src/index.crates.io-1949cf8c6b5b557f/aws-lc-sys-0.45.0/aws-lc/third_party/jitterentropy/jitterentropy-library/src" "-Wall" "-Wextra" "-Wno-unused-parameter" "-pthread" "-ffile-prefix-map=/home/tihan/.cargo/registry/src/index.crates.io-1949cf8c6b5b557f/aws-lc-sys-0.45.0=" "-D_XOPEN_SOURCE=700" "-DBORINGSSL_IMPLEMENTATION=1" "-DBORINGSSL_PREFIX=aws_lc_0_45_0" "-DAWS_LC_STDALIGN_AVAILABLE=1" "-DAWS_LC_BUILTIN_SWAP_SUPPORTED=1" "-DHAVE_LINUX_RANDOM_H=1" "-o" "/tmp/apollo-artifactd-current-20261005.kFPlri/target/release/build/aws-lc-sys-ac5ab522584e0eef/out/30a9a10d3f98970e-refcount_c11.o" "-c" "/home/tihan/.cargo/registry/src/index.crates.io-1949cf8c6b5b557f/aws-lc-sys-0.45.0/aws-lc/crypto/refcount_c11.c"
  cargo:warning=/home/tihan/.cargo/registry/src/index.crates.io-1949cf8c6b5b557f/aws-lc-sys-0.45.0/aws-lc/crypto/refcount_lock.c:5: fatal error: error closing /tmp/ccTZeNtn.s: No space left on device
  cargo:warning=    5 | 
  cargo:warning=compilation terminated.
  exit status: 1
  cargo:warning=ToolExecError: command did not execute successfully (status code exit status: 1): "cc" "-O3" "-ffunction-sections" "-fdata-sections" "-fPIC" "-m64" "-std=c11" "-I" "/home/tihan/.cargo/registry/src/index.crates.io-1949cf8c6b5b557f/aws-lc-sys-0.45.0/generated-include" "-I" "/home/tihan/.cargo/registry/src/index.crates.io-1949cf8c6b5b557f/aws-lc-sys-0.45.0/include" "-I" "/home/tihan/.cargo/registry/src/index.crates.io-1949cf8c6b5b557f/aws-lc-sys-0.45.0/aws-lc/include" "-I" "/home/tihan/.cargo/registry/src/index.crates.io-1949cf8c6b5b557f/aws-lc-sys-0.45.0/aws-lc/third_party/s2n-bignum/include" "-I" "/home/tihan/.cargo/registry/src/index.crates.io-1949cf8c6b5b557f/aws-lc-sys-0.45.0/aws-lc/third_party/s2n-bignum/s2n-bignum-imported/include" "-I" "/home/tihan/.cargo/registry/src/index.crates.io-1949cf8c6b5b557f/aws-lc-sys-0.45.0/aws-lc/third_party/jitterentropy/jitterentropy-library" "-I" "/home/tihan/.cargo/registry/src/index.crates.io-1949cf8c6b5b557f/aws-lc-sys-0.45.0/aws-lc/third_party/jitterentropy/jitterentropy-library/src" "-Wall" "-Wextra" "-Wno-unused-parameter" "-pthread" "-ffile-prefix-map=/home/tihan/.cargo/registry/src/index.crates.io-1949cf8c6b5b557f/aws-lc-sys-0.45.0=" "-D_XOPEN_SOURCE=700" "-DBORINGSSL_IMPLEMENTATION=1" "-DBORINGSSL_PREFIX=aws_lc_0_45_0" "-DAWS_LC_STDALIGN_AVAILABLE=1" "-DAWS_LC_BUILTIN_SWAP_SUPPORTED=1" "-DHAVE_LINUX_RANDOM_H=1" "-o" "/tmp/apollo-artifactd-current-20261005.kFPlri/target/release/build/aws-lc-sys-ac5ab522584e0eef/out/30a9a10d3f98970e-refcount_lock.o" "-c" "/home/tihan/.cargo/registry/src/index.crates.io-1949cf8c6b5b557f/aws-lc-sys-0.45.0/aws-lc/crypto/refcount_lock.c"
  cargo:warning=/home/tihan/.cargo/registry/src/index.crates.io-1949cf8c6b5b557f/aws-lc-sys-0.45.0/aws-lc/crypto/refcount_win.c:5: fatal error: error closing /tmp/cc40GlwT.s: No space left on device
  cargo:warning=    5 | 
  cargo:warning=compilation terminated.
  exit status: 1
  cargo:warning=ToolExecError: command did not execute successfully (status code exit status: 1): "cc" "-O3" "-ffunction-sections" "-fdata-sections" "-fPIC" "-m64" "-std=c11" "-I" "/home/tihan/.cargo/registry/src/index.crates.io-1949cf8c6b5b557f/aws-lc-sys-0.45.0/generated-include" "-I" "/home/tihan/.cargo/registry/src/index.crates.io-1949cf8c6b5b557f/aws-lc-sys-0.45.0/include" "-I" "/home/tihan/.cargo/registry/src/index.crates.io-1949cf8c6b5b557f/aws-lc-sys-0.45.0/aws-lc/include" "-I" "/home/tihan/.cargo/registry/src/index.crates.io-1949cf8c6b5b557f/aws-lc-sys-0.45.0/aws-lc/third_party/s2n-bignum/include" "-I" "/home/tihan/.cargo/registry/src/index.crates.io-1949cf8c6b5b557f/aws-lc-sys-0.45.0/aws-lc/third_party/s2n-bignum/s2n-bignum-imported/include" "-I" "/home/tihan/.cargo/registry/src/index.crates.io-1949cf8c6b5b557f/aws-lc-sys-0.45.0/aws-lc/third_party/jitterentropy/jitterentropy-library" "-I" "/home/tihan/.cargo/registry/src/index.crates.io-1949cf8c6b5b557f/aws-lc-sys-0.45.0/aws-lc/third_party/jitterentropy/jitterentropy-library/src" "-Wall" "-Wextra" "-Wno-unused-parameter" "-pthread" "-ffile-prefix-map=/home/tihan/.cargo/registry/src/index.crates.io-1949cf8c6b5b557f/aws-lc-sys-0.45.0=" "-D_XOPEN_SOURCE=700" "-DBORINGSSL_IMPLEMENTATION=1" "-DBORINGSSL_PREFIX=aws_lc_0_45_0" "-DAWS_LC_STDALIGN_AVAILABLE=1" "-DAWS_LC_BUILTIN_SWAP_SUPPORTED=1" "-DHAVE_LINUX_RANDOM_H=1" "-o" "/tmp/apollo-artifactd-current-20261005.kFPlri/target/release/build/aws-lc-sys-ac5ab522584e0eef/out/30a9a10d3f98970e-refcount_win.o" "-c" "/home/tihan/.cargo/registry/src/index.crates.io-1949cf8c6b5b557f/aws-lc-sys-0.45.0/aws-lc/crypto/refcount_win.c"
  cargo:warning=/home/tihan/.cargo/registry/src/index.crates.io-1949cf8c6b5b557f/aws-lc-sys-0.45.0/aws-lc/crypto/rsa_extra/rsassa_pss_asn1.c:504:1: fatal error: error writing to /tmp/ccZa8FHb.s: No space left on device
  cargo:warning=  504 | }
  cargo:warning=      | ^
  cargo:warning=compilation terminated.
  exit status: 1
  cargo:warning=ToolExecError: command did not execute successfully (status code exit status: 1): "cc" "-O3" "-ffunction-sections" "-fdata-sections" "-fPIC" "-m64" "-std=c11" "-I" "/home/tihan/.cargo/registry/src/index.crates.io-1949cf8c6b5b557f/aws-lc-sys-0.45.0/generated-include" "-I" "/home/tihan/.cargo/registry/src/index.crates.io-1949cf8c6b5b557f/aws-lc-sys-0.45.0/include" "-I" "/home/tihan/.cargo/registry/src/index.crates.io-1949cf8c6b5b557f/aws-lc-sys-0.45.0/aws-lc/include" "-I" "/home/tihan/.cargo/registry/src/index.crates.io-1949cf8c6b5b557f/aws-lc-sys-0.45.0/aws-lc/third_party/s2n-bignum/include" "-I" "/home/tihan/.cargo/registry/src/index.crates.io-1949cf8c6b5b557f/aws-lc-sys-0.45.0/aws-lc/third_party/s2n-bignum/s2n-bignum-imported/include" "-I" "/home/tihan/.cargo/registry/src/index.crates.io-1949cf8c6b5b557f/aws-lc-sys-0.45.0/aws-lc/third_party/jitterentropy/jitterentropy-library" "-I" "/home/tihan/.cargo/registry/src/index.crates.io-1949cf8c6b5b557f/aws-lc-sys-0.45.0/aws-lc/third_party/jitterentropy/jitterentropy-library/src" "-Wall" "-Wextra" "-Wno-unused-parameter" "-pthread" "-ffile-prefix-map=/home/tihan/.cargo/registry/src/index.crates.io-1949cf8c6b5b557f/aws-lc-sys-0.45.0=" "-D_XOPEN_SOURCE=700" "-DBORINGSSL_IMPLEMENTATION=1" "-DBORINGSSL_PREFIX=aws_lc_0_45_0" "-DAWS_LC_STDALIGN_AVAILABLE=1" "-DAWS_LC_BUILTIN_SWAP_SUPPORTED=1" "-DHAVE_LINUX_RANDOM_H=1" "-o" "/tmp/apollo-artifactd-current-20261005.kFPlri/target/release/build/aws-lc-sys-ac5ab522584e0eef/out/b0fd2550ab09b04e-rsassa_pss_asn1.o" "-c" "/home/tihan/.cargo/registry/src/index.crates.io-1949cf8c6b5b557f/aws-lc-sys-0.45.0/aws-lc/crypto/rsa_extra/rsassa_pss_asn1.c"
  cargo:warning=/home/tihan/.cargo/registry/src/index.crates.io-1949cf8c6b5b557f/aws-lc-sys-0.45.0/aws-lc/crypto/rsa_extra/rsa_asn1.c:300:1: fatal error: error writing to /tmp/ccA0jUxC.s: No space left on device
  cargo:warning=  300 | }
  cargo:warning=      | ^
  cargo:warning=compilation terminated.
  exit status: 1
  cargo:warning=ToolExecError: command did not execute successfully (status code exit status: 1): "cc" "-O3" "-ffunction-sections" "-fdata-sections" "-fPIC" "-m64" "-std=c11" "-I" "/home/tihan/.cargo/registry/src/index.crates.io-1949cf8c6b5b557f/aws-lc-sys-0.45.0/generated-include" "-I" "/home/tihan/.cargo/registry/src/index.crates.io-1949cf8c6b5b557f/aws-lc-sys-0.45.0/include" "-I" "/home/tihan/.cargo/registry/src/index.crates.io-1949cf8c6b5b557f/aws-lc-sys-0.45.0/aws-lc/include" "-I" "/home/tihan/.cargo/registry/src/index.crates.io-1949cf8c6b5b557f/aws-lc-sys-0.45.0/aws-lc/third_party/s2n-bignum/include" "-I" "/home/tihan/.cargo/registry/src/index.crates.io-1949cf8c6b5b557f/aws-lc-sys-0.45.0/aws-lc/third_party/s2n-bignum/s2n-bignum-imported/include" "-I" "/home/tihan/.cargo/registry/src/index.crates.io-1949cf8c6b5b557f/aws-lc-sys-0.45.0/aws-lc/third_party/jitterentropy/jitterentropy-library" "-I" "/home/tihan/.cargo/registry/src/index.crates.io-1949cf8c6b5b557f/aws-lc-sys-0.45.0/aws-lc/third_party/jitterentropy/jitterentropy-library/src" "-Wall" "-Wextra" "-Wno-unused-parameter" "-pthread" "-ffile-prefix-map=/home/tihan/.cargo/registry/src/index.crates.io-1949cf8c6b5b557f/aws-lc-sys-0.45.0=" "-D_XOPEN_SOURCE=700" "-DBORINGSSL_IMPLEMENTATION=1" "-DBORINGSSL_PREFIX=aws_lc_0_45_0" "-DAWS_LC_STDALIGN_AVAILABLE=1" "-DAWS_LC_BUILTIN_SWAP_SUPPORTED=1" "-DHAVE_LINUX_RANDOM_H=1" "-o" "/tmp/apollo-artifactd-current-20261005.kFPlri/target/release/build/aws-lc-sys-ac5ab522584e0eef/out/b0fd2550ab09b04e-rsa_asn1.o" "-c" "/home/tihan/.cargo/registry/src/index.crates.io-1949cf8c6b5b557f/aws-lc-sys-0.45.0/aws-lc/crypto/rsa_extra/rsa_asn1.c"
  cargo:warning=/home/tihan/.cargo/registry/src/index.crates.io-1949cf8c6b5b557f/aws-lc-sys-0.45.0/aws-lc/crypto/fipsmodule/bcm.c:437:1: fatal error: error writing to /tmp/ccWXT0ch.s: No space left on device
  cargo:warning=  437 | }
  cargo:warning=      | ^
  cargo:warning=compilation terminated.
  exit status: 1
  cargo:warning=ToolExecError: command did not execute successfully (status code exit status: 1): "cc" "-O3" "-ffunction-sections" "-fdata-sections" "-fPIC" "-m64" "-std=c11" "-I" "/home/tihan/.cargo/registry/src/index.crates.io-1949cf8c6b5b557f/aws-lc-sys-0.45.0/generated-include" "-I" "/home/tihan/.cargo/registry/src/index.crates.io-1949cf8c6b5b557f/aws-lc-sys-0.45.0/include" "-I" "/home/tihan/.cargo/registry/src/index.crates.io-1949cf8c6b5b557f/aws-lc-sys-0.45.0/aws-lc/include" "-I" "/home/tihan/.cargo/registry/src/index.crates.io-1949cf8c6b5b557f/aws-lc-sys-0.45.0/aws-lc/third_party/s2n-bignum/include" "-I" "/home/tihan/.cargo/registry/src/index.crates.io-1949cf8c6b5b557f/aws-lc-sys-0.45.0/aws-lc/third_party/s2n-bignum/s2n-bignum-imported/include" "-I" "/home/tihan/.cargo/registry/src/index.crates.io-1949cf8c6b5b557f/aws-lc-sys-0.45.0/aws-lc/third_party/jitterentropy/jitterentropy-library" "-I" "/home/tihan/.cargo/registry/src/index.crates.io-1949cf8c6b5b557f/aws-lc-sys-0.45.0/aws-lc/third_party/jitterentropy/jitterentropy-library/src" "-Wall" "-Wextra" "-Wno-unused-parameter" "-pthread" "-ffile-prefix-map=/home/tihan/.cargo/registry/src/index.crates.io-1949cf8c6b5b557f/aws-lc-sys-0.45.0=" "-D_XOPEN_SOURCE=700" "-DBORINGSSL_IMPLEMENTATION=1" "-DBORINGSSL_PREFIX=aws_lc_0_45_0" "-DAWS_LC_STDALIGN_AVAILABLE=1" "-DAWS_LC_BUILTIN_SWAP_SUPPORTED=1" "-DHAVE_LINUX_RANDOM_H=1" "-o" "/tmp/apollo-artifactd-current-20261005.kFPlri/target/release/build/aws-lc-sys-ac5ab522584e0eef/out/f8e4fd781484bd36-bcm.o" "-c" "/home/tihan/.cargo/registry/src/index.crates.io-1949cf8c6b5b557f/aws-lc-sys-0.45.0/aws-lc/crypto/fipsmodule/bcm.c"
  cargo:warning=/home/tihan/.cargo/registry/src/index.crates.io-1949cf8c6b5b557f/aws-lc-sys-0.45.0/aws-lc/crypto/rsa_extra/rsa_crypt.c:561:1: fatal error: error writing to /tmp/ccRLOu7w.s: No space left on device
  cargo:warning=  561 | }
  cargo:warning=      | ^
  cargo:warning=compilation terminated.
  exit status: 1
  cargo:warning=ToolExecError: command did not execute successfully (status code exit status: 1): "cc" "-O3" "-ffunction-sections" "-fdata-sections" "-fPIC" "-m64" "-std=c11" "-I" "/home/tihan/.cargo/registry/src/index.crates.io-1949cf8c6b5b557f/aws-lc-sys-0.45.0/generated-include" "-I" "/home/tihan/.cargo/registry/src/index.crates.io-1949cf8c6b5b557f/aws-lc-sys-0.45.0/include" "-I" "/home/tihan/.cargo/registry/src/index.crates.io-1949cf8c6b5b557f/aws-lc-sys-0.45.0/aws-lc/include" "-I" "/home/tihan/.cargo/registry/src/index.crates.io-1949cf8c6b5b557f/aws-lc-sys-0.45.0/aws-lc/third_party/s2n-bignum/include" "-I" "/home/tihan/.cargo/registry/src/index.crates.io-1949cf8c6b5b557f/aws-lc-sys-0.45.0/aws-lc/third_party/s2n-bignum/s2n-bignum-imported/include" "-I" "/home/tihan/.cargo/registry/src/index.crates.io-1949cf8c6b5b557f/aws-lc-sys-0.45.0/aws-lc/third_party/jitterentropy/jitterentropy-library" "-I" "/home/tihan/.cargo/registry/src/index.crates.io-1949cf8c6b5b557f/aws-lc-sys-0.45.0/aws-lc/third_party/jitterentropy/jitterentropy-library/src" "-Wall" "-Wextra" "-Wno-unused-parameter" "-pthread" "-ffile-prefix-map=/home/tihan/.cargo/registry/src/index.crates.io-1949cf8c6b5b557f/aws-lc-sys-0.45.0=" "-D_XOPEN_SOURCE=700" "-DBORINGSSL_IMPLEMENTATION=1" "-DBORINGSSL_PREFIX=aws_lc_0_45_0" "-DAWS_LC_STDALIGN_AVAILABLE=1" "-DAWS_LC_BUILTIN_SWAP_SUPPORTED=1" "-DHAVE_LINUX_RANDOM_H=1" "-o" "/tmp/apollo-artifactd-current-20261005.kFPlri/target/release/build/aws-lc-sys-ac5ab522584e0eef/out/b0fd2550ab09b04e-rsa_crypt.o" "-c" "/home/tihan/.cargo/registry/src/index.crates.io-1949cf8c6b5b557f/aws-lc-sys-0.45.0/aws-lc/crypto/rsa_extra/rsa_crypt.c"
  exit status: 0
  exit status: 0
  exit status: 0
  exit status: 0
  exit status: 0
  exit status: 0
  exit status: 0
  exit status: 0
  exit status: 0
  exit status: 0
  exit status: 0
  exit status: 0
  exit status: 0
  exit status: 0
  exit status: 0
  exit status: 0
  exit status: 0
  exit status: 0
  exit status: 0
  exit status: 0
  exit status: 0
  exit status: 0
  exit status: 0
  exit status: 0
  exit status: 0
  exit status: 0
  exit status: 0
  exit status: 0
  exit status: 0
  exit status: 0
  exit status: 0
  exit status: 0
  exit status: 0
  exit status: 0
  exit status: 0
  exit status: 0
  exit status: 0
  exit status: 0
  exit status: 0
  exit status: 0
  exit status: 0
  exit status: 0
  exit status: 0
  exit status: 0
  exit status: 0
  exit status: 0
  exit status: 0
  exit status: 0
  exit status: 0
  exit status: 0
  exit status: 0
  exit status: 0
  exit status: 0
  exit status: 0
  exit status: 0
  exit status: 0
  exit status: 0
  exit status: 0
  exit status: 0
  exit status: 0
  exit status: 0
  exit status: 0
  exit status: 0
  exit status: 0
  exit status: 0
  exit status: 0
  exit status: 0
  exit status: 0
  exit status: 0
  exit status: 0
  exit status: 0
  exit status: 0
  exit status: 0
  exit status: 0
  exit status: 0
  exit status: 0
  exit status: 0
  exit status: 0
  exit status: 0
  exit status: 0
  exit status: 0
  exit status: 0
  exit status: 0
  exit status: 0
  exit status: 0
  exit status: 0
  exit status: 0
  exit status: 0
  exit status: 0
  exit status: 0
  exit status: 0
  exit status: 0
  exit status: 0
  exit status: 0
  exit status: 0
  exit status: 0
  exit status: 0
  exit status: 0
  exit status: 0
  exit status: 0
  exit status: 0
  exit status: 0
  exit status: 0
  exit status: 0
  exit status: 0
  exit status: 0
  exit status: 0
  exit status: 0
  exit status: 0
  exit status: 0
  exit status: 0
  exit status: 0
  exit status: 0
  exit status: 0
  exit status: 0
  exit status: 0
  exit status: 0
  exit status: 0
  exit status: 0
  exit status: 0
  exit status: 0
  exit status: 0
  exit status: 0
  exit status: 0
  exit status: 0
  exit status: 0
  exit status: 0
  exit status: 0
  exit status: 0
  exit status: 0
  exit status: 0
  cargo:warning=/home/tihan/.cargo/registry/src/index.crates.io-1949cf8c6b5b557f/aws-lc-sys-0.45.0/aws-lc/generated-src/linux-x86_64/crypto/fipsmodule/aesni-gcm-avx512.S:136469: fatal error: when writing output to /tmp/cckg4sRZ.s: No space left on device
  cargo:warning=compilation terminated.
  exit status: 1
  cargo:warning=ToolExecError: command did not execute successfully (status code exit status: 1): "cc" "-O3" "-ffunction-sections" "-fdata-sections" "-fPIC" "-m64" "-std=c11" "-I" "/home/tihan/.cargo/registry/src/index.crates.io-1949cf8c6b5b557f/aws-lc-sys-0.45.0/generated-include" "-I" "/home/tihan/.cargo/registry/src/index.crates.io-1949cf8c6b5b557f/aws-lc-sys-0.45.0/include" "-I" "/home/tihan/.cargo/registry/src/index.crates.io-1949cf8c6b5b557f/aws-lc-sys-0.45.0/aws-lc/include" "-I" "/home/tihan/.cargo/registry/src/index.crates.io-1949cf8c6b5b557f/aws-lc-sys-0.45.0/aws-lc/third_party/s2n-bignum/include" "-I" "/home/tihan/.cargo/registry/src/index.crates.io-1949cf8c6b5b557f/aws-lc-sys-0.45.0/aws-lc/third_party/s2n-bignum/s2n-bignum-imported/include" "-I" "/home/tihan/.cargo/registry/src/index.crates.io-1949cf8c6b5b557f/aws-lc-sys-0.45.0/aws-lc/third_party/jitterentropy/jitterentropy-library" "-I" "/home/tihan/.cargo/registry/src/index.crates.io-1949cf8c6b5b557f/aws-lc-sys-0.45.0/aws-lc/third_party/jitterentropy/jitterentropy-library/src" "-Wall" "-Wextra" "-Wno-unused-parameter" "-pthread" "-ffile-prefix-map=/home/tihan/.cargo/registry/src/index.crates.io-1949cf8c6b5b557f/aws-lc-sys-0.45.0=" "-D_XOPEN_SOURCE=700" "-DBORINGSSL_IMPLEMENTATION=1" "-DBORINGSSL_PREFIX=aws_lc_0_45_0" "-DAWS_LC_STDALIGN_AVAILABLE=1" "-DAWS_LC_BUILTIN_SWAP_SUPPORTED=1" "-DHAVE_LINUX_RANDOM_H=1" "-o" "/tmp/apollo-artifactd-current-20261005.kFPlri/target/release/build/aws-lc-sys-ac5ab522584e0eef/out/81d9a39ddc6b1c4e-aesni-gcm-avx512.o" "-c" "-Wa,--noexecstack" "-Wa,--debug-prefix-map=/home/tihan/.cargo/registry/src/index.crates.io-1949cf8c6b5b557f/aws-lc-sys-0.45.0=" "/home/tihan/.cargo/registry/src/index.crates.io-1949cf8c6b5b557f/aws-lc-sys-0.45.0/aws-lc/generated-src/linux-x86_64/crypto/fipsmodule/aesni-gcm-avx512.S"
  cargo:warning=/home/tihan/.cargo/registry/src/index.crates.io-1949cf8c6b5b557f/aws-lc-sys-0.45.0/aws-lc/generated-src/linux-x86_64/crypto/fipsmodule/aesni-x86_64.S:3344: fatal error: when writing output to /tmp/ccK7v9Rl.s: No space left on device
  cargo:warning=compilation terminated.
  exit status: 1
  cargo:warning=ToolExecError: command did not execute successfully (status code exit status: 1): "cc" "-O3" "-ffunction-sections" "-fdata-sections" "-fPIC" "-m64" "-std=c11" "-I" "/home/tihan/.cargo/registry/src/index.crates.io-1949cf8c6b5b557f/aws-lc-sys-0.45.0/generated-include" "-I" "/home/tihan/.cargo/registry/src/index.crates.io-1949cf8c6b5b557f/aws-lc-sys-0.45.0/include" "-I" "/home/tihan/.cargo/registry/src/index.crates.io-1949cf8c6b5b557f/aws-lc-sys-0.45.0/aws-lc/include" "-I" "/home/tihan/.cargo/registry/src/index.crates.io-1949cf8c6b5b557f/aws-lc-sys-0.45.0/aws-lc/third_party/s2n-bignum/include" "-I" "/home/tihan/.cargo/registry/src/index.crates.io-1949cf8c6b5b557f/aws-lc-sys-0.45.0/aws-lc/third_party/s2n-bignum/s2n-bignum-imported/include" "-I" "/home/tihan/.cargo/registry/src/index.crates.io-1949cf8c6b5b557f/aws-lc-sys-0.45.0/aws-lc/third_party/jitterentropy/jitterentropy-library" "-I" "/home/tihan/.cargo/registry/src/index.crates.io-1949cf8c6b5b557f/aws-lc-sys-0.45.0/aws-lc/third_party/jitterentropy/jitterentropy-library/src" "-Wall" "-Wextra" "-Wno-unused-parameter" "-pthread" "-ffile-prefix-map=/home/tihan/.cargo/registry/src/index.crates.io-1949cf8c6b5b557f/aws-lc-sys-0.45.0=" "-D_XOPEN_SOURCE=700" "-DBORINGSSL_IMPLEMENTATION=1" "-DBORINGSSL_PREFIX=aws_lc_0_45_0" "-DAWS_LC_STDALIGN_AVAILABLE=1" "-DAWS_LC_BUILTIN_SWAP_SUPPORTED=1" "-DHAVE_LINUX_RANDOM_H=1" "-o" "/tmp/apollo-artifactd-current-20261005.kFPlri/target/release/build/aws-lc-sys-ac5ab522584e0eef/out/81d9a39ddc6b1c4e-aesni-x86_64.o" "-c" "-Wa,--noexecstack" "-Wa,--debug-prefix-map=/home/tihan/.cargo/registry/src/index.crates.io-1949cf8c6b5b557f/aws-lc-sys-0.45.0=" "/home/tihan/.cargo/registry/src/index.crates.io-1949cf8c6b5b557f/aws-lc-sys-0.45.0/aws-lc/generated-src/linux-x86_64/crypto/fipsmodule/aesni-x86_64.S"
  exit status: 0
  exit status: 0
  exit status: 0
  exit status: 0
  exit status: 0
  exit status: 0
  exit status: 0
  exit status: 0
  exit status: 0
  exit status: 0
  exit status: 0
  exit status: 0
  exit status: 0
  exit status: 0
  exit status: 0
  exit status: 0
  exit status: 0
  exit status: 0

  --- stderr


  error occurred in cc-rs: command did not execute successfully (status code exit status: 1): "cc" "-O3" "-ffunction-sections" "-fdata-sections" "-fPIC" "-m64" "-std=c11" "-I" "/home/tihan/.cargo/registry/src/index.crates.io-1949cf8c6b5b557f/aws-lc-sys-0.45.0/generated-include" "-I" "/home/tihan/.cargo/registry/src/index.crates.io-1949cf8c6b5b557f/aws-lc-sys-0.45.0/include" "-I" "/home/tihan/.cargo/registry/src/index.crates.io-1949cf8c6b5b557f/aws-lc-sys-0.45.0/aws-lc/include" "-I" "/home/tihan/.cargo/registry/src/index.crates.io-1949cf8c6b5b557f/aws-lc-sys-0.45.0/aws-lc/third_party/s2n-bignum/include" "-I" "/home/tihan/.cargo/registry/src/index.crates.io-1949cf8c6b5b557f/aws-lc-sys-0.45.0/aws-lc/third_party/s2n-bignum/s2n-bignum-imported/include" "-I" "/home/tihan/.cargo/registry/src/index.crates.io-1949cf8c6b5b557f/aws-lc-sys-0.45.0/aws-lc/third_party/jitterentropy/jitterentropy-library" "-I" "/home/tihan/.cargo/registry/src/index.crates.io-1949cf8c6b5b557f/aws-lc-sys-0.45.0/aws-lc/third_party/jitterentropy/jitterentropy-library/src" "-Wall" "-Wextra" "-Wno-unused-parameter" "-pthread" "-ffile-prefix-map=/home/tihan/.cargo/registry/src/index.crates.io-1949cf8c6b5b557f/aws-lc-sys-0.45.0=" "-D_XOPEN_SOURCE=700" "-DBORINGSSL_IMPLEMENTATION=1" "-DBORINGSSL_PREFIX=aws_lc_0_45_0" "-DAWS_LC_STDALIGN_AVAILABLE=1" "-DAWS_LC_BUILTIN_SWAP_SUPPORTED=1" "-DHAVE_LINUX_RANDOM_H=1" "-o" "/tmp/apollo-artifactd-current-20261005.kFPlri/target/release/build/aws-lc-sys-ac5ab522584e0eef/out/81d9a39ddc6b1c4e-aesni-x86_64.o" "-c" "-Wa,--noexecstack" "-Wa,--debug-prefix-map=/home/tihan/.cargo/registry/src/index.crates.io-1949cf8c6b5b557f/aws-lc-sys-0.45.0=" "/home/tihan/.cargo/registry/src/index.crates.io-1949cf8c6b5b557f/aws-lc-sys-0.45.0/aws-lc/generated-src/linux-x86_64/crypto/fipsmodule/aesni-x86_64.S"


